isbn,titleNorm,uid,title
,phonicsnow,IH-ENG-0001,Phonics NOW (5단계)
,readingfuturestarter,IH-ENG-0003,Reading Future Starter (1~3)
9791157528257,smartreading1,IH-ENG-0004,Smart Reading 1
,vividreadingstarter1,IH-ENG-0005,Vivid Reading Starter 1
,efutureclassicreadersstarter,IH-ENG-0006,e-future Classic Readers Starter
9788900447156,뜯어먹는초등필수영단어1,IH-ENG-0011,뜯어먹는 초등 필수 영단어 1
9788900447170,뜯어먹는초등필수영단어2,IH-ENG-0012,뜯어먹는 초등 필수 영단어 2
9788900487138,적중반편성배치고사진단평가,IH-ENG-0013,적중 반편성 배치고사+진단평가
,초등영어자습서평가문제집,IH-ENG-0014,초등 영어 자습서+평가문제집 (22개정)
,디딤돌초등첫,IH-ENG-0015,디딤돌 초등 첫
9791162402511,자이스토리초등영어듣기평가모의고사,IH-ENG-0016,자이스토리 초등 영어 듣기 평가 모의고사
9791125947899,letsgototheenglishworld,IH-ENG-0018,LET'S GO to the English World
,파닉스letsgophonics,IH-ENG-0020,파닉스 LET'S GO Phonics
9788926993262,헬로우큐비,IH-ENG-0021,헬로우 큐비
9791188808359,alphabetkey,IH-ENG-0022,Alphabet Key
9791188808663,미국교과서읽는리딩phonics,IH-ENG-0023,미국교과서 읽는 리딩 Phonics
,steamreadingbeginner1,IH-ENG-0024,STEAM Reading Beginner 1
,wonderfulworldbasiclevel1,IH-ENG-0025,Wonderful World BASIC Level 1
9788966977505,1000basicenglishwords1,IH-ENG-0026,1000 Basic English Words 1
,collinseasylearningfirstphonicsages34,IH-ENG-0028,Collins Easy Learning First Phonics Ages 3-4
9791164061532,기적의사이트워드,IH-ENG-0030,기적의 사이트 워드
,기적의파닉스리딩,IH-ENG-0031,기적의 파닉스 리딩
9788900444223,그래머클리어스타터1,IH-ENG-0032,그래머 클리어 스타터1
9788900444247,그래머클리어스타터2,IH-ENG-0033,그래머 클리어 스타터2
,마더텅초등영어받아쓰기듣기10회모의고사,IH-ENG-0034,마더텅 초등영어 받아쓰기·듣기 10회 모의고사
,마더텅초등영문법3800제초등영문법777,IH-ENG-0035,마더텅 초등영문법 3800제 / 초등영문법 777
,자이스토리예비중등영어독해시리즈level12,IH-ENG-0036,자이스토리 예비 중등 영어 독해 시리즈 Level 1~2
,리딩와이즈starter,IH-ENG-0040,리딩 와이즈 Starter
,이그잼듣기모의고사25회lv1,IH-ENG-0041,이그잼 듣기모의고사 25회 Lv.1
,그래머와이즈starter,IH-ENG-0043,그래머 와이즈 Starter
,그래써중학영문법개념마스터lv1,IH-ENG-0044,그래써 중학 영문법 개념마스터 Lv.1
,이그잼영문법1500제lv1,IH-ENG-0045,이그잼 영문법 1500제 Lv.1
,진짜중학영문법1,IH-ENG-0046,진짜 중학 영문법 1
,똑똑한하루listening,IH-ENG-0052,똑똑한 하루 Listening
9788926983058,그래머잽,IH-ENG-0053,그래머 잽 (입문/기본/심화)
9791125966302,똑똑한하루grammar,IH-ENG-0054,똑똑한 하루 Grammar
,헬로우그래머캣,IH-ENG-0055,헬로우 그래머캣
,pop초등영어교과서영단어,IH-ENG-0056,POP 초등영어 교과서 영단어
,기적같은키즈리딩readingkey,IH-ENG-0058,기적같은 키즈 리딩 Reading Key
,미국교과서읽는리딩readingkeystarter,IH-ENG-0059,미국교과서 읽는 리딩 Reading Key Starter
,미국교과서읽는리딩readingkeystarter1,IH-ENG-0060,미국교과서 읽는 리딩 Reading Key Starter 1
,미국식으로읽는리딩readingkey,IH-ENG-0061,미국식으로 읽는 리딩 Reading Key
,키즈리딩readingkey,IH-ENG-0062,키즈 리딩 Reading Key
9791165263362,단어가읽기다,IH-ENG-0063,단어가 읽기다
9791165261337,미국교과서읽는리딩sightword1,IH-ENG-0066,미국교과서 읽는 리딩 Sight word 1
9788974577414,미국교과서읽는리딩phonics1,IH-ENG-0067,미국교과서 읽는 리딩 Phonics 1
9791165261566,미국교과서읽는리딩sightword,IH-ENG-0068,미국교과서 읽는 리딩 Sight Word
9788974574543,초등영어파닉스가스타트다1,IH-ENG-0070,초등 영어 파닉스가 스타트다 1
,초등영어파닉스가스타트다2,IH-ENG-0071,초등 영어 파닉스가 스타트다 2
,파닉스가스타트다,IH-ENG-0072,파닉스가 스타트다
,oxfordreadanddiscoverlevel1,IH-ENG-0073,Oxford Read and Discover Level 1 (300 Headwords)
,초등영어듣기평가완벽대비31,IH-ENG-0074,초등 영어듣기평가 완벽대비 3-1
9791189906290,345grammar1,IH-ENG-0075,345 Grammar 1
,ebs랑홈스쿨초등영문법1,IH-ENG-0076,EBS랑 홈스쿨 초등 영문법 1
9791166097324,iseegrammarlevel1,IH-ENG-0077,I See Grammar Level 1
,기적의영어리딩,IH-ENG-0079,기적의 영어리딩
,가장쉬운초등영어일기따라쓰기,IH-ENG-0080,가장 쉬운 초등 영어일기 따라 쓰기
9791164065165,기적의영어문장만들기,IH-ENG-0081,기적의 영어문장 만들기
,기적의영어문장쓰기,IH-ENG-0082,기적의 영어문장 쓰기
,기적의영단어,IH-ENG-0083,기적의 영단어
9788927708186,readingvoyage,IH-ENG-0084,Reading Voyage
,내공중학영어독해,IH-ENG-0085,내공 중학영어독해
9788971729267,grammarmate1,IH-ENG-0086,Grammar Mate 1
9788927780687,grammarpluswritingstart1,IH-ENG-0087,Grammar plus Writing Start 1
,디딤돌초등문법으로writing,IH-ENG-0088,디딤돌 초등 문법으로 Writing
,자이스토리예비중등영어독해,IH-ENG-0089,자이스토리 예비 중등 영어 독해
,자이스토리중등영어독해기본,IH-ENG-0090,자이스토리 중등 영어 독해 기본
,바로바로초등영문법총정리,IH-ENG-0091,바로바로 초등 영문법 총정리
,자이스토리중등영문법총정리시리즈중1중3,IH-ENG-0092,자이스토리 중등 영문법 총정리 시리즈 중1~중3
,리딩와이즈lv2,IH-ENG-0093,리딩 와이즈 Lv.2
,이그잼듣기모의고사25회lv2,IH-ENG-0094,이그잼 듣기모의고사 25회 Lv.2
,그래머와이즈lv2,IH-ENG-0095,그래머 와이즈 Lv.2
,그래써중학영문법개념마스터lv2,IH-ENG-0096,그래써 중학 영문법 개념마스터 Lv.2
,그래써중학영문법문제마스터lv1,IH-ENG-0097,그래써 중학 영문법 문제마스터 Lv.1
,그래써중학영문법문제마스터lv2,IH-ENG-0098,그래써 중학 영문법 문제마스터 Lv.2
,이그잼영문법1500제lv2,IH-ENG-0099,이그잼 영문법 1500제 Lv.2
,진짜중학영문법2,IH-ENG-0100,진짜 중학 영문법 2
,진짜중학영단어1500,IH-ENG-0104,진짜 중학 영단어 1500
,초빈출영단어중학발전,IH-ENG-0105,초빈출 영단어 중학 발전
,룩북원서읽는룩북,IH-ENG-0106,룩북 / 원서 읽는 룩북
,myvoca1800starter,IH-ENG-0107,MY VOCA 1800 Starter
9791125981220,해법신입생영어,IH-ENG-0108,해법 신입생 영어
,구문이독해다starter,IH-ENG-0110,구문이 독해다 Starter (초등)
9791188808168,미국교과서읽는리딩readingkey1,IH-ENG-0111,미국교과서 읽는 리딩 Reading Key 1
,미국교과서읽는리딩readingkeyplus,IH-ENG-0112,미국교과서 읽는 리딩 Reading Key Plus
,미국교과서읽는리딩readingkeyplus1,IH-ENG-0113,미국교과서 읽는 리딩 Reading Key Plus 1
9791188808366,미국교과서읽는리스닝스피킹listeningspeakingkey,IH-ENG-0114,미국교과서 읽는 리스닝&스피킹 Listening & Speaking Key
9791188808151,미국교과서읽는리스닝스피킹listeningspeakingkey1,IH-ENG-0115,미국교과서 읽는 리스닝&스피킹 Listening & Speaking Key 1
9791165260965,문법이쓰기다,IH-ENG-0116,문법이 쓰기다
,문법이쓰기다starter1,IH-ENG-0117,문법이 쓰기다 Starter 1
,문법이쓰기다starter2,IH-ENG-0118,문법이 쓰기다 Starter 2
,연타중학영어구문독해lv1,IH-ENG-0121,연타 중학영어 구문+독해 Lv.1
9788917243741,ilovereading1,IH-ENG-0123,I Love Reading 1
,알리go올리go독해1,IH-ENG-0125,알리GO올리GO 독해 1
,적중100중학영어듣기모의고사20회,IH-ENG-0127,적중 100% 중학 영어듣기 모의고사 20회 (LV.1)
9788917238631,timeforgrammar,IH-ENG-0130,Time for Grammar (Basic/Intermediate/Advanced/Expert)
,ybm중학영문법1,IH-ENG-0131,YBM 중학 영문법 1
,문제로풀자중학영문법,IH-ENG-0132,문제로 풀자 중학영문법 (레벨 1)
9788917235791,알리go올리go문법1,IH-ENG-0133,알리GO올리GO 문법 1
,알리go올리go서술형쓰기1,IH-ENG-0134,알리GO올리GO 서술형쓰기 1
,연타중학영어문법쓰기lv1,IH-ENG-0135,연타 중학영어 문법+쓰기 Lv.1
9788917243949,boostervoca,IH-ENG-0137,BOOSTER VOCA (중등기본/실력/완성)
9788917230406,쓰면서바로외우는중학영단어,IH-ENG-0138,쓰면서 바로 외우는 중학 영단어 (기본/완성편)
,stepbystep초등영문법독해의힘level1,IH-ENG-0140,"Step by Step 초등 영문법, 독해의 힘! LEVEL 1"
9788927707912,내공중학영어구문1,IH-ENG-0142,내공 중학영어구문 1
9788927708605,fundamentalreading,IH-ENG-0143,Fundamental Reading
,readingforsubject2nded1,IH-ENG-0144,Reading for Subject 2nd Ed 1
9788927708254,grammarvista1,IH-ENG-0145,Grammar ViSTA 1
,내신공략중학영문법,IH-ENG-0146,내신공략 중학영문법
,시험에강한중학영문법,IH-ENG-0147,시험에 강한 중학영문법
9788927707950,쓰담쓰담내신영문법1,IH-ENG-0148,쓰담쓰담 내신영문법 1
9788927780649,grammarpluswriting1,IH-ENG-0149,Grammar plus Writing 1
9788927708148,내공중학영작문1,IH-ENG-0150,내공 중학 영작문 1
,디딤돌구조독해,IH-ENG-0152,디딤돌 구조독해
,디딤돌듣기는실전이다,IH-ENG-0153,디딤돌 듣기는 실전이다
,디딤돌중학생을위한,IH-ENG-0154,디딤돌 중학생을 위한
,마더텅중학영어듣기24회모의고사1학년,IH-ENG-0155,마더텅 중학영어듣기 24회 모의고사 1학년
,마더텅중학영문법3800제스타터중학영문법3800제워크북중간기말대비편쓰기,IH-ENG-0156,마더텅 중학영문법 3800제 스타터/중학영문법 3800제/워크북/중간·기말대비편/쓰기
9791129704313,메가스터디중학영어독해level1,IH-ENG-0157,메가스터디 중학영어 독해 Level 1
,메가스터디중학영어듣기모의고사,IH-ENG-0158,메가스터디 중학영어듣기 모의고사
,listeningbitelevel1,IH-ENG-0161,Listening Bite Level 1
,미래엔교과서영어자습서평가문제집,IH-ENG-0163,미래엔 교과서 영어 자습서·평가문제집
9791175488090,올리드중등영어,IH-ENG-0164,올리드 중등 영어
,자이스토리중등포인트리딩시리즈level14,IH-ENG-0166,자이스토리 중등 포인트리딩 시리즈 Level 1~4
,자이스토리중등듣기총정리모의고사시리즈중1고1,IH-ENG-0167,자이스토리 중등 듣기 총정리 모의고사 시리즈 중1~고1
,wordmaster중등basic,IH-ENG-0168,Word Master 중등 Basic
,리딩와이즈lv3,IH-ENG-0169,리딩 와이즈 Lv.3
,이그잼듣기모의고사25회lv3,IH-ENG-0170,이그잼 듣기모의고사 25회 Lv.3
,컨셉영어듣기basic,IH-ENG-0171,컨셉 영어듣기 BASIC
,그래머와이즈lv3,IH-ENG-0172,그래머 와이즈 Lv.3
,그래써중학영문법개념마스터lv3,IH-ENG-0173,그래써 중학 영문법 개념마스터 Lv.3
,그래써중학영문법문제마스터lv3,IH-ENG-0174,그래써 중학 영문법 문제마스터 Lv.3
,이그잼영문법1500제lv3,IH-ENG-0175,이그잼 영문법 1500제 Lv.3
,라이팅와이즈lv31,IH-ENG-0176,라이팅 와이즈 Lv.3-1
,라이팅와이즈lv32,IH-ENG-0177,라이팅 와이즈 Lv.3-2
,별voca중학영단어실력,IH-ENG-0178,별 VOCA 중학 영단어 실력
,초빈출영단어중학고난도,IH-ENG-0179,초빈출 영단어 중학 고난도
,바로읽는구문독해,IH-ENG-0180,바로 읽는 구문 독해
,바로읽는배경지식독해,IH-ENG-0181,바로 읽는 배경지식 독해
,바로listening중학영어듣기모의고사,IH-ENG-0182,바로 Listening 중학영어듣기 모의고사
,바로문제푸는문법1450제,IH-ENG-0183,바로 문제 푸는 문법 1450제
,바로쓰는문법,IH-ENG-0184,바로 쓰는 문법
,3초보카중학,IH-ENG-0185,3초 보카 중학
,바로voca중학,IH-ENG-0186,바로 VOCA 중학 (기본/완성/실력)
,열공기출문제집,IH-ENG-0187,열공 기출문제집
,올백기출문제집,IH-ENG-0188,올백 기출문제집
,체크체크영어,IH-ENG-0189,체크체크 영어
9791189719470,구문이독해다,IH-ENG-0190,구문이 독해다 (초4)
,구문이독해다,IH-ENG-0191,구문이 독해다 (초5)
,미국교과서읽는리딩readingkey,IH-ENG-0192,미국교과서 읽는 리딩 Reading Key
7051862005219,미국교과서읽는리딩readingkey,IH-ENG-0193,미국교과서 읽는 리딩 Reading Key (초3)
,미국교과서읽는리딩readingkey,IH-ENG-0194,미국교과서 읽는 리딩 Reading Key (초4)
,americanschooltextbooklisteningspeaking,IH-ENG-0195,American School Textbook Listening & Speaking
,미국교과서읽는astblisteningkey1,IH-ENG-0196,미국교과서 읽는 ASTB LISTENING KEY 1
,미국교과서읽는리스닝listeningspeakingkeyk3,IH-ENG-0197,미국교과서 읽는 리스닝 LISTENING SPEAKING Key K3
,미국교과서읽는리스닝listenspeakkey,IH-ENG-0198,미국교과서 읽는 리스닝 Listen & Speak Key
,문법이쓰기다1,IH-ENG-0199,문법이 쓰기다 1
,문법이쓰기다2,IH-ENG-0200,문법이 쓰기다 2
9791189719456,단어가읽기다,IH-ENG-0201,단어가 읽기다 (초5)
7070035000231,단어가읽기다,IH-ENG-0202,단어가 읽기다 (초6)
,readingsharplv1,IH-ENG-0203,Reading Sharp(리딩샵) Lv.1
,고득점중학영어듣기모의고사202,IH-ENG-0204,고득점 중학영어 듣기모의고사 20+2 (레벨 1)
,부스터보카어원편,IH-ENG-0205,부스터 보카 어원편
,천일문starter1,IH-ENG-0206,천일문 STARTER 1
,shinoyandthechaoscrewband08purple,IH-ENG-0207,Shinoy and the Chaos Crew - Band 08 / Purple
,리더스뱅크readersbanklevel1,IH-ENG-0208,리더스뱅크 Reader's Bank Level 1
,grammarinsidelevel1,IH-ENG-0210,Grammar Inside Level 1
,mygrammarcoach기초편,IH-ENG-0211,MY GRAMMAR COACH 기초편
,grammartapalevel1,IH-ENG-0212,Grammar TAPA Level 1
,grammarclearstarter1,IH-ENG-0213,Grammar CLEAR Starter 1
,bestphonics1,IH-ENG-0214,Best Phonics 1
,oxfordphonicsworld1thealphabet,IH-ENG-0215,Oxford Phonics World 1: The Alphabet
,phonicsmonster1,IH-ENG-0216,Phonics Monster 1 (Single Letters)
,writingavenue,IH-ENG-0217,Writing Avenue
,자이스토리중등포인트리딩,IH-ENG-0218,자이스토리 중등 포인트리딩
9791162409015,독해기본,IH-ENG-0219,독해 기본
,전국연합고1영어,IH-ENG-0220,전국연합 고1 영어
,자이스토리중등영문법총정리,IH-ENG-0221,자이스토리 중등 영문법 총정리
,어법어휘기본,IH-ENG-0222,어법·어휘 기본
,wordmaster중등실력,IH-ENG-0223,Word Master 중등 실력
,다트구문독해편,IH-ENG-0224,다트 구문독해편
,신사고기본영어필수구문편,IH-ENG-0225,신사고 기본영어 필수구문편
,컨셉구문독해,IH-ENG-0226,컨셉 구문독해
,다트유형독해기본편,IH-ENG-0227,다트 유형독해 기본편
,리딩와이즈starterlv1,IH-ENG-0228,리딩 와이즈 Starter/Lv.1
,컨셉실전독해,IH-ENG-0229,컨셉 실전독해
,컨셉유형독해,IH-ENG-0230,컨셉 유형독해
,컨셉영어듣기기본모의고사30회,IH-ENG-0232,컨셉 영어듣기 기본모의고사 30회
,컨셉영어듣기유형모의고사25회,IH-ENG-0233,컨셉 영어듣기 유형모의고사 25회
,영어독해기본모의고사15회,IH-ENG-0234,영어독해 기본모의고사 15회
,영어독해약점유형모의고사20회,IH-ENG-0235,영어독해 약점유형 모의고사 20회
,영어독해종합모의고사15회,IH-ENG-0236,영어독해 종합모의고사 15회
,그래머와이즈starterlv1,IH-ENG-0237,그래머 와이즈 Starter/Lv.1
,그래머중학영문법개념마스터lv1,IH-ENG-0238,그래머 중학 영문법 개념마스터 Lv.1
,그래머중학영문법문제마스터lv1,IH-ENG-0239,그래머 중학 영문법 문제마스터 Lv.1
,다트문법편,IH-ENG-0240,다트 문법편
,신사고기본영어필수문법편,IH-ENG-0241,신사고 기본영어 필수문법편
,진짜고교영문법1,IH-ENG-0243,진짜 고교 영문법 1
,진짜고교영문법2,IH-ENG-0245,진짜 고교 영문법 2
,진짜비교영문법,IH-ENG-0246,진짜 비교영문법
,라이팅와이즈lv1132,IH-ENG-0248,라이팅 와이즈 Lv.1-1~3-2
,별voca고등어원영단어,IH-ENG-0249,별 VOCA 고등 어원 영단어
,별voca고등의미연상영단어,IH-ENG-0250,별 VOCA 고등 의미연상 영단어
,진짜고교영단어1800,IH-ENG-0251,진짜 고교 영단어 1800
,초비출영단어고교필수,IH-ENG-0252,초비출 영단어 고교 필수
,초비출영단어수능필수,IH-ENG-0253,초비출 영단어 수능 필수
,초비출영단어중학고난도,IH-ENG-0254,초비출 영단어 중학 고난도
,초비출영단어중학기본,IH-ENG-0255,초비출 영단어 중학 기본
,초비출영단어중학발전,IH-ENG-0256,초비출 영단어 중학 발전
,초빈출영단어고교필수,IH-ENG-0257,초빈출 영단어 고교 필수
9791125959601,처음만나는수능구문베이직,IH-ENG-0258,처음 만나는 수능 구문 베이직 (기본)
,listeningpop,IH-ENG-0260,Listening POP
,그래머잽심화,IH-ENG-0261,그래머 잽 심화
9791125959632,처음만나는수능어법베이직,IH-ENG-0262,처음 만나는 수능 어법 베이직(기본)
,룩북,IH-ENG-0264,룩북
9788926947210,초등영어교과서영단어,IH-ENG-0265,초등영어 교과서 영단어
9791125965701,똑똑한하루phonicsstarter,IH-ENG-0266,똑똑한 하루 Phonics Starter
,초등영어교과서파닉스,IH-ENG-0267,초등 영어교과서 파닉스
9788974574574,구문이독해다,IH-ENG-0268,구문이 독해다 (중1)
,구문이독해다,IH-ENG-0269,구문이 독해다 (중2)
,구문이독해다starter,IH-ENG-0270,구문이 독해다 Starter (초6)
9791165269661,americanschooltextbookreadingkey,IH-ENG-0271,American School Textbook Reading Key
9791165260354,고공행진중학영어독해1,IH-ENG-0272,고공행진 중학 영어 독해 1
,고공행진중학영어독해2,IH-ENG-0273,고공행진 중학 영어 독해 2
,미국교과서읽는리딩astbreadingkey,IH-ENG-0274,미국교과서 읽는 리딩 ASTB READING KEY (중2)
,미국교과서읽는리딩astbreadingkey,IH-ENG-0275,미국교과서 읽는 리딩 ASTB READING KEY (중3)
,미국교과서읽는리딩astbreadingkey1,IH-ENG-0276,미국교과서 읽는 리딩 ASTB READING KEY 1 (중1)
,미국교과서읽는리딩astbreadingkey1,IH-ENG-0277,미국교과서 읽는 리딩 ASTB READING KEY 1 (초5)
,강성태중학필수영문법1,IH-ENG-0278,강성태 중학 필수 영문법 1
,강성태중학필수영문법2,IH-ENG-0279,강성태 중학 필수 영문법 2
9791165260392,고공행진중학영문법1,IH-ENG-0280,고공행진 중학 영문법 1
,고공행진중학영문법2,IH-ENG-0281,고공행진 중학 영문법 2
9791189719487,문법이내신이다1,IH-ENG-0282,문법이 내신이다 1
,문법이내신이다2,IH-ENG-0283,문법이 내신이다 2
,문법이쓰기다,IH-ENG-0284,문법이 쓰기다 (중1)
,문법이쓰기다,IH-ENG-0285,문법이 쓰기다 (중2)
,문법이쓰기다3,IH-ENG-0286,문법이 쓰기다 3
9791188808755,문법이쓰기다서술형,IH-ENG-0287,문법이 쓰기다 서술형 (중1)
9791188808762,문법이쓰기다서술형,IH-ENG-0288,문법이 쓰기다 서술형 (중2)
,서술형전략이다1,IH-ENG-0289,서술형 전략이다 1
,서술형전략이다2,IH-ENG-0290,서술형 전략이다 2
9791165263379,단어가읽기다,IH-ENG-0291,단어가 읽기다 (중2)
,미국교과서읽는영단어key1,IH-ENG-0292,미국교과서 읽는 영단어 KEY 1
,미국교과서읽는영단어key2,IH-ENG-0293,미국교과서 읽는 영단어 KEY 2
,미국교과서읽는영단어key3,IH-ENG-0294,미국교과서 읽는 영단어 KEY 3
,미국교과서읽는영단어key4,IH-ENG-0295,미국교과서 읽는 영단어 KEY 4
,미국교과서읽는영단어key5,IH-ENG-0296,미국교과서 읽는 영단어 KEY 5
,미국교과서읽는영단어key6,IH-ENG-0297,미국교과서 읽는 영단어 KEY 6
,중학단어가읽기다,IH-ENG-0298,중학 단어가 읽기다 (중1)
,키중학영단어,IH-ENG-0299,키 중학 영단어 (예비중~중2)
,키중학영단어,IH-ENG-0300,키 중학 영단어 (중2~예비고)
,중학열공법,IH-ENG-0301,중학 열공법 (명쾌한 문제 대공략)
,초간단수능영어구문편,IH-ENG-0302,초간단 수능영어 구문편 (입문/기본/실전)
,초간단수능영어유형편,IH-ENG-0303,초간단 수능영어 유형편 (입문/기본/실전)
,grammarsharp,IH-ENG-0304,Grammar Sharp (기초/기본 1~2/완성)
,초간단수능영어문법편,IH-ENG-0305,초간단 수능영어 문법편 (입문/기본/실전)
,1316readinglevel1,IH-ENG-0306,1316 Reading Level 1
,readingpower중학level1,IH-ENG-0307,Reading POWER 중학 LEVEL 1
,리딩플랫폼1intro,IH-ENG-0308,리딩 플랫폼 1: Intro
,중학영어듣기능력평가완벽대비중1,IH-ENG-0309,중학 영어듣기능력평가 완벽대비 중1
,1316grammarlevel1,IH-ENG-0310,1316 GRAMMAR Level 1
9781599662961,activeenglishgrammar2ndedition1,IH-ENG-0311,Active English Grammar 2nd Edition 1
,grammarqstarter1,IH-ENG-0312,Grammar Q Starter 1
,grammarinlevel1a,IH-ENG-0313,Grammar In (그래머인) Level 1-A
,mywritingcoach내신서술형중1,IH-ENG-0314,MY WRITING COACH 내신서술형 중1
,완자vocapick중등수능기본,IH-ENG-0315,완자 VOCA PICK 중등수능 기본
9791162409008,독해완성,IH-ENG-0380,독해 완성
,자이스토리중등듣기총정리모의고사,IH-ENG-0381,자이스토리 중등 듣기 총정리 모의고사
,전국연합고2영어,IH-ENG-0382,전국연합 고2 영어
9791162409060,어법어휘완성,IH-ENG-0383,어법·어휘 완성
,wordmaster중등고난도,IH-ENG-0384,Word Master 중등 고난도
,다트유형독해실전편,IH-ENG-0385,다트 유형독해 실전편
,컨셉영어듣기종합모의고사40회,IH-ENG-0386,컨셉 영어듣기 종합모의고사 40회
,컨셉영어독해기본모의고사15회,IH-ENG-0387,컨셉 영어독해 기본모의고사 15회
,컨셉영어독해종합모의고사15회,IH-ENG-0388,컨셉 영어독해 종합모의고사 15회
,초빈출영단어수능필수,IH-ENG-0389,초빈출 영단어 수능 필수
9791125959571,처음만나는수능구문,IH-ENG-0390,처음 만나는 수능 구문 (스타터 입문/베이직 기본)
9791125959618,처음만나는수능어법,IH-ENG-0391,처음 만나는 수능 어법 (스타터 입문/베이직 기본)
,구문이독해다,IH-ENG-0392,구문이 독해다 (중3)
,중학영어구문이독해다,IH-ENG-0393,중학영어 구문이 독해다
,강성태영독해속독편,IH-ENG-0394,강성태 영독해 속독편
,고공행진중학영어독해3,IH-ENG-0395,고공행진 중학 영어 독해 3
,고공행진중학영어독해reading,IH-ENG-0396,고공행진 중학영어독해 READING
,매일3단계로푸는영어독해,IH-ENG-0397,매일 3단계로 푸는 영어독해 (입문)
,매3영,IH-ENG-0398,매3영 (중3 단계)
,매3영전국연합학력평가기출,IH-ENG-0399,매3영 전국연합 학력평가 기출 (고1)
9791189719005,강성태영문법필수편,IH-ENG-0400,강성태 영문법 필수편
,강성태중학필수영문법,IH-ENG-0401,강성태 중학 필수 영문법
,고공행진중학영문법3,IH-ENG-0402,고공행진 중학 영문법 3
,고공행진중학영문법grammar,IH-ENG-0403,고공행진 중학영문법 GRAMMAR
,문법이내신이다3,IH-ENG-0404,문법이 내신이다 3
,문법이쓰기다,IH-ENG-0405,문법이 쓰기다 (중3)
9791188808779,문법이쓰기다서술형,IH-ENG-0406,문법이 쓰기다 서술형 (중3)
,중학열공법,IH-ENG-0407,중학 열공법 (열+공부+문제+대공략)
,중학영문법문법이내신이다,IH-ENG-0408,중학영문법 문법이 내신이다
,중학영문법문법이쓰기다,IH-ENG-0409,중학영문법 문법이 쓰기다
,고등서술형전략이다,IH-ENG-0410,고등 서술형 전략이다
,문법이쓰기다서술형,IH-ENG-0411,문법이 쓰기다 서술형
,서술형전략이다3,IH-ENG-0412,서술형 전략이다 3
,중학신전영어서술형전략이다,IH-ENG-0413,중학신전영어 서술형 전략이다
,americanschooltextbookvocabularykey,IH-ENG-0414,American School Textbook Vocabulary Key
,vocabularykey,IH-ENG-0415,Vocabulary Key
,강성태영단어어원편,IH-ENG-0416,강성태 영단어 어원편
,고등단어가읽기다,IH-ENG-0417,고등 단어가 읽기다
9788974574956,단어가읽기다,IH-ENG-0418,단어가 읽기다 (중3)
,키출판사중학영단어,IH-ENG-0419,키출판사 중학 영단어
,booster구문독해,IH-ENG-0420,BOOSTER 구문독해 (개정)
,수직상승빈출구문,IH-ENG-0421,수직상승 빈출구문
,핵심으로직진하는구문비법기본핵심,IH-ENG-0422,핵심으로 직진하는 구문비법 <기본>/<핵심>
,booster유형독해,IH-ENG-0423,BOOSTER 유형독해 (개정)
,readingprime5,IH-ENG-0424,Reading Prime 5
,호락호락수능영어독해유형구문,IH-ENG-0425,호락호락 수능영어 독해 유형*구문
,listeningbooster기본듣기모의고사20회,IH-ENG-0426,Listening Booster 기본 듣기 모의고사 20회
,newlisteningbooster영어듣기모의고사25회40회,IH-ENG-0427,NEW LISTENING BOOSTER 영어듣기 모의고사 25회/40회
,readingbooster기본영어독해모의고사102회,IH-ENG-0428,Reading Booster <기본> 영어독해 모의고사 10+2회
,booster어법어휘,IH-ENG-0429,BOOSTER 어법어휘 (개정)
,수직상승고등영문법,IH-ENG-0430,수직상승 고등영문법
,수직상승빈출어법,IH-ENG-0431,수직상승 빈출어법
,wordpot기본편,IH-ENG-0432,WORD POT 기본편
,ybmvoca어원,IH-ENG-0433,YBM VOCA 어원
,부스터보카고교내신,IH-ENG-0434,부스터 보카 고교 내신
,마법같은블록구문기본편,IH-ENG-0435,마법같은 블록구문 기본편
,천문장입문,IH-ENG-0436,천문장 입문
,ebseltbigcatband1fullpackage,IH-ENG-0437,EBS ELT Big Cat Band 1 Full Package
,readingdiscovery1,IH-ENG-0438,Reading Discovery 1
,수능트레이닝유형기본편,IH-ENG-0439,수능 트레이닝 유형 기본편 (유형편)
,마더텅고등영어듣기24회모의고사고1고2,IH-ENG-0440,마더텅 고등영어듣기 24회 모의고사 고1/고2
,마더텅전국연합학력평가기출문제집고1영어독해듣기어법어휘,IH-ENG-0441,마더텅 전국연합 학력평가 기출문제집 고1 영어 독해/듣기/어법·어휘
,마더텅고교영문법3300제,IH-ENG-0442,마더텅 고교영문법 3300제
,메가스터디수능영어듣기모의고사,IH-ENG-0443,메가스터디 수능 영어 듣기 모의고사
,메가스터디수능기출올픽영어영역듣기,IH-ENG-0444,메가스터디 수능기출 올픽 영어영역 듣기
,n기출영어영역고1전국연합,IH-ENG-0445,N기출 영어영역 고1 전국연합
,xistory영어독해실전,IH-ENG-0446,Xi STORY 영어 독해 실전
,자이스토리영어독해기본,IH-ENG-0448,자이스토리 영어 독해 기본
,듣기기본모의고사,IH-ENG-0449,듣기 기본 모의고사
,연도별모의고사고3영어,IH-ENG-0450,연도별 모의고사 고3 영어
,전국연합고1영어,IH-ENG-0451,전국연합 고1 영어 (기출)
,고등영문법기본,IH-ENG-0452,고등 영문법 기본
,자이스토리어법어휘기본,IH-ENG-0453,자이스토리 어법어휘 기본
9791162409084,어법어휘실전,IH-ENG-0454,어법·어휘 실전
,531project영어독해,IH-ENG-0455,531 PROJECT 영어 독해
,기출의바이블영어영역듣기,IH-ENG-0456,기출의 바이블 영어영역 듣기
,531project영어어법어휘,IH-ENG-0457,531 PROJECT 영어 어법·어휘
,wordmaster고등basic,IH-ENG-0458,Word Master 고등 Basic
,컨셉영어듣기실전모의고사35회,IH-ENG-0459,컨셉 영어듣기 실전모의고사 35회
,컨셉영어독해약점유형모의고사20회,IH-ENG-0460,컨셉 영어독해 약점유형 모의고사 20회
,진학사화이트라벨영어영역,IH-ENG-0461,진학사 화이트라벨 영어영역
,블랙라벨voca,IH-ENG-0462,블랙라벨 VOCA
,3초보카고등,IH-ENG-0463,3초보카 고등
,매3영수능기출,IH-ENG-0464,매3영 수능 기출 (고3)
,매3영전국연합학력평가기출,IH-ENG-0465,매3영 전국연합 학력평가 기출 (고2)
9791189719494,문법이내신이다,IH-ENG-0466,문법이 내신이다
,서술형전략이다,IH-ENG-0467,서술형 전략이다
,readingsharplv3,IH-ENG-0468,Reading Sharp Lv.3
,초간단수능영어빈칸추론편,IH-ENG-0469,초간단 수능영어 빈칸추론편
,readingbooster영어독해모의고사15회,IH-ENG-0470,Reading Booster 영어독해 모의고사 15회
,wordpot수능어휘빈출어람,IH-ENG-0471,WORD POT 수능 어휘 빈출어람
,부스터보카수능,IH-ENG-0472,부스터 보카 수능
,ebs정승익의수능개념잡는대박구문,IH-ENG-0473,EBS 정승익의 수능 개념 잡는 대박구문
,thereadingplayer개념편,IH-ENG-0475,The Reading Player 개념편
,빠른독해바른독해기초세우기,IH-ENG-0476,빠른독해 바른독해 기초세우기
,주혜연의해석공식논리구조편,IH-ENG-0477,주혜연의 해석공식 논리 구조편
,수능유형pick독해기본,IH-ENG-0478,수능유형 PICK 독해 기본
,수능특강영어,IH-ENG-0479,수능특강 영어(영어)
,어법끝start,IH-ENG-0480,어법끝 START
,ebsvocapower고교필수어휘2500,IH-ENG-0481,EBS Voca Power 고교필수어휘 2500
,수능연계기출vaccinevoca2200,IH-ENG-0482,수능연계 기출 Vaccine VOCA 2200
,ebs수능연계교재의voca1800,IH-ENG-0483,EBS 수능연계교재의 VOCA 1800
,디딤돌수능독해,IH-ENG-0484,디딤돌 수능독해
,마더텅전국연합학력평가기출문제집고2영어독해듣기어법어휘,IH-ENG-0485,마더텅 전국연합 학력평가 기출문제집 고2 영어 독해/듣기/어법·어휘
,메가스터디n제영어영역독해,IH-ENG-0486,메가스터디 N제 영어영역 독해
,메가스터디수능기출올픽영어영역독해,IH-ENG-0487,메가스터디 수능기출 올픽 영어영역 독해
9791129711281,메가스터디n제영어영역어법어휘,IH-ENG-0488,메가스터디 N제 영어영역 어법·어휘
,메가스터디수능기출올픽영어영역어법어휘,IH-ENG-0489,메가스터디 수능기출 올픽 영어영역 어법·어휘
,n기출영어영역고2전국연합,IH-ENG-0490,N기출 영어영역 고2 전국연합
,자이스토리영어독해완성,IH-ENG-0542,자이스토리 영어 독해 완성
,듣기완성모의고사,IH-ENG-0543,듣기 완성 모의고사
,전국연합고2영어,IH-ENG-0544,전국연합 고2 영어 (기출)
,자이스토리어법어휘완성,IH-ENG-0545,자이스토리 어법어휘 완성
,기출의바이블영어영역독해,IH-ENG-0546,기출의 바이블 영어영역 독해
,wordmaster수능2000,IH-ENG-0547,Word Master 수능 2000
,진학사블랙라벨영어영역,IH-ENG-0548,진학사 블랙라벨 영어영역
,3초보카수능편,IH-ENG-0549,3초보카 수능편
,매3영1단계독해,IH-ENG-0550,매3영 1단계 독해
,매3영1단계어법,IH-ENG-0551,매3영 1단계 어법
,초간단수능영어3점문항,IH-ENG-0552,초간단 수능영어 3점문항
,powerreading1,IH-ENG-0553,Power Reading 1
,쎄듀빈순삽함전략편,IH-ENG-0554,쎄듀 빈순삽함 전략편
,올림포스고급영어독해영미문학읽기,IH-ENG-0555,올림포스 고급영어독해 영미 문학 읽기
,수능완성영어영역영어,IH-ENG-0556,수능완성 영어영역 영어
,마더텅수능영어듣기35회실전모의고사,IH-ENG-0557,마더텅 수능영어듣기 35회 실전모의고사
,마더텅수능기출모의고사영어영역,IH-ENG-0558,마더텅 수능기출 모의고사 영어 영역
,마더텅수능기출문제집고3영어독해듣기어법어휘,IH-ENG-0559,마더텅 수능기출문제집 고3 영어 독해/듣기/어법·어휘
,n기출영어영역고3평가원수능,IH-ENG-0560,N기출 영어영역 고3 평가원·수능
9791162409077,자이스토리영어독해실전,IH-ENG-0561,자이스토리 영어 독해 실전 (Xi STORY)
,듣기실전모의고사,IH-ENG-0562,듣기 실전 모의고사
,연도별모의고사고3영어,IH-ENG-0563,연도별 모의고사 고3 영어 (기출)
,자이스토리어법어휘실전,IH-ENG-0564,자이스토리 어법어휘 실전
,wordmasterebs파이널,IH-ENG-0565,Word Master EBS 파이널
,wordmaster하이퍼2000,IH-ENG-0566,Word Master 하이퍼 2000
,매3영문장구조구문독해,IH-ENG-0567,매3영 문장구조 구문독해
9791189719050,강성태영어독해,IH-ENG-0568,강성태 영어독해
,매3영고1전국연합학력평가기출,IH-ENG-0569,매3영 고1 전국연합 학력평가 기출
,고등영어내신어법서술형전략이다,IH-ENG-0571,고등영어 내신 어법 서술형 전략이다
,강성태영단어,IH-ENG-0572,강성태 영단어
,고등영단어단어가읽기다,IH-ENG-0573,고등영단어 단어가 읽기다
,수능영어빈출기출영단어가전략이다,IH-ENG-0574,수능영어 빈출&기출 영단어가 전략이다
,마더텅수능기출고난도미니모의고사영어영역,IH-ENG-0575,마더텅 수능기출 고난도 미니모의고사 영어 영역
,고난도영어독해,IH-ENG-0576,고난도 영어 독해
,매3영빈순삽,IH-ENG-0577,매3영 빈순삽 (빈칸·순서·삽입)
,매3영유형별전략독해,IH-ENG-0578,매3영 유형별 전략 독해
,매3영고2전국연합학력평가기출,IH-ENG-0579,매3영 고2 전국연합 학력평가 기출
,매3영고3수능기출,IH-ENG-0580,매3영 고3 수능 기출
,매3영기출하프,IH-ENG-0581,매3영 기출 하프
,매3영어법어휘,IH-ENG-0582,매3영 어법어휘
,리딩튜터,IH-ENG-0583,리딩튜터 (Reading Tutor)
,주니어리딩튜터,IH-ENG-0584,주니어 리딩튜터 (Junior Reading Tutor)
,능률voca,IH-ENG-0585,능률 VOCA (어원편/실력/수능)
,그래머존,IH-ENG-0586,그래머 존 (Grammar Zone)
,thisisgrammar,IH-ENG-0587,This is Grammar (디스 이즈 그래머)
,thisisreading,IH-ENG-0588,This is Reading (디스 이즈 리딩)
,readinginside,IH-ENG-0589,Reading Inside (리딩 인사이드)
,리스닝튜터굿모닝리스닝,IH-ENG-0590,리스닝튜터/굿모닝 리스닝 (Listening Tutor)
,쎄듀첫단추,IH-ENG-0591,쎄듀 첫단추 (독해/문법/모의)
,쎄듀어휘끝,IH-ENG-0592,쎄듀 어휘끝
,쎄듀리딩릴레이,IH-ENG-0593,쎄듀 리딩 릴레이 (Reading Relay)
,bricksreadinglisteningphonics,IH-ENG-0594,Bricks (브릭스) Reading/Listening/Phonics
,subjectlink,IH-ENG-0595,Subject Link (서브젝트 링크)
,insightreading,IH-ENG-0596,Insight Reading (인사이트 리딩)
,굿모닝독해,IH-ENG-0597,굿모닝 독해 (Good Morning Reading)
,동아백점셀파중등영어,IH-ENG-0598,동아 백점/셀파 중등 영어
,그래머게이트웨이,IH-ENG-0599,그래머 게이트웨이 (Grammar Gateway)
,해커스그래머보카,IH-ENG-0600,해커스 그래머/보카 (수능·내신)
,우공비중등영어,IH-ENG-0601,우공비 중등 영어
,한끝중등영어,IH-ENG-0602,한끝 중등 영어
,오마이그래머,IH-ENG-0603,오 마이 그래머 (Oh My Grammar)
,readingexpert,IH-ENG-0604,Reading Expert (리딩 엑스퍼트)
,보카바이블,IH-ENG-0605,보카바이블 (Voca Bible)
,쎄듀빈칸백서,IH-ENG-0606,쎄듀 빈칸백서
,구문현답,IH-ENG-0607,구문현답 (메가 이명학)
,리딩의기술,IH-ENG-0608,리딩의 기술
,100발100중중등영어,IH-ENG-0609,100발 100중 중등 영어
,쎄듀특급,IH-ENG-0610,쎄듀 특급 (단기독해/듣기)
,ebs독해의기초올림포스독해,IH-ENG-0611,EBS 독해의 기초/올림포스 독해
,readingtown,IH-ENG-0612,Reading Town (리딩 타운)
9781421716428,vocabularyworkshop,IH-ENG-0613,Vocabulary Workshop (Sadlier-Oxford)
9780838877029,wordlywise3000,IH-ENG-0614,Wordly Wise 3000
9781640151338,4000essentialenglishwords,IH-ENG-0615,4000 Essential English Words
9781524710712,wordsmart,IH-ENG-0616,Word Smart (Princeton Review)
9780877798552,merriamwebstersvocabularybuilder,IH-ENG-0617,Merriam-Webster's Vocabulary Builder
9781936551224,directhitscorevocabulary,IH-ENG-0618,Direct Hits Core Vocabulary (SAT)
9780521269599,grammarinuse,IH-ENG-0619,"Grammar in Use (Cambridge, Murphy)"
9780134275260,understandingandusingenglishgrammar,IH-ENG-0620,Understanding and Using English Grammar (Azar)
9798214580364,readingexplorer,IH-ENG-0621,Reading Explorer (NatGeo/Cengage)
9780194819022,qskillsforsuccess,IH-ENG-0622,Q: Skills for Success (Oxford)
9781009031394,unlock,IH-ENG-0623,Unlock (Cambridge)
9780135226964,northstar,IH-ENG-0624,NorthStar (Pearson)
9780194789264,oxfordbookwormslibrary,IH-ENG-0625,Oxford Bookworms Library (원서 리딩)
9780241397893,penguinreaders,IH-ENG-0626,Penguin Readers (원서 리딩)
9780205309023,theelementsofstyle,IH-ENG-0627,The Elements of Style (Strunk & White)
9780393924091,theysayisay,IH-ENG-0628,They Say / I Say (학술 글쓰기)
9780136838630,longmanacademicwriting,IH-ENG-0629,Longman Academic Writing
9781457316708,theofficialsatstudyguide,IH-ENG-0630,The Official SAT Study Guide (College Board)
9781438076904,barronsapenglishlanguage,IH-ENG-0631,Barron's AP English Language
,md33000필수어휘,IH-ENG-0633,MD 33000 필수어휘 (국내 고난도)
,거로보카,IH-ENG-0634,거로보카 (수능·편입 고난도)
,1100wordsyouneedtoknow,IH-ENG-0635,1100 Words You Need to Know
,wordpowermadeeasy,IH-ENG-0636,Word Power Made Easy
,vocabularyforthecollegeboundstudent,IH-ENG-0637,Vocabulary for the College-Bound Student
,tepsvoca,IH-ENG-0638,TEPS VOCA (서울대·넥서스)
,해커스토익보카,IH-ENG-0639,해커스 토익(TOEIC) 보카
,ets토익기출보카,IH-ENG-0640,ETS 토익(TOEIC) 기출 보카
,해커스토플보카,IH-ENG-0641,해커스 토플(TOEFL) 보카
,barronstoeflvocabulary,IH-ENG-0642,Barron's TOEFL Vocabulary
,gre어휘,IH-ENG-0643,GRE 어휘 (Barron's/Manhattan)
,barronssat1100words,IH-ENG-0644,Barron's SAT 1100 Words
,familyandfriends,IH-ENG-0645,Family and Friends (2nd Edition)
,everybodyup,IH-ENG-0646,Everybody Up (2nd Edition)
,grammarfriends,IH-ENG-0647,Grammar Friends
,oxfordreadanddiscover,IH-ENG-0648,Oxford Read and Discover
,oxfordreadandimagine,IH-ENG-0649,Oxford Read and Imagine
9780194387552,newheadway,IH-ENG-0650,New Headway
9780194906395,englishfile,IH-ENG-0651,English File (5th Edition)
,grammarsense,IH-ENG-0652,Grammar Sense (2nd Edition)
,cambridgelittlesteps,IH-ENG-0653,Cambridge Little Steps
,kidsbox,IH-ENG-0654,Kid's Box
,superminds,IH-ENG-0655,Super Minds
,guesswhat,IH-ENG-0656,Guess What!
9788996245544,powerup,IH-ENG-0657,Power Up
9798893310153,think,IH-ENG-0658,Think
,eyesopen,IH-ENG-0659,Eyes Open
,uncover,IH-ENG-0660,Uncover
,interchange,IH-ENG-0661,Interchange
,fourcorners,IH-ENG-0662,Four Corners
,evolve,IH-ENG-0663,Evolve
,cambridgeenglishempower,IH-ENG-0664,Cambridge English Empower
,englishvocabularyinuse,IH-ENG-0665,English Vocabulary in Use
,cambridgeenglishreaders,IH-ENG-0666,Cambridge English Readers
,cambridgeexperiencereaders,IH-ENG-0667,Cambridge Experience Readers
,cambridgeprepare,IH-ENG-0668,Cambridge Prepare
,compact,IH-ENG-0669,Compact (First / Advanced)
,complete,IH-ENG-0670,Complete (IELTS / First / Advanced)
,bigenglishbigenglishplus,IH-ENG-0671,Big English / Big English Plus
,ourdiscoveryisland,IH-ENG-0672,Our Discovery Island
9781629797632,bigfun,IH-ENG-0673,Big Fun
,longmancornerstone,IH-ENG-0674,Longman Cornerstone
4800071788625,sidebyside,IH-ENG-0675,Side by Side (Third Edition)
,mygrammarlab,IH-ENG-0676,MyGrammarLab
,longmanacademicreading,IH-ENG-0677,Longman Academic Reading
,longmanpreparationcourseforthetoeflibttest,IH-ENG-0678,Longman Preparation Course for the TOEFL iBT Test
,longmanpreparationseriesforthetoeictest,IH-ENG-0679,Longman Preparation Series for the (New) TOEIC Test
,longmanjoyfulphonics,IH-ENG-0680,Longman Joyful Phonics
,ourworld,IH-ENG-0681,Our World
9780357446119,look,IH-ENG-0682,Look
,timezones,IH-ENG-0683,Time Zones
,impact,IH-ENG-0684,Impact
9788954796767,closeup,IH-ENG-0685,Close-Up
,worldenglish,IH-ENG-0686,World English
9781250750563,life,IH-ENG-0687,Life
,outcomes,IH-ENG-0688,Outcomes
,pathways,IH-ENG-0689,Pathways
9781111350918,grammarexplorer,IH-ENG-0690,Grammar Explorer
,eflphonics3rdedition,IH-ENG-0691,EFL Phonics 3rd Edition
,speedphonics,IH-ENG-0692,Speed Phonics
,smartenglish,IH-ENG-0693,Smart English
,handinhand,IH-ENG-0694,Hand in Hand
,myfirstgrammar2ndedition,IH-ENG-0695,My First Grammar 2nd Edition
,mynextgrammar2ndedition,IH-ENG-0696,My Next Grammar 2nd Edition
,thegrammar,IH-ENG-0697,The Grammar (개정판)
,readingworld2ndedition,IH-ENG-0698,Reading World 2nd Edition
,listenuplistenupplusnewedition,IH-ENG-0699,Listen Up / Listen Up Plus New Edition
,myfirstwriting2ndedition,IH-ENG-0700,My First Writing 2nd Edition
,mynextwriting,IH-ENG-0701,My Next Writing
,smartphonicsreaders,IH-ENG-0702,Smart Phonics Readers
,allaboutteps,IH-ENG-0703,All about TEPS (개정판)
,readingmonster,IH-ENG-0704,Reading Monster
,listeningjuice,IH-ENG-0705,Listening Juice (for Junior / Jump)
,readyaction,IH-ENG-0706,"Ready, Action!"
,hifive,IH-ENG-0707,Hi Five
,boostup,IH-ENG-0708,Boost Up
,smartup,IH-ENG-0709,Smart Up
,speakupspeakupplus,IH-ENG-0710,Speak Up / Speak Up Plus
,thebestreading,IH-ENG-0711,The Best Reading
,thebestgrammarthebestgrammarplus,IH-ENG-0712,The Best Grammar / The Best Grammar PLUS
,thebestwriting,IH-ENG-0713,The Best Writing
,writingmonster,IH-ENG-0714,Writing Monster
,alistgrammar,IH-ENG-0715,A*List Grammar (중학)
,alistvoca,IH-ENG-0716,A*List VOCA
,alist메타보카,IH-ENG-0717,A*List 메타보카 (수능/고등)
,onpoint,IH-ENG-0718,On Point
,schoolsubjectreadings,IH-ENG-0719,School Subject Readings
,1000basicenglishwords,IH-ENG-0720,1000 Basic English Words
,grammargalaxy,IH-ENG-0721,Grammar Galaxy
,grammarstarter,IH-ENG-0722,Grammar Starter
,skillsforlistening,IH-ENG-0723,Skills for Listening
,talkalot,IH-ENG-0724,Talk a Lot
,writingframework,IH-ENG-0725,Writing Framework
,buildingskillsforthetoeflibt,IH-ENG-0726,Building Skills for the TOEFL iBT
,comeonphonics,IH-ENG-0727,"Come On, Phonics"
,juniorreadingexpert,IH-ENG-0728,Junior Reading Expert
,juniorlisteningexpert,IH-ENG-0729,Junior Listening Expert
,insightlink,IH-ENG-0730,Insight Link
,listeningexpert,IH-ENG-0731,Listening Expert
,readit,IH-ENG-0732,Read It!
,거의모든표현의영어,IH-ENG-0733,거의 모든 표현의 영어 (거의 모든 일상/행동/숫자 표현의 영어)
,영어회화의결정적단어들구동사들표현들,IH-ENG-0734,영어 회화의 결정적 단어들 / 구동사들 / 표현들
,영어낭독훈련100일영어낭독훈련실천다이어리,IH-ENG-0735,영어 낭독훈련 100일 / 영어 낭독훈련 실천 다이어리
,영어암송훈련,IH-ENG-0736,영어 암송훈련
,영어로문장만들기훈련,IH-ENG-0737,영어로 문장 만들기 훈련 (1·2·3차 임계점)
,영어회화패턴훈련영어회화기초패턴먼저훈련,IH-ENG-0738,영어 회화 패턴 훈련 / 영어 회화 기초 패턴 먼저 훈련
,비즈니스영어회화표현훈련,IH-ENG-0739,비즈니스 영어회화 표현훈련
,여행자의영어mustcarry,IH-ENG-0740,여행자의 영어 Must Carry
,초등영어문장만들기가먼저다,IH-ENG-0741,초등영어 문장만들기가 먼저다
,초등영어쓰기시리즈,IH-ENG-0742,초등 영어 쓰기 시리즈 (전3권)
,myfirstreadingmynextreading,IH-ENG-0743,My First Reading / My Next Reading
,happyreaders,IH-ENG-0744,Happy Readers
,happyhousephonics,IH-ENG-0745,Happy House Phonics (Big Step / Hello Phonics)
9788956559179,icanreadenglish,IH-ENG-0746,I Can Read English! (Reading Pro)
9798886680003,topphonics,IH-ENG-0747,Top Phonics
,topkids,IH-ENG-0748,Top Kids
,funreadingeasyfunreading,IH-ENG-0749,Fun Reading / Easy Fun Reading
,brainbank,IH-ENG-0750,Brain Bank
,sightwords100,IH-ENG-0751,Sight Words 100
,bricksreading,IH-ENG-0752,Bricks Reading
,bricksphonics,IH-ENG-0753,Bricks Phonics
,brickslistening,IH-ENG-0754,Bricks Listening
9788964359037,bricksintensivereading14,IH-ENG-0755,Bricks Intensive Reading 1~4
9781337115834,grammarforgreatwriting13,IH-ENG-0759,Grammar for Great Writing 1~3
9788959976188,writeright,IH-ENG-0760,Write Right (Beginner~Intermediate/Master)
9781324072805,thenortonanthologyofenglishliterature,IH-ENG-0769,The Norton Anthology of English Literature
9780451526342,animalfarm,IH-ENG-0775,Animal Farm
9791162733097,brickswritingschool,IH-ENG-0776,Bricks Writing School (1~3)
9781621677000,deltaskeytothetoeflibtcompleteskillpractice,IH-ENG-0778,Delta's Key to the TOEFL iBT: Complete Skill Practice
9781733589529,thecriticalreaderthecompleteguidetosatreading,IH-ENG-0779,The Critical Reader: The Complete Guide to SAT Reading
9791138911009,워드마스터수능2000,IH-ENG-0783,워드마스터 수능 2000
9780141182636,thegreatgatsby,IH-ENG-0786,The Great Gatsby
9780451524935,1984,IH-ENG-0787,1984
9780544442207,thegiver,IH-ENG-0789,The Giver
9780141439518,prideandprejudice,IH-ENG-0790,Pride and Prejudice
,30wordreading2,IH-ENG-0791,30-word Reading 2
,readingfuturedream,IH-ENG-0792,Reading Future Dream (1~3)
9781640151864,readingfuturediscover,IH-ENG-0793,Reading Future Discover (1~3)
,readingfuturedevelop,IH-ENG-0794,Reading Future Develop (1~3)
,readingfutureconnect,IH-ENG-0795,Reading Future Connect (1~3)
,readingfuturechange,IH-ENG-0796,Reading Future Change (1~3)
,readingfuturecreate,IH-ENG-0797,Reading Future Create (1~3)
,smartreading2,IH-ENG-0798,Smart Reading 2
,smartreading3,IH-ENG-0799,Smart Reading 3
,smartreading4,IH-ENG-0800,Smart Reading 4
,smartreading5,IH-ENG-0801,Smart Reading 5
,smartreading6,IH-ENG-0802,Smart Reading 6
,vividreadingstarter2,IH-ENG-0803,Vivid Reading Starter 2
,vividreadingstarter3,IH-ENG-0804,Vivid Reading Starter 3
,vividreadingbasic1,IH-ENG-0805,Vivid Reading Basic 1
,vividreadingbasic2,IH-ENG-0806,Vivid Reading Basic 2
,vividreadingbasic3,IH-ENG-0807,Vivid Reading Basic 3
,vividreadingplus1,IH-ENG-0808,Vivid Reading Plus 1
,vividreadingplus2,IH-ENG-0809,Vivid Reading Plus 2
,vividreadingmaster1,IH-ENG-0810,Vivid Reading Master 1
,vividreadingmaster2,IH-ENG-0811,Vivid Reading Master 2
,vividreadingmaster3,IH-ENG-0812,Vivid Reading Master 3
,efutureclassicreaderslevel1,IH-ENG-0813,e-future Classic Readers Level 1
,efutureclassicreaderslevel2,IH-ENG-0814,e-future Classic Readers Level 2
,efutureclassicreaderslevel3,IH-ENG-0815,e-future Classic Readers Level 3
,efutureclassicreaderslevel4,IH-ENG-0816,e-future Classic Readers Level 4
,efutureclassicreaderslevel5,IH-ENG-0817,e-future Classic Readers Level 5
,efutureclassicreaderslevel6,IH-ENG-0818,e-future Classic Readers Level 6
,efutureclassicreaderslevel7,IH-ENG-0819,e-future Classic Readers Level 7
,efutureclassicreaderslevel8,IH-ENG-0820,e-future Classic Readers Level 8
,efutureclassicreaderslevel9,IH-ENG-0821,e-future Classic Readers Level 9
,efutureclassicreaderslevel1012,IH-ENG-0822,e-future Classic Readers Level 10-12
,왓츠리딩50,IH-ENG-0823,왓츠 리딩(What's Reading) 50
,왓츠리딩60,IH-ENG-0824,왓츠 리딩(What's Reading) 60
,왓츠리딩70a,IH-ENG-0825,왓츠 리딩(What's Reading) 70A
,왓츠리딩70b,IH-ENG-0826,왓츠 리딩(What's Reading) 70B
,왓츠리딩80a,IH-ENG-0827,왓츠 리딩(What's Reading) 80A
,왓츠리딩80b,IH-ENG-0828,왓츠 리딩(What's Reading) 80B
,왓츠리딩90a,IH-ENG-0829,왓츠 리딩(What's Reading) 90A
,왓츠리딩90b,IH-ENG-0830,왓츠 리딩(What's Reading) 90B
,왓츠리딩100a,IH-ENG-0831,왓츠 리딩(What's Reading) 100A
,왓츠리딩100b,IH-ENG-0832,왓츠 리딩(What's Reading) 100B
,초등코치천일문sentence2,IH-ENG-0833,초등코치 천일문 SENTENCE 2
,초등코치천일문sentence3,IH-ENG-0834,초등코치 천일문 SENTENCE 3
,초등코치천일문sentence4,IH-ENG-0835,초등코치 천일문 SENTENCE 4
,초등코치천일문sentence5,IH-ENG-0836,초등코치 천일문 SENTENCE 5
7070024004120,smartphonics3rdedition2,IH-ENG-0837,Smart Phonics 3rd Edition 2
9791192361345,smartphonics3rdedition3,IH-ENG-0838,Smart Phonics 3rd Edition 3
,smartphonics3rdedition4,IH-ENG-0839,Smart Phonics 3rd Edition 4
,smartphonics3rdedition5,IH-ENG-0840,Smart Phonics 3rd Edition 5
,steamreadingbeginner2,IH-ENG-0841,STEAM Reading Beginner 2
,steamreadingbeginner3,IH-ENG-0842,STEAM Reading Beginner 3
,steamreadingelementary1,IH-ENG-0843,STEAM Reading Elementary 1
,steamreadingelementary2,IH-ENG-0844,STEAM Reading Elementary 2
,steamreadingelementary3,IH-ENG-0845,STEAM Reading Elementary 3
,steamreadinghighelementary1,IH-ENG-0846,STEAM Reading High Elementary 1
,steamreadinghighelementary2,IH-ENG-0847,STEAM Reading High Elementary 2
,steamreadinghighelementary3,IH-ENG-0848,STEAM Reading High Elementary 3
9791160576368,wonderfulworldbasiclevel2,IH-ENG-0849,Wonderful World BASIC Level 2
9791160576375,wonderfulworldbasiclevel3,IH-ENG-0850,Wonderful World BASIC Level 3
9791160576399,wonderfulworldbasiclevel4,IH-ENG-0851,Wonderful World BASIC Level 4
9791160576405,wonderfulworldbasiclevel5,IH-ENG-0852,Wonderful World BASIC Level 5
7051862005129,wonderfulworldbasiclevel6,IH-ENG-0853,Wonderful World BASIC Level 6
9791160576436,wonderfulworldprimelevel1,IH-ENG-0854,Wonderful World PRIME Level 1
,wonderfulworldprimelevel6,IH-ENG-0855,Wonderful World PRIME Level 6
9791160576511,wonderfulworldmasterlevel1,IH-ENG-0856,Wonderful World MASTER Level 1
7051862005134,wonderfulworldmasterlevel6,IH-ENG-0857,Wonderful World MASTER Level 6
,1000basicenglishwords2,IH-ENG-0858,1000 Basic English Words 2
,1000basicenglishwords3,IH-ENG-0859,1000 Basic English Words 3
,1000basicenglishwords4,IH-ENG-0860,1000 Basic English Words 4
,collinseasylearningphonicsages45,IH-ENG-0862,Collins Easy Learning Phonics Ages 4-5
,collinseasylearningphonicsages56,IH-ENG-0863,Collins Easy Learning Phonics Ages 5-6
,collinseasylearningphonicscatchupactivitybookages6,IH-ENG-0864,Collins Easy Learning Phonics Catch-up Activity Book Ages 6+
,collinseasylearningphonicsquickquizzesages57,IH-ENG-0865,Collins Easy Learning Phonics Quick Quizzes Ages 5-7
,oxfordreadanddiscoverlevel2,IH-ENG-0866,Oxford Read and Discover Level 2 (450 Headwords)
9780194646772,oxfordreadanddiscoverlevel3,IH-ENG-0867,Oxford Read and Discover Level 3 (600 Headwords)
,oxfordreadanddiscoverlevel4,IH-ENG-0868,Oxford Read and Discover Level 4 (750 Headwords)
9780194643894,oxfordreadanddiscoverlevel5,IH-ENG-0869,Oxford Read and Discover Level 5 (900 Headwords)
,oxfordreadanddiscoverlevel6,IH-ENG-0870,Oxford Read and Discover Level 6
,초등영어듣기평가완벽대비32,IH-ENG-0871,초등 영어듣기평가 완벽대비 3-2
,초등영어듣기평가완벽대비41,IH-ENG-0872,초등 영어듣기평가 완벽대비 4-1
,초등영어듣기평가완벽대비42,IH-ENG-0873,초등 영어듣기평가 완벽대비 4-2
,초등영어듣기평가완벽대비51,IH-ENG-0874,초등 영어듣기평가 완벽대비 5-1
,초등영어듣기평가완벽대비52,IH-ENG-0875,초등 영어듣기평가 완벽대비 5-2
,초등영어듣기평가완벽대비61,IH-ENG-0876,초등 영어듣기평가 완벽대비 6-1
,초등영어듣기평가완벽대비62,IH-ENG-0877,초등 영어듣기평가 완벽대비 6-2
,345grammar2,IH-ENG-0878,345 Grammar 2
,345grammar3,IH-ENG-0879,345 Grammar 3
,ebs랑홈스쿨초등영문법2,IH-ENG-0880,EBS랑 홈스쿨 초등 영문법 2
,iseegrammarlevel2,IH-ENG-0881,I See Grammar Level 2
,iseegrammarlevel3,IH-ENG-0882,I See Grammar Level 3
,iseegrammarlevel4,IH-ENG-0883,I See Grammar Level 4
,초등코치천일문grammar2,IH-ENG-0884,초등코치 천일문 GRAMMAR 2
,초등코치천일문grammar3,IH-ENG-0885,초등코치 천일문 GRAMMAR 3
9791166371974,readingjuiceplus2,IH-ENG-0886,Reading Juice Plus 2
,readingjuiceplus3,IH-ENG-0887,Reading Juice Plus 3
9791166371998,readingjuiceplus4,IH-ENG-0888,Reading Juice Plus 4
,stepbystep초등영문법독해의힘level2,IH-ENG-0889,"Step by Step 초등 영문법, 독해의 힘! LEVEL 2"
,stepbystep초등영문법독해의힘level3,IH-ENG-0890,"Step by Step 초등 영문법, 독해의 힘! LEVEL 3"
,stepbystep초등영문법독해의힘level4,IH-ENG-0891,"Step by Step 초등 영문법, 독해의 힘! LEVEL 4"
,초등영구문독해의힘level1,IH-ENG-0892,"초등 영구문, 독해의 힘! LEVEL 1"
,초등영구문독해의힘level2,IH-ENG-0893,"초등 영구문, 독해의 힘! LEVEL 2"
,초등영구문독해의힘level3,IH-ENG-0894,"초등 영구문, 독해의 힘! LEVEL 3"
,천일문starter2,IH-ENG-0895,천일문 STARTER 2
,shinoyandthechaoscrewband09gold,IH-ENG-0896,Shinoy and the Chaos Crew - Band 09 / Gold
,shinoyandthechaoscrewband10white,IH-ENG-0897,Shinoy and the Chaos Crew - Band 10 / White
,shinoyandthechaoscrewband11lime,IH-ENG-0898,Shinoy and the Chaos Crew - Band 11 / Lime
,리더스뱅크readersbanklevel2,IH-ENG-0899,리더스뱅크 Reader's Bank Level 2
,리더스뱅크readersbanklevel3,IH-ENG-0900,리더스뱅크 Reader's Bank Level 3
,리더스뱅크readersbanklevel4,IH-ENG-0901,리더스뱅크 Reader's Bank Level 4
,리더스뱅크readersbanklevel5,IH-ENG-0902,리더스뱅크 Reader's Bank Level 5
,리더스뱅크readersbanklevel6,IH-ENG-0903,리더스뱅크 Reader's Bank Level 6
,리더스뱅크readersbanklevel7,IH-ENG-0904,리더스뱅크 Reader's Bank Level 7
,리더스뱅크readersbanklevel8,IH-ENG-0905,리더스뱅크 Reader's Bank Level 8
,리더스뱅크readersbanklevel9,IH-ENG-0906,리더스뱅크 Reader's Bank Level 9
,리더스뱅크readersbanklevel10,IH-ENG-0907,리더스뱅크 Reader's Bank Level 10
,grammarinsidelevel2,IH-ENG-0911,Grammar Inside Level 2
,grammarinsidelevel3,IH-ENG-0912,Grammar Inside Level 3
,mygrammarcoach표준편,IH-ENG-0913,MY GRAMMAR COACH 표준편
,grammartapalevel2,IH-ENG-0914,Grammar TAPA Level 2
,grammartapalevel3,IH-ENG-0915,Grammar TAPA Level 3
,grammarclearstarter2,IH-ENG-0916,Grammar CLEAR Starter 2
9791166372193,bestphonics2,IH-ENG-0917,Best Phonics 2
9788925666655,bestphonics3,IH-ENG-0918,Best Phonics 3
9791166372513,bestphonics4,IH-ENG-0919,Best Phonics 4
9791166372520,bestphonics5,IH-ENG-0920,Best Phonics 5
,oxfordphonicsworld2shortvowels,IH-ENG-0921,Oxford Phonics World 2: Short Vowels
,oxfordphonicsworld3longvowels,IH-ENG-0922,Oxford Phonics World 3: Long Vowels
,oxfordphonicsworld4consonantblendsanddigraphs,IH-ENG-0923,Oxford Phonics World 4: Consonant Blends and Digraphs
,oxfordphonicsworld5lettercombinations,IH-ENG-0924,Oxford Phonics World 5: Letter Combinations
,phonicsmonster2,IH-ENG-0925,Phonics Monster 2 (Short Vowels)
,phonicsmonster3,IH-ENG-0926,Phonics Monster 3 (Long Vowels)
,phonicsmonster4,IH-ENG-0927,Phonics Monster 4 (Double Letters & Blends)
,1316readinglevel2,IH-ENG-0928,1316 Reading Level 2
,1316readinglevel3,IH-ENG-0929,1316 Reading Level 3
,readingpower중학level2,IH-ENG-0930,Reading POWER 중학 LEVEL 2
,readingpower중학level3,IH-ENG-0931,Reading POWER 중학 LEVEL 3
,리딩플랫폼2패턴편,IH-ENG-0932,리딩 플랫폼 2: 패턴편
,리딩플랫폼3테마편,IH-ENG-0933,리딩 플랫폼 3: 테마편
,중학영어듣기능력평가완벽대비중2,IH-ENG-0934,중학 영어듣기능력평가 완벽대비 중2
,중학영어듣기능력평가완벽대비중3,IH-ENG-0935,중학 영어듣기능력평가 완벽대비 중3
,1316grammarlevel2,IH-ENG-0936,1316 GRAMMAR Level 2
,1316grammarlevel3,IH-ENG-0937,1316 GRAMMAR Level 3
9781599662992,activeenglishgrammar2ndedition2,IH-ENG-0938,Active English Grammar 2nd Edition 2
9781599663029,activeenglishgrammar2ndedition3,IH-ENG-0939,Active English Grammar 2nd Edition 3
9781599663050,activeenglishgrammar2ndedition4,IH-ENG-0940,Active English Grammar 2nd Edition 4
9781599663081,activeenglishgrammar2ndedition5,IH-ENG-0941,Active English Grammar 2nd Edition 5
9781599663111,activeenglishgrammar2ndedition6,IH-ENG-0942,Active English Grammar 2nd Edition 6
,grammarqstarter2,IH-ENG-0943,Grammar Q Starter 2
,grammarqintermediate1,IH-ENG-0944,Grammar Q Intermediate 1
,grammarqintermediate2,IH-ENG-0945,Grammar Q Intermediate 2
,grammarqadvanced1,IH-ENG-0946,Grammar Q Advanced 1
,grammarqadvanced2,IH-ENG-0947,Grammar Q Advanced 2
,grammarinlevel1b,IH-ENG-0948,Grammar In (그래머인) Level 1-B
,grammarinlevel2a,IH-ENG-0949,Grammar In (그래머인) Level 2-A
,grammarinlevel2b,IH-ENG-0950,Grammar In (그래머인) Level 2-B
,grammarinlevel3a,IH-ENG-0951,Grammar In (그래머인) Level 3-A
,grammarinlevel3b,IH-ENG-0952,Grammar In (그래머인) Level 3-B
,mywritingcoach내신서술형중2,IH-ENG-0953,MY WRITING COACH 내신서술형 중2
,mywritingcoach내신서술형중3,IH-ENG-0954,MY WRITING COACH 내신서술형 중3
,완자vocapick중등수능실력,IH-ENG-0955,완자 VOCA PICK 중등수능 실력
,완자vocapick중등수능고난도,IH-ENG-0956,완자 VOCA PICK 중등수능 고난도
,완자vocapick고등필수,IH-ENG-0957,완자 VOCA PICK 고등 필수
,완자vocapick수능기출,IH-ENG-0958,완자 VOCA PICK 수능 기출
,완자vocapick수능고난도,IH-ENG-0959,완자 VOCA PICK 수능 고난도
,마법같은블록구문필수편,IH-ENG-0960,마법같은 블록구문 필수편
,마법같은블록구문실전편,IH-ENG-0961,마법같은 블록구문 실전편
,천문장기본,IH-ENG-0962,천문장 기본
,천문장완성,IH-ENG-0963,천문장 완성
,ebseltbigcatband2fullpackage,IH-ENG-0964,EBS ELT Big Cat Band 2 Full Package
,ebseltbigcatband3fullpackage,IH-ENG-0965,EBS ELT Big Cat Band 3 Full Package
,ebseltbigcatband4fullpackage,IH-ENG-0966,EBS ELT Big Cat Band 4 Full Package
,ebseltbigcatband5band6fullpackage,IH-ENG-0967,EBS ELT Big Cat Band 5 / Band 6 Full Package
,ebseltbigcatband7band8fullpackage,IH-ENG-0968,EBS ELT Big Cat Band 7 / Band 8 Full Package
,ebseltbigcatband913fullpackage,IH-ENG-0969,EBS ELT Big Cat Band 9~13 Full Package
,readingdiscovery2,IH-ENG-0970,Reading Discovery 2
9781599666174,readingdiscovery3,IH-ENG-0971,Reading Discovery 3
,수능트레이닝유형실력편,IH-ENG-0972,수능 트레이닝 유형 실력편 (유형편)
,수능트레이닝유형완성편,IH-ENG-0973,수능 트레이닝 유형 완성편 (유형편)
,수능트레이닝유형모의고사실력편,IH-ENG-0974,수능 트레이닝 유형 모의고사 실력편 (모의고사편)
,천일문기본basic1001sentences,IH-ENG-0975,천일문 기본 Basic 1001 Sentences
,천일문핵심essential500sentences,IH-ENG-0976,천일문 핵심 Essential 500 Sentences
,천일문완성master500sentences,IH-ENG-0977,천일문 완성 Master 500 Sentences
,thereadingplayer적용편,IH-ENG-0978,The Reading Player 적용편
,빠른독해바른독해구문독해,IH-ENG-0979,빠른독해 바른독해 구문독해
,빠른독해바른독해유형독해,IH-ENG-0980,빠른독해 바른독해 유형독해
,빠른독해바른독해수능실전,IH-ENG-0981,빠른독해 바른독해 수능실전
,수능유형pick독해실력,IH-ENG-0982,수능유형 PICK 독해 실력
,수능유형pick듣기,IH-ENG-0983,수능유형 PICK 듣기
,수능특강영어듣기,IH-ENG-0984,수능특강 영어듣기
,수능특강영어독해연습,IH-ENG-0985,수능특강 영어독해연습
,어법끝start실력다지기,IH-ENG-0986,어법끝 START 실력다지기
,어법끝서술형,IH-ENG-0987,어법끝 서술형
,어법끝essential,IH-ENG-0988,어법끝 ESSENTIAL
,어법끝실전모의고사,IH-ENG-0989,어법끝 실전 모의고사
,ebsvocapower어원,IH-ENG-0990,EBS Voca Power 어원
,powerreading2,IH-ENG-0991,Power Reading 2
,powerreading3,IH-ENG-0992,Power Reading 3
,쎄듀빈순삽함실전편,IH-ENG-0993,쎄듀 빈순삽함 실전편
,올림포스고급영어독해영미비문학읽기,IH-ENG-0994,올림포스 고급영어독해 영미 비문학 읽기
9788954799195,ebs뉴런기출로영문법중1,IH-ENG-0995,EBS 뉴런 기출로 영문법 중1
9788954799201,ebs뉴런기출로영문법중2,IH-ENG-0996,EBS 뉴런 기출로 영문법 중2
9788954799218,ebs뉴런기출로영문법중3,IH-ENG-0997,EBS 뉴런 기출로 영문법 중3
9788968065972,초등천일문grammar3,IH-ENG-0998,초등 천일문 GRAMMAR 3
9788928352203,이그잼중학영문법1500제level3,IH-ENG-1001,이그잼 중학 영문법 1500제 Level 3
9788928352197,이그잼중학영문법1500제level2,IH-ENG-1002,이그잼 중학 영문법 1500제 level 2(2026)
9788928352180,이그잼중학영문법1500제level1,IH-ENG-1003,이그잼 중학 영문법 1500제 level 1(2026)
9788917243819,ybm토익기초영문법,IH-ENG-1004,YBM 토익 기초영문법
9788928352227,진짜잘이해되는중학영문법2,IH-ENG-1005,진짜 잘 이해되는 중학 영문법 2(2026)
9788954795982,ebs만점왕영어따라쓰는영문법1,IH-ENG-1006,EBS 만점왕 영어 따라 쓰는 영문법 1
9788954795999,ebs만점왕영어따라쓰는영문법2,IH-ENG-1007,EBS 만점왕 영어 따라 쓰는 영문법 2
9788954796002,ebs만점왕영어따라쓰는영문법3,IH-ENG-1008,EBS 만점왕 영어 따라 쓰는 영문법 3
9788928352210,진짜잘이해되는중학영문법1,IH-ENG-1009,진짜 잘 이해되는 중학 영문법 1
9791175500341,10시간컷토익기초영문법,IH-ENG-1010,10시간 컷 토익 기초영문법
9788928351886,2026진짜잘이해되는고등영문법1,IH-ENG-1011,2026 진짜 잘 이해되는 고등 영문법 1
9788928351893,2026진짜잘이해되는고교영문법2,IH-ENG-1012,2026 진짜 잘 이해되는 고교 영문법 2
9788928351879,진짜잘이해되는비교영문법고등,IH-ENG-1013,진짜 잘 이해되는 비교영문법 고등
9788928352159,그래it중학영문법개념문제마스터level1,IH-ENG-1014,그래it 중학 영문법 개념+문제 마스터 Level 1
9788928352166,그래it중학영문법개념문제마스터level2,IH-ENG-1015,그래it 중학 영문법 개념+문제 마스터 Level 2
9788928352173,그래it중학영문법개념문제마스터level3,IH-ENG-1016,그래it 중학 영문법 개념+문제 마스터 Level 3
9788926167076,중학생을위한시험영문법1,IH-ENG-1017,중학생을 위한 시험영문법 1
9788926167083,중학생을위한시험영문법2,IH-ENG-1018,중학생을 위한 시험 영문법 2
9788926167090,중학생을위한시험영문법3,IH-ENG-1019,중학생을 위한 시험 영문법 3
9788926167137,중학생을위한문법특강딱25일1,IH-ENG-1020,중학생을 위한 문법특강 딱 25일 1
9788926167144,중학생을위한문법특강딱25일2,IH-ENG-1021,중학생을 위한 문법특강 딱 25일 2
9788926167151,중학생을위한문법특강딱25일3,IH-ENG-1022,중학생을 위한 문법특강 딱 25일 3
9791175481824,그래머바이트grammarbitegrade1,IH-ENG-1023,그래머 바이트 Grammar BITE Grade 1
9791175481831,그래머바이트grammarbitegrade2,IH-ENG-1024,그래머 바이트 Grammar BITE Grade 2
9791175481848,그래머바이트grammarbitegrade3,IH-ENG-1025,그래머 바이트 Grammar BITE Grade 3
9791175481817,그래머바이트grammarbiteprep,IH-ENG-1026,그래머 바이트 Grammar BITE PREP
9788917243734,ilovegrammarlevel3,IH-ENG-1027,I Love Grammar Level 3
9788917243727,ilovegrammarlevel2,IH-ENG-1028,I Love Grammar Level 2
9788917243710,ilovegrammarlevel1,IH-ENG-1029,I Love Grammar Level 1
9791125350309,문제로마스터하는중학영문법level1,IH-ENG-1030,문제로 마스터하는 중학 영문법 LEVEL 1
9791125350316,문제로마스터하는중학영문법level2,IH-ENG-1031,문제로 마스터하는 중학 영문법 LEVEL 2
9791125350323,문제로마스터하는중학영문법level3,IH-ENG-1032,문제로 마스터하는 중학 영문법 LEVEL 3
9791162374559,비법담은중학영문법lite2,IH-ENG-1033,비법 담은 중학 영문법 Lite 2
9791162374542,비법담은중학영문법lite1,IH-ENG-1034,비법 담은 중학 영문법 Lite 1
9791162374566,비법담은중학영문법lite3,IH-ENG-1035,비법 담은 중학 영문법 Lite 3
9791168599772,중학영문법3800제3학년,IH-ENG-1036,중학영문법 3800제 3학년(2026)
9791168599765,중학영문법3800제2학년,IH-ENG-1037,중학영문법 3800제 2학년(2026)
9791168599758,중학영문법3800제1학년,IH-ENG-1038,중학영문법 3800제 1학년(2026)
9791194889502,1일1강초등영문법level1,IH-ENG-1039,1일1강 초등 영문법 Level 1
9791194889519,1일1강초등영문법level2,IH-ENG-1040,1일1강 초등 영문법 Level 2
9791194889526,1일1강초등영문법level3,IH-ENG-1041,1일1강 초등 영문법 Level 3
9791194889533,1일1강초등영문법level4,IH-ENG-1042,1일1강 초등 영문법 Level 4
9791162408322,자이스토리중등영문법총정리중3,IH-ENG-1043,자이스토리 중등 영문법 총정리 중3(2026)
9791125350330,2025문제로마스터하는고등영문법,IH-ENG-1044,2025 문제로 마스터하는 고등 영문법
9791174040596,2026해커스공무원비비안올인원영문법,IH-ENG-1045,2026 해커스공무원 비비안 올인원 영문법
9788928352081,우공비영문법공식초등a,IH-ENG-1046,우공비 영문법 공식 초등 A
9788928352098,우공비영문법공식초등b,IH-ENG-1047,우공비 영문법 공식 초등 B
9791194643654,대체불가중학영문법1800제,IH-ENG-1048,대체불가 중학 영문법 1800제
9791168598027,고교영문법3300제,IH-ENG-1049,고교영문법 3300제
9788954793254,ebs기초영문법2,IH-ENG-1050,EBS 기초 영문법 2
9788954793247,ebs기초영문법1,IH-ENG-1051,EBS 기초 영문법 1
9791165263027,초등영문법문법이쓰기다기본2,IH-ENG-1052,초등 영문법 문법이 쓰기다 기본 2
9791162406038,자이스토리중등영문법총정리중2,IH-ENG-1053,자이스토리 중등 영문법 총정리 중2(2025)
9788965420774,그래머게이트웨이인터미디엇영어가쉬워지는기초영문법,IH-ENG-1054,그래머 게이트웨이 인터미디엇: 영어가 쉬워지는 기초 영문법 (Grammar Gateway Intermediate)
9791166839528,대체불가중학영문법,IH-ENG-1055,대체불가 중학 영문법
9791166839795,초등필수영문법쓰기2,IH-ENG-1057,초등필수 영문법 + 쓰기 2 (창의력 향상 워크북 포함)
9791166839788,초등필수영문법쓰기1,IH-ENG-1058,초등필수 영문법 + 쓰기 1 (창의력 향상 워크북 포함)
9791192361871,1일1강중학영문법level3,IH-ENG-1060,1일1강 중학 영문법 Level 3
9791192361864,1일1강중학영문법level2,IH-ENG-1061,1일1강 중학 영문법 Level 2
9791192361857,1일1강중학영문법level1,IH-ENG-1062,1일1강 중학 영문법 Level 1
9791192361840,1일1강중학영문법starter,IH-ENG-1063,1일1강 중학 영문법 Starter
9788954787321,ebsstepbystep초등영문법독해의힘level4,IH-ENG-1064,"EBS Step by Step 초등 영문법, 독해의 힘! LEVEL 4"
9788954787314,ebsstepbystep초등영문법독해의힘level3,IH-ENG-1065,"EBS Step by Step 초등 영문법, 독해의 힘! LEVEL 3"
9788954787291,ebsstepbystep초등영문법독해의힘level1,IH-ENG-1066,"EBS Step by Step 초등 영문법, 독해의 힘! LEVEL 1"
9791165262617,초등영문법문법이쓰기다기본3,IH-ENG-1067,초등 영문법 문법이 쓰기다 기본 3
9791129713612,구해영중학영문법level0,IH-ENG-1068,구해영 중학영문법 Level 0
9791129713636,구해영중학영문법level1,IH-ENG-1069,구해영 중학영문법 Level 1
9791129713650,구해영중학영문법level2,IH-ENG-1070,구해영 중학영문법 Level 2
9791129713674,구해영중학영문법level3,IH-ENG-1071,구해영 중학영문법 Level 3
9788968064418,천일문중등grammarlevel3,IH-ENG-1072,천일문 중등 GRAMMAR LEVEL 3
9788968064401,천일문중등grammarlevel2,IH-ENG-1073,천일문 중등 GRAMMAR LEVEL 2
9788968064395,천일문중등grammarlevel1,IH-ENG-1074,천일문 중등 GRAMMAR LEVEL 1
9788900480948,수프림고등영문법,IH-ENG-1075,수프림(Supreme) 고등영문법
9788965427124,해커스중학영문법중간기말대비문제집level3,IH-ENG-1077,해커스 중학영문법 중간·기말 대비 문제집 Level 3(2024)
9788965427117,해커스중학영문법중간기말대비문제집level2,IH-ENG-1078,해커스 중학영문법 중간·기말 대비 문제집 Level 2(2024)
9788965427100,해커스중학영문법중간기말대비문제집level1,IH-ENG-1079,해커스 중학영문법 중간·기말 대비 문제집 Level 1(2024)
9791162406021,자이스토리중등영문법총정리중1,IH-ENG-1080,자이스토리 중등 영문법 총정리 중1(2025년 중1 적용)
9791161508603,이시원의말하기영문법,IH-ENG-1081,이시원의 말하기 영문법
9791172442071,2025해커스공무원영문법합격생필기노트,IH-ENG-1082,2025 해커스공무원 영문법 합격생 필기노트
9791129712097,메가스터디초등영문법문장의원리level5,IH-ENG-1083,메가스터디 초등영문법 문장의 원리 Level 5
9791164064632,기적의초등영문법세트,IH-ENG-1084,기적의 초등 영문법 세트()
9791166836640,원리를깨우치는영문법,IH-ENG-1085,원리를 깨우치는 영문법
9791129711472,메가스터디초등영문법문장의원리level3,IH-ENG-1087,메가스터디 초등영문법 문장의 원리 Level 3
9791129711496,메가스터디초등영문법문장의원리level4,IH-ENG-1088,메가스터디 초등영문법 문장의 원리 Level 4
9791129711397,메가스터디초등영문법문장의원리level2,IH-ENG-1089,메가스터디 초등영문법 문장의 원리 Level 2
9791129711380,메가스터디초등영문법문장의원리level1,IH-ENG-1090,메가스터디 초등영문법 문장의 원리 Level 1
9788968062902,천일문고등grammar,IH-ENG-1091,천일문 고등 Grammar(2024)
9791164066353,혼공쌤의초등만화영문법스터디북하,IH-ENG-1092,혼공쌤의 초등만화영문법 스터디북 <하>
9791164066346,혼공쌤의초등만화영문법스터디북상,IH-ENG-1093,혼공쌤의 초등만화영문법 스터디북 <상>
9788954780612,ebs강의노트수능개념김용지의diy수능영문법,IH-ENG-1094,EBS 강의노트 수능개념 김용지의 DIY 수능 영문법(2024)(2025 수능대비)
9791164065691,초등필수영문법무작정따라하기,IH-ENG-1095,초등 필수 영문법 무작정 따라하기
9788927704720,solid필수영문법,IH-ENG-1097,Solid 필수 영문법
9791125342724,요즘초등영문법,IH-ENG-1098,요즘 초등 영문법
9791165261764,중학영문법명쾌한문제대공략중1,IH-ENG-1099,중학 영문법 명쾌한 문제 대공략 중1
9791140703968,쓰이는영문법2,IH-ENG-1100,쓰이는 영문법 2
9791140703951,쓰이는영문법1,IH-ENG-1101,쓰이는 영문법 1
9791168593091,마더텅영문법3800제3advanced,IH-ENG-1102,마더텅 영문법 3800제 3: Advanced
9791168593084,마더텅영문법3800제2intermediate,IH-ENG-1103,마더텅 영문법 3800제 2: Intermediate
9791168593077,마더텅영문법3800제1basic,IH-ENG-1104,마더텅 영문법 3800제 1: Basic
9791161506982,10가지문법으로시작하는토익스피킹기초영문법,IH-ENG-1105,10가지 문법으로 시작하는 토익스피킹 기초영문법
9791166834721,이보영의120분영문법트레이닝,IH-ENG-1106,이보영의 120분 영문법 트레이닝
9788927701682,비주얼씽킹초등영문법2,IH-ENG-1107,비주얼 씽킹 초등 영문법 2
9791164065059,혼공쌤의초등만화영문법,IH-ENG-1108,혼공쌤의 초등 만화 영문법(하)
9791164064656,기적의초등영문법2,IH-ENG-1109,기적의 초등 영문법 2
9791164064649,기적의초등영문법1,IH-ENG-1110,기적의 초등 영문법 1
9791164064663,기적의초등영문법3,IH-ENG-1111,기적의 초등 영문법 3
9788965425311,해커스수능어법불변의패턴실력편실전에강해지는수능내신어법훈련서,IH-ENG-1112,해커스 수능 어법 불변의 패턴 실력편: 실전에 강해지는 수능·내신 어법 훈련서(2023)
9788927701675,비주얼씽킹초등영문법1,IH-ENG-1113,비주얼 씽킹 초등 영문법 1
9788900472301,중학영문법클리어level3,IH-ENG-1115,중학 영문법 클리어 Level 3
9788900472288,중학영문법클리어level2,IH-ENG-1116,중학 영문법 클리어 Level 2
9788900472264,중학영문법클리어level1,IH-ENG-1117,중학 영문법 클리어 Level 1
9791168590960,중학영문법3800제쓰기writing1학년,IH-ENG-1118,중학영문법 3800제 쓰기 Writing 1학년(2023)
9791168590977,중학영문법3800제쓰기writing2학년,IH-ENG-1119,중학영문법 3800제 쓰기 Writing 2학년(2023)
9791168590984,중학영문법3800제쓰기writing3학년,IH-ENG-1120,중학영문법 3800제 쓰기 Writing 3학년(2023)
9791162403945,자이스토리고등영문법기본,IH-ENG-1121,자이스토리 고등 영문법 기본
9791161506142,엉클잭의쇼킹한영문법,IH-ENG-1122,엉클잭의 쇼킹한 영문법
9788917238839,goodgrammarsecondedition1,IH-ENG-1124,Good Grammar Second Edition 1
9788917238846,goodgrammarsecondedition2,IH-ENG-1125,Good Grammar Second Edition 2
9788917238853,goodgrammarsecondedition3,IH-ENG-1126,Good Grammar Second Edition 3
9788927741503,시험에강한중학영문법3,IH-ENG-1127,시험에 강한 중학영문법 3
9788965424604,해커스수능어법불변의패턴필수편수능내신한번에잡는어법기본서,IH-ENG-1128,해커스 수능 어법 불변의 패턴 필수편: 수능·내신 한 번에 잡는 어법 기본서
9788965424079,기출로적중해커스중학영문법2학년워크북해설집세트,IH-ENG-1129,기출로 적중 해커스 중학영문법 2학년+워크북+해설집 세트
9788965424086,기출로적중해커스중학영문법3학년워크북해설집세트,IH-ENG-1130,기출로 적중 해커스 중학영문법 3학년+워크북+해설집 세트
9788965424062,기출로적중해커스중학영문법1학년워크북해설집세트,IH-ENG-1131,기출로 적중 해커스 중학영문법 1학년+워크북+해설집 세트
9791164064212,lightgrammar라이트초등영문법1,IH-ENG-1133,Light Grammar 라이트 초등 영문법 1
9791164064229,lightgrammar라이트초등영문법2,IH-ENG-1134,Light Grammar 라이트 초등 영문법 2
9788927741497,시험에강한중학영문법2,IH-ENG-1135,시험에 강한 중학영문법 2
9788927741480,시험에강한중학영문법1,IH-ENG-1136,시험에 강한 중학영문법 1
9788965422921,그래머게이트웨이베이직초보를위한기초영문법,IH-ENG-1137,그래머 게이트웨이 베이직: 초보를 위한 기초 영문법(Grammar Gateway Basic)
9788968062438,whatsgrammarplus2,IH-ENG-1138,What’s Grammar Plus(왓츠 그래머 플러스) 2
9788968062445,whatsgrammarplus3,IH-ENG-1139,What’s Grammar Plus(왓츠 그래머 플러스) 3
9788968062421,whatsgrammarplus1,IH-ENG-1140,What’s Grammar Plus(왓츠 그래머 플러스) 1
9788960499294,초등영어문법부터해결한다basiclevel2,IH-ENG-1141,초등영어 문법부터 해결한다 Basic Level 2
9788960499300,초등영어문법부터해결한다basiclevel3,IH-ENG-1142,초등영어 문법부터 해결한다 Basic Level 3
9788960499287,초등영어문법부터해결한다basiclevel1,IH-ENG-1143,초등영어 문법부터 해결한다 Basic Level 1
9788968062391,whatsgrammarstart2,IH-ENG-1147,What’s Grammar Start(왓츠 그래머 스타트) 2
9788968062407,whatsgrammarstart3,IH-ENG-1148,What’s Grammar Start(왓츠 그래머 스타트) 3
9788968062384,whatsgrammarstart1,IH-ENG-1149,What’s Grammar Start(왓츠 그래머 스타트) 1
9788917238488,grammarsharp기초,IH-ENG-1151,GRAMMAR SHARP: 기초
9788917238518,grammarsharp완성,IH-ENG-1152,GRAMMAR SHARP: 완성
9788917238501,grammarsharp기본2,IH-ENG-1153,GRAMMAR SHARP: 기본 2
9788917238495,grammarsharp기본1,IH-ENG-1154,GRAMMAR SHARP: 기본 1
9788900465402,그래머클라우드3000제level3,IH-ENG-1157,그래머 클라우드 3000제 Level 3
9788900465389,그래머클라우드3000제level2,IH-ENG-1158,그래머 클라우드 3000제 Level 2
9788900465365,그래머클라우드3000제level1,IH-ENG-1159,그래머 클라우드 3000제 Level 1
9788927741466,시험에강한고등영문법,IH-ENG-1160,시험에 강한 고등영문법
9791166626104,해커스공무원영어문법고득점핵심노트,IH-ENG-1161,해커스공무원 영어 문법 고득점 핵심노트
9791162403228,자이스토리초등영문법3학년,IH-ENG-1163,자이스토리 초등 영문법 3학년
9791165989507,531project고등영어기본영문법e,IH-ENG-1164,531 Project(프로젝트) 고등 영어 기본영문법 E(Easy)(2024)
9788927708902,내신공략중학영문법1문제풀이책,IH-ENG-1168,내신공략 중학영문법 1: 문제풀이책
9788927708926,내신공략중학영문법2문제풀이책,IH-ENG-1169,내신공략 중학영문법 2: 문제풀이책
9788927708940,내신공략중학영문법3문제풀이책,IH-ENG-1170,내신공략 중학영문법 3: 문제풀이책
9788927708919,내신공략중학영문법2개념이해책,IH-ENG-1171,내신공략 중학영문법 2: 개념이해책
9788927708933,내신공략중학영문법3개념이해책,IH-ENG-1172,내신공략 중학영문법 3: 개념이해책
9788927708896,내신공략중학영문법1개념이해책,IH-ENG-1173,내신공략 중학영문법 1: 개념이해책
9791125334651,중학영문법총정리모의고사level3,IH-ENG-1177,중학영문법 총정리 모의고사 Level 3
9791125334644,중학영문법총정리모의고사level2,IH-ENG-1178,중학영문법 총정리 모의고사 Level 2
9791125334637,중학영문법총정리모의고사level1,IH-ENG-1179,중학영문법 총정리 모의고사 Level 1
9791165260606,고공행진중학영문법level3,IH-ENG-1180,고공행진 중학 영문법 Level 3
9791164136704,하루한장englishbite초등영문법basic2,IH-ENG-1181,하루 한장 English BITE 초등 영문법 Basic 2(2024)
9791164136681,하루한장englishbite초등영문법starter2,IH-ENG-1182,하루 한장 English BITE 초등 영문법 Starter 2(2024)
9791164136674,하루한장englishbite초등영문법starter1,IH-ENG-1183,하루 한장 English BITE 초등 영문법 Starter 1(2024)
9791164136698,하루한장englishbite초등영문법basic1,IH-ENG-1184,하루 한장 English BITE 초등 영문법 Basic 1(2024)
9788954755900,ebs랑홈스쿨초등영어초등영문법2,IH-ENG-1185,EBS랑 홈스쿨 초등 영어 초등 영문법 2(2024)
9788954755894,ebs랑홈스쿨초등영어초등영문법1,IH-ENG-1186,EBS랑 홈스쿨 초등 영어 초등 영문법 1(2024)
9788900460001,서술형에더강해지는중학영문법level2,IH-ENG-1188,서술형에 더 강해지는 중학 영문법 Level 2
9788900460162,시험에더강해지는고등영문법,IH-ENG-1189,시험에 더 강해지는 고등 영문법
9788900460018,서술형에더강해지는중학영문법level3,IH-ENG-1190,서술형에 더 강해지는 중학 영문법 Level 3
9788900459999,서술형에더강해지는중학영문법level1,IH-ENG-1191,서술형에 더 강해지는 중학 영문법 Level 1
9788917235050,초등기초영문법grammarpop1start,IH-ENG-1193,초등 기초영문법 Grammar Pop 1: Start
9791165260408,고공행진중학영문법level2,IH-ENG-1196,고공행진 중학 영문법 Level 2
9788960498594,초등영어를결정하는영문법,IH-ENG-1198,초등 영어를 결정하는 영문법
9791165260286,초집중초등고학년집중영문법3심화편,IH-ENG-1199,초집중 초등 고학년 집중 영문법 3: 심화편
9791162402474,자이스토리초등영문법5학년,IH-ENG-1201,자이스토리 초등 영문법 5학년
9791162402467,자이스토리초등영문법4학년,IH-ENG-1202,자이스토리 초등 영문법 4학년
9791162402481,자이스토리초등영문법6학년,IH-ENG-1203,자이스토리 초등 영문법 6학년
9791165260262,초집중초등고학년집중영문법1기본편,IH-ENG-1204,초집중 초등 고학년 집중 영문법 1: 기본편
9791161659671,나혼자끝내는중학영문법,IH-ENG-1206,나혼자 끝내는 중학 영문법
9788917232417,술술읽히는쉬운영문법,IH-ENG-1207,술술 읽히는 쉬운 영문법
9791162726136,초등영문법7770,IH-ENG-1208,초등영문법 777 0
9788900457629,입이트이는영문법,IH-ENG-1209,입이 트이는 영문법
9791161658926,공부감각을키우는영문법쓰기1,IH-ENG-1210,공부감각을 키우는 영문법+쓰기 1
9791161658933,공부감각을키워주는영문법쓰기1,IH-ENG-1211,공부감각을 키워주는 영문법+쓰기 1
9791161658940,공부감각을키워주는영문법쓰기2,IH-ENG-1212,공부감각을 키워주는 영문법+쓰기 2
9791162400555,자이스토리중학영문법총정리중3,IH-ENG-1214,자이스토리 중학 영문법 총정리 중3(3275제)
9788960498266,초등영문법개념드릴3,IH-ENG-1215,초등 영문법 개념 드릴 3
9788960498259,초등영문법개념드릴2,IH-ENG-1216,초등 영문법 개념 드릴 2
9788960498242,초등영문법개념드릴1,IH-ENG-1217,초등 영문법 개념 드릴 1
9791162723920,중학영문법3800제워크북1학년,IH-ENG-1218,중학영문법 3800제 워크북 1학년
9791164744251,악마의문법책을찢어라,IH-ENG-1219,악마의 문법책을 찢어라
9791162723944,중학영문법3800제워크북3학년,IH-ENG-1220,중학영문법 3800제 워크북 3학년
9791162723937,중학영문법3800제워크북2학년,IH-ENG-1221,중학영문법 3800제 워크북 2학년
9788900444162,빠르게통하는중학영문법핵심1200제3,IH-ENG-1227,빠르게 통하는 중학 영문법 핵심 1200제 3
9788900444148,빠르게통하는중학영문법핵심1200제2,IH-ENG-1228,빠르게 통하는 중학 영문법 핵심 1200제 2
9788900444124,빠르게통하는중학영문법핵심1200제1,IH-ENG-1229,빠르게 통하는 중학 영문법 핵심 1200제 1
9791162401767,초등영문법총정리,IH-ENG-1232,초등 영문법 총정리
9791189719500,중학영문법문법이내신이다3학년,IH-ENG-1233,중학 영문법 문법이 내신이다 3학년
9791162723685,초등영문법3800제스타터,IH-ENG-1234,초등영문법 3800제 스타터
9791160574708,서술형되는기초영문법1,IH-ENG-1236,서술형 되는 기초 영문법 1
9791160574715,서술형되는기초영문법2,IH-ENG-1237,서술형 되는 기초 영문법 2
9791160574722,서술형되는기초영문법3,IH-ENG-1238,서술형 되는 기초 영문법 3
9791125328643,필히통하는고등영문법실력편,IH-ENG-1239,필히 통하는 고등 영문법 실력편
9791125328636,필히통하는고등영문법기본편,IH-ENG-1240,필히 통하는 고등 영문법 기본편
9788960497788,쌤놀이개념영문법2,IH-ENG-1241,쌤놀이 개념 영문법 2
9788960497771,쌤놀이개념영문법1,IH-ENG-1242,쌤놀이 개념 영문법 1
9788960497795,쌤놀이개념영문법3,IH-ENG-1243,쌤놀이 개념 영문법 3
9791162723319,초등영문법3800제6,IH-ENG-1244,초등영문법 3800제 6
9791162723296,초등영문법3800제5,IH-ENG-1245,초등영문법 3800제 5
9791162723234,초등영문법3800제2,IH-ENG-1246,초등영문법 3800제 2
9791162723272,초등영문법3800제4,IH-ENG-1247,초등영문법 3800제 4
9791162723258,초등영문법3800제3,IH-ENG-1248,초등영문법 3800제 3
9791162723357,초등영문법3800제8,IH-ENG-1249,초등영문법 3800제 8
9791162723333,초등영문법3800제7,IH-ENG-1250,초등영문법 3800제 7
9791162723210,초등영문법3800제1,IH-ENG-1251,초등영문법 3800제 1
9791162723197,초등영문법7776,IH-ENG-1252,초등영문법 777 6
9791162723173,초등영문법7775,IH-ENG-1253,초등영문법 777 5
9791162723111,초등영문법7772,IH-ENG-1254,초등영문법 777 2
9791162723098,초등영문법7771,IH-ENG-1255,초등영문법 777 1
9791162723135,초등영문법7773,IH-ENG-1256,초등영문법 777 3
9791162723159,초등영문법7774,IH-ENG-1257,초등영문법 777 4
9788927701118,영문법트레이닝,IH-ENG-1258,영문법 트레이닝
9788900437775,입이트이는영문법귀가트이는영문법,IH-ENG-1259,입이 트이는 영문법+귀가 트이는 영문법(9월호)(2018)
9788968061448,실전에바로적용하는잘풀리는영문법3,IH-ENG-1260,실전에 바로 적용하는 잘 풀리는 영문법 3
9788968061431,실전에바로적용하는잘풀리는영문법2,IH-ENG-1261,실전에 바로 적용하는 잘 풀리는 영문법 2
9788968061424,실전에바로적용하는잘풀리는영문법1,IH-ENG-1262,실전에 바로 적용하는 잘 풀리는 영문법 1
9788968061387,그래머픽2문장시제조동사비교,IH-ENG-1263,그래머 픽 2: 문장 시제 조동사 비교
9788968061400,그래머픽4접속사관계사기타구문,IH-ENG-1264,그래머 픽 4: 접속사 관계사 기타구문
9788968061370,그래머픽1동사명사대명사형용사부사전치사,IH-ENG-1265,"그래머 픽 1: 동사 명사,대명사, 형용사,부사 전치사"
9788968061394,그래머픽3부정사동명사수동태분사,IH-ENG-1266,그래머 픽 3: 부정사 동명사 수동태 분사
9788917230574,englishforeveryone비주얼영문법,IH-ENG-1268,English for Everyone 비주얼 영문법
9791129702869,초등영문법level4,IH-ENG-1272,초등 영문법 Level 4
9791129702838,메가스터디초등영문법level1,IH-ENG-1273,메가스터디 초등 영문법 Level 1
9788961985123,마스터초등영문법1,IH-ENG-1274,마스터 초등 영문법 1
9788961985130,마스터초등영문법2,IH-ENG-1275,마스터 초등 영문법 2
9788961985147,마스터초등영문법3,IH-ENG-1276,마스터 초등 영문법 3
9788961985154,마스터초등영문법4,IH-ENG-1277,마스터 초등 영문법 4
9788968061295,egu중학영문법동사써먹기,IH-ENG-1281,EGU 중학 영문법: 동사 써먹기
9788968061301,egu중학영문법문법써먹기,IH-ENG-1282,EGU 중학 영문법: 문법 써먹기
9788968061318,egu중학영문법구문써먹기,IH-ENG-1283,EGU 중학 영문법: 구문 써먹기
9788968061233,1센치영문법,IH-ENG-1285,1센치 영문법
9788900432190,입이트이는영문법방송cd,IH-ENG-1289,입이 트이는 영문법+방송CD(3 4 5월)(2018)
9791161501468,왕초보가가장많이묻는영문법100,IH-ENG-1290,왕초보가 가장 많이 묻는 영문법 100
9791162661666,해커스공무원영어기초영문법,IH-ENG-1291,해커스공무원 영어 기초 영문법
9791162720462,중학영문법3800제스타터예비중1,IH-ENG-1292,중학영문법 3800제 스타터 예비 중1
9791161653235,영문법100일의기적,IH-ENG-1293,영문법 100일의 기적
9791156574699,해커스편입영어영문법사전,IH-ENG-1294,해커스 편입 영어 영문법사전
9791129701480,메가스터디영문법개념백과186기본편,IH-ENG-1295,메가스터디 영문법 개념백과 186 기본편
9791129701497,메가스터디고등영문법개념백과186문제편,IH-ENG-1296,메가스터디 고등 영문법 개념백과 186 문제편
9791160571905,서술형되는중학영문법기본1,IH-ENG-1297,서술형 되는 중학 영문법 기본 1(교사용)
9791160571912,서술형되는중학영문법기본2,IH-ENG-1298,서술형 되는 중학 영문법 기본 2(교사용)
9791160571936,서술형되는중학영문법실력2,IH-ENG-1299,서술형 되는 중학 영문법 실력 2(교사용)
9791160571943,서술형되는중학영문법완성1,IH-ENG-1300,서술형 되는 중학 영문법 완성 1(교사용)
9791160571950,서술형되는중학영문법완성2,IH-ENG-1301,서술형 되는 중학 영문법 완성 2(교사용)
9788954728003,ebs중학e포스영문법2,IH-ENG-1302,EBS 중학 e포스 영문법 2(2018)
9791161500348,말하기영문법master워크북세트,IH-ENG-1303,말하기 영문법 Master + 워크북 세트
9788954727990,ebs중학e포스영문법1,IH-ENG-1304,EBS 중학 e포스 영문법 1(2018)
9791125929864,중학hellogrammarlevel3,IH-ENG-1306,중학 Hello Grammar(4.0) Level 3(2024)
9791125929840,중학hellogrammarlevel1,IH-ENG-1307,중학 Hello Grammar(4.0) Level 1(2023)
9791159651793,초등기초영문법grammarpop,IH-ENG-1308,초등 기초영문법 Grammar POP(Start 2)
9788974575366,매일10분왕기초영문법의기적,IH-ENG-1309,매일 10분 왕기초 영문법의 기적
9791161500744,welearngrammarintermediate,IH-ENG-1314,We Learn Grammar(위런 그래머)_Intermediate
9791160572353,완전정복초등영문법workbook1,IH-ENG-1316,완전 정복 초등 영문법 Workbook 1
9791160572360,완전정복초등영문법workbook2,IH-ENG-1317,완전 정복 초등 영문법 Workbook 2
9791160572377,완전정복초등영문법workbook3,IH-ENG-1318,완전 정복 초등 영문법 Workbook 3
9791160572384,완전정복초등영문법workbook4,IH-ENG-1319,완전 정복 초등 영문법 Workbook 4
9791160572216,서술형되는중학영문법기본1영작훈련workbook,IH-ENG-1323,서술형 되는 중학 영문법 기본 1: 영작 훈련 WorkBook
9791160572223,서술형되는중학영문법기본2영작훈련workbook,IH-ENG-1324,서술형 되는 중학 영문법 기본 2: 영작 훈련 WorkBook
9791160572230,서술형되는중학영문법실력1영작훈련workbook,IH-ENG-1325,서술형 되는 중학 영문법 실력 1: 영작 훈련 WorkBook
9791160572247,서술형되는중학영문법실력2영작훈련workbook,IH-ENG-1326,서술형 되는 중학 영문법 실력 2: 영작 훈련 WorkBook
9791160572254,서술형되는중학영문법완성1영작훈련workbook,IH-ENG-1327,서술형 되는 중학 영문법 완성 1: 영작 훈련 WorkBook
9791160572261,서술형되는중학영문법완성2영작훈련workbook,IH-ENG-1328,서술형 되는 중학 영문법 완성 2: 영작 훈련 WorkBook
9788974577087,초등첫영문법문법이쓰기다starter2,IH-ENG-1330,초등 첫 영문법 문법이 쓰기다 Starter 2
9788974577070,초등첫영문법문법이쓰기다starter1,IH-ENG-1331,초등 첫 영문법 문법이 쓰기다 Starter 1
9791160571141,완전정복초등영문법1,IH-ENG-1334,완전 정복 초등 영문법 1
9791160571158,완전정복초등영문법2,IH-ENG-1335,완전 정복 초등 영문법 2
9791160571165,완전정복초등영문법3,IH-ENG-1336,완전 정복 초등 영문법 3
9791160571172,완전정복초등영문법4,IH-ENG-1337,완전 정복 초등 영문법 4
9791160571264,서술형되는중학영문법실력1,IH-ENG-1338,서술형 되는 중학 영문법 실력 1
9791161650050,도전만점중등내신서술형3,IH-ENG-1339,도전만점 중등 내신 서술형 3(영문법+쓰기)
9791161650067,도전만점중등내신서술형4,IH-ENG-1340,도전만점 중등 내신 서술형 4(영문법+쓰기)
9791161650036,도전만점중등내신서술형1,IH-ENG-1341,도전만점 중등 내신 서술형 1(영문법+쓰기)
9791161650043,도전만점중등내신서술형2,IH-ENG-1342,도전만점 중등 내신 서술형 2(영문법+쓰기)
9788974574864,매일10분기초영문법의기적,IH-ENG-1344,매일 10분 기초 영문법의 기적
9788974574536,키신토익그래머스타터,IH-ENG-1346,키 신 토익 그래머 스타터(Grammar Starter)
9791125314370,원리를더한영문법starter,IH-ENG-1347,원리를 더한 영문법 Starter
9791157529551,초등만화영문법,IH-ENG-1348,초등 만화 영문법
9788954728010,ebs중학e포스영문법3,IH-ENG-1349,EBS 중학 e포스 영문법 3(2018)
9788926167984,나는초등고학년영어독해이다2,IH-ENG-1350,나는 초등고학년 영어독해이다 2
9788926167977,나는초등고학년영어독해이다1,IH-ENG-1351,나는 초등고학년 영어독해이다 1
9788965426868,해커스능수능란영어독해12회기본,IH-ENG-1352,해커스 능수능란 영어독해 12회 기본
9788965426875,해커스능수능란영어독해15회실력,IH-ENG-1353,해커스 능수능란 영어독해 15회 실력
9791125988151,고등심화영어독해자습서평가문제집22개정,IH-ENG-1354,고등 심화영어독해 자습서평가문제집(오영일)22개정
9791172367640,고등영어독해작문자습서평가문제집,IH-ENG-1355,고등영어 독해작문 자습서평가문제집(윤성호)
9788954798761,ebs수능특강사용설명서영어영역영어독해연습,IH-ENG-1356,EBS 수능특강 사용설명서 영어영역 영어독해연습(2026)(2027 수능대비)
9788954798198,2026ebs수능특강영어영역영어독해연습,IH-ENG-1357,2026 EBS 수능특강 영어영역 영어독해연습
9788917304428,highschoolenglishreadingandwriting해설서평가문제집,IH-ENG-1358,High School English Reading and Writing(고등 영어 독해와 작문) 해설서평가문제집 (2026)
9788968066283,수능실감영어독해5문항모의고사300제,IH-ENG-1359,수능실감 영어 독해 5문항 모의고사 300제
9788968066290,수능실감영어독해10문항모의고사500제,IH-ENG-1360,수능실감 영어 독해 10문항 모의고사 500제
9791165263652,매3영유영별전락독해매일3단계로푸는영어독해,IH-ENG-1361,매3영 유영별 전락독해: 매일 3단계로 푸는 영어독해 (2026)(2027수능대비)
9788954797559,ebs수능기출의미래영어독해,IH-ENG-1362,EBS 수능 기출의 미래 영어독해(2026)(2027수능대비)
9791175631236,마더텅수능기출문제집영어독해,IH-ENG-1363,마더텅 수능기출문제집 영어 독해(2026)(2027 수능대비)
9791165263669,매3영매일3단계로푸는영어독해수능기출고3,IH-ENG-1364,매3영 매일 3단계로 푸는 영어독해 수능기출 고3(2026)
9791173169908,2026full수록수능기출문제집영어독해,IH-ENG-1365,2026 Full수록(풀수록) 수능 기출문제집 영어 독해
9791175630161,마더텅전국연합학력평가기출문제집고2영어독해,IH-ENG-1366,마더텅 전국연합 학력평가 기출문제집 고2 영어 독해(2026)
9788926167205,중학생을위한영어독해plus2,IH-ENG-1367,중학생을 위한 영어독해 PLUS 2
9788926167212,중학생을위한영어독해plus3,IH-ENG-1368,중학생을 위한 영어독해 PLUS 3
9788926167199,중학생을위한영어독해plus1,IH-ENG-1369,중학생을 위한 영어독해 PLUS 1
9791175630130,마더텅전국연합학력평가기출문제집고1영어독해,IH-ENG-1370,마더텅 전국연합 학력평가 기출문제집 고1 영어 독해(2026)
9788954795579,하루6개1등급영어독해전국연합학력평가기출고1,IH-ENG-1371,하루 6개 1등급 영어독해 전국연합학력평가 기출 고1(2026)
9788954795586,하루6개1등급영어독해전국연합학력평가기출고2,IH-ENG-1372,하루 6개 1등급 영어독해 전국연합학력평가 기출 고2(2026)
9788954795371,ebs올림포스전국연합학력평가기출문제집영어독해,IH-ENG-1373,EBS 올림포스 전국연합학력평가 기출문제집 영어독해(고1)(2026)
9788954795548,ebs수능특강light고등영어독해연습,IH-ENG-1374,EBS 수능특강 Light 고등 영어독해연습(2026)
9791165263645,매3영고2매일3단계로푸는영어독해기출고2,IH-ENG-1375,매3영 고2: 매일 3단계로 푸는 영어독해 기출 고2(2025)
9791165263638,매3영고1매일3단계로푸는영어독해기출고1,IH-ENG-1376,매3영 고1: 매일 3단계로 푸는 영어독해 기출 고1(2025)
9788917243901,readingbooster기본수능독해유형분석영어독해모의고사102회,IH-ENG-1377,Reading Booster 기본 수능 독해유형 분석&영어독해 모의고사 10+2회
9788954793605,ebs수능빌드업영어독해,IH-ENG-1379,EBS 수능 빌드업 영어독해(2028 수능대비)
9791129715265,구해영중학영어독해level4,IH-ENG-1380,구해영 중학 영어 독해 Level 4
9791129715241,구해영중학영어독해level3,IH-ENG-1381,구해영 중학 영어 독해 Level 3
9791129715227,구해영중학영어독해level2,IH-ENG-1382,구해영 중학 영어 독해 Level 2
9791129715203,구해영중학영어독해level1,IH-ENG-1383,구해영 중학 영어 독해 Level 1
9791168597679,마더텅수능기출유형별20분미니모의고사24회고3영어독해,IH-ENG-1386,마더텅 수능기출 유형별 20분 미니모의고사 24회 고3 영어 독해(2025)(2026 수능대비)
9791165262655,매3영기출하프모의고사매일3단계로푸는영어독해,IH-ENG-1389,매3영 기출하프모의고사: 매일 3단계로 푸는 영어독해(2025)(2026 수능대비)
9788954787505,수능기출의미래미니모의고사영어독해핵심유형,IH-ENG-1390,수능 기출의 미래 미니모의고사 영어독해 핵심유형(KEY TYPE)(2025)(2026 수능대비)
9788954787499,수능기출의미래미니모의고사영어독해풀유형,IH-ENG-1391,수능 기출의 미래 미니모의고사 영어독해 풀유형(FULL TYPE)(2025)(2026 수능대비)
9788954787420,하루6개1등급영어독해수능모의평가기출고3,IH-ENG-1392,하루 6개 1등급 영어독해: 수능·모의평가 기출 고3
9788965426547,해커스수능영어독해미니모의고사완성,IH-ENG-1395,해커스 수능영어독해 미니 모의고사 완성
9788954786898,올림포스영어독해기본1,IH-ENG-1396,올림포스 영어독해 기본 1(2025)
9788954786904,올림포스영어독해기본2,IH-ENG-1397,올림포스 영어독해 기본 2(2025)
9788954786911,올림포스영어독해9대변별유형,IH-ENG-1398,올림포스 영어독해 9대 변별유형(2025)
9788965427292,hackersreadinggroundlevel3,IH-ENG-1399,Hackers Reading Ground(해커스 리딩 그라운드) Level 3
9788965427285,hackersreadinggroundlevel2,IH-ENG-1400,Hackers Reading Ground(해커스 리딩 그라운드) Level 2
9788965427278,hackersreadinggroundlevel1,IH-ENG-1401,Hackers Reading Ground(해커스 리딩 그라운드) Level 1
9791165262402,매3영빈순삽매일3개씩푸는영어독해빈칸순서삽입,IH-ENG-1402,매3영 빈순삽: 매일 3개씩 푸는 영어독해 빈칸 순서 삽입
9788965426752,해커스수능영어독해미니모의고사122회필수,IH-ENG-1403,해커스 수능영어독해 미니 모의고사 12+2회 필수(2024)
9788965426745,해커스수능영어독해미니모의고사122회기본,IH-ENG-1404,해커스 수능영어독해 미니 모의고사 12+2회 기본(2024)
9788900477115,수작중학비문학영어독해기본,IH-ENG-1412,수작 중학 비문학 영어 독해 기본
9788900477153,수작중학비문학영어독해완성,IH-ENG-1413,수작 중학 비문학 영어 독해 완성
9788900477139,수작중학비문학영어독해실력,IH-ENG-1414,수작 중학 비문학 영어 독해 실력
9788917239294,readingsharp레벨3,IH-ENG-1419,Reading Sharp 레벨 3
9788917239300,readingsharp레벨4,IH-ENG-1420,Reading Sharp 레벨 4
9788917239287,readingsharp레벨2,IH-ENG-1421,Reading Sharp 레벨 2
9788917239270,readingsharp레벨1,IH-ENG-1422,Reading Sharp 레벨 1
9788965426349,해커스독해제대로구문독해,IH-ENG-1423,해커스 독해 제대로 구문독해(2023)(2024 수능대비)
9788965426332,해커스독해제대로기본독해,IH-ENG-1424,해커스 독해 제대로 기본독해(2023)(2024 수능대비)
9788927741558,올리고완성수능영어독해미니모의고사,IH-ENG-1425,올리고 완성 수능 영어 독해 미니모의고사(2023)(2024 수능대비)
9791125341659,능률ebs수능특강변형문제영어독해연습,IH-ENG-1426,능률 EBS 수능특강 변형 문제 영어독해연습(하)(2023)(2024 수능대비)
9791125341642,능률ebs수능특강변형문제688제영어독해연습,IH-ENG-1427,능률 EBS 수능특강 변형 문제 688제 영어독해연습(상)(2023)(2024 수능대비)
9788905054694,중학수능첫걸음영어독해유형,IH-ENG-1430,중학 수능 첫걸음: 영어 독해 유형
9788905054687,중학수능첫걸음영어독해기초편,IH-ENG-1431,중학 수능 첫걸음: 영어독해 기초편
9788927741534,올리고수능영어독해미니모의고사실력,IH-ENG-1433,올리고 수능영어 독해 미니모의고사: 실력
9788927741527,올리고수능영어독해미니모의고사기본,IH-ENG-1434,올리고 수능영어 독해 미니모의고사: 기본
9788954771887,ebs강의노트수능개념김수연의높이뛰기영어독해,IH-ENG-1438,EBS 강의노트 수능개념 김수연의 높이뛰기 영어독해(유형)(2023)(2024 수능대비)
9791162403952,자이스토리중등영어독해기본1,IH-ENG-1444,자이스토리 중등 영어 독해 기본 1
9791162403976,자이스토리중등영어독해기본3,IH-ENG-1445,자이스토리 중등 영어 독해 기본 3
9791162403969,자이스토리중등영어독해기본2,IH-ENG-1446,자이스토리 중등 영어 독해 기본 2
9791166832567,앱솔루트수능대비영어독해기출분석,IH-ENG-1447,앱솔루트 수능대비 영어독해 기출분석
9788968062575,초등영어독해왓츠리딩90b,IH-ENG-1448,초등 영어 독해 왓츠 리딩(What’s Reading) 90B
9788968062599,초등영어독해왓츠리딩100a,IH-ENG-1449,초등 영어 독해 왓츠 리딩(What’s Reading) 100A
9788968062605,초등영어독해왓츠리딩100b,IH-ENG-1450,초등 영어 독해 왓츠 리딩(What’s Reading) 100B
9788968062568,초등영어독해왓츠리딩90a,IH-ENG-1451,초등 영어 독해 왓츠 리딩(What’s Reading) 90A
9791129708489,메가스터디ebs수능특강변형영어영어독해연습194제,IH-ENG-1452,메가스터디 EBS수능특강 변형 영어+영어독해연습 194제(2022)
9788927780038,올리고수능영어독해실전모의고사10회,IH-ENG-1455,올리고 수능영어 독해 실전 모의고사 10회(기본)(2022)
9791138901703,수능영어독해결정적유형모의고사,IH-ENG-1457,수능영어독해 결정적 유형 모의고사(2022)(2023 수능대비)
9788954756396,ebs초등6학년겨울방학영어독해,IH-ENG-1459,EBS 초등 6학년 겨울방학 영어 독해(2024)
9791162403570,자이스토리고난도영어독해,IH-ENG-1461,자이스토리 고난도 영어 독해(2022)(2023 수능대비)
9791125337409,수능만만영어독해20회,IH-ENG-1464,수능만만 영어독해 20회
9791125337362,수능만만영어독해기본101회,IH-ENG-1465,수능만만 영어독해 기본 10+1회
9791138901338,readingmaster리딩마스터구문독해,IH-ENG-1468,Reading master 리딩마스터 구문독해
9791162403266,자이스토리예비중등영어독해level2,IH-ENG-1470,자이스토리 예비 중등 영어 독해 Level 2
9791162403259,자이스토리예비중등영어독해level1,IH-ENG-1471,자이스토리 예비 중등 영어 독해 Level 1
9788927704546,내공중학영어독해예비중1,IH-ENG-1474,내공 중학영어독해: 예비중1
9788927704553,내공중학영어독해예비중2,IH-ENG-1475,내공 중학영어독해: 예비중2
9788927741374,올리고수능영어독해실전모의고사12회,IH-ENG-1476,올리고 수능 영어 독해 실전 모의고사 12회(실력)
9788927741381,올리고수능영어독해실전모의고사15회,IH-ENG-1477,올리고 수능 영어 독해 실전 모의고사 15회(완성)
9791165260590,고공행진중학영어독해level3,IH-ENG-1483,고공행진 중학 영어 독해 Level 3
9788954755092,ebs단기특강고등영어독해어법편,IH-ENG-1491,EBS 단기특강 고등 영어독해 어법편(2024)
9788954755085,ebs단기특강고등영어독해유형편,IH-ENG-1494,EBS 단기특강 고등 영어독해 유형편(2024)
9788917235777,알리go올리go중학영어독해2,IH-ENG-1498,알리GO 올리GO 중학 영어 독해 2
9788917235784,알리go올리go중학영어독해3,IH-ENG-1499,알리GO 올리GO 중학 영어 독해 3
9788917235760,알리go올리go중학영어독해1,IH-ENG-1500,알리GO 올리GO 중학 영어 독해 1
9788968062056,파워업고등영어독해유형편,IH-ENG-1501,파워업 고등 영어 독해유형편
9791165260422,고공행진중학영어독해level2,IH-ENG-1503,고공행진 중학 영어 독해 Level 2
9788954752558,ebs리딩파워주제편,IH-ENG-1509,EBS 리딩 파워(Reading Power) 주제편(2024)
9791165260064,매3영매일3단계로훈련하는영어독해빈칸추론,IH-ENG-1510,매3영 매일 3단계로 훈련하는 영어독해 빈칸추론(2020)
9791164743735,고등영어독해와작문자습서평가문제집,IH-ENG-1516,고등 영어 독해와 작문 자습서 평가문제집
9791189719135,어메이징파닉스리더스세트2,IH-ENG-1524,어메이징 파닉스 리더스(Amazing Phonics Readers) 세트 2
9791189719708,어메이징파닉스리더스세트3,IH-ENG-1525,어메이징 파닉스 리더스(Amazing Phonics Readers) 세트 3
9791129704337,메가스터디중학영어독해level3,IH-ENG-1528,메가스터디 중학영어독해 Level 3
9791129704320,메가스터디중학영어독해level2,IH-ENG-1529,메가스터디 중학영어독해 Level 2
9788968061493,쎄듀고등본영어독해적용편,IH-ENG-1535,쎄듀 고등 본영어 독해적용편
9788927708353,내공고등영어독해실력,IH-ENG-1552,내공 고등 영어독해 실력(2019)
9791189432102,reading101level2,IH-ENG-1556,READING 101 LEVEL 2
9791189432119,reading101level3,IH-ENG-1557,READING 101 LEVEL 3
9791188808458,어메이징파닉스리더스세트1,IH-ENG-1558,어메이징 파닉스 리더스(Amazing Phonics Readers) 세트 1
9788927708339,내공고등영어독해입문,IH-ENG-1559,내공 고등영어독해 입문
9788927708346,내공고등영어독해기본,IH-ENG-1560,내공 고등영어독해 기본
9788954742009,ebs리딩파워구문편,IH-ENG-1572,EBS 리딩 파워(Reading Power) 구문편(2024)
9788927707899,내공중학영어독해실력2,IH-ENG-1573,내공 중학영어독해 실력 2
9788927707882,내공중학영어독해실력1,IH-ENG-1574,내공 중학영어독해 실력 1
9788954741286,ebs리딩파워유형편,IH-ENG-1576,EBS 리딩 파워(Reading Power) 유형편(기본)(2024)
9788927707875,내공중학영어독해기본2,IH-ENG-1581,내공 중학영어독해 기본 2
9788927707844,내공중학영어독해입문1,IH-ENG-1582,내공 중학영어독해 입문 1
9788927707851,내공중학영어독해입문2,IH-ENG-1583,내공 중학영어독해 입문 2
9788927707868,내공중학영어독해기본1,IH-ENG-1584,내공 중학영어독해 기본 1
9788959267095,middle자이스토리중학영어독해완성level3,IH-ENG-1600,Middle 자이스토리 중학 영어 독해 완성(Day 30) Level 3(2019)
9788954733496,ebs중학e포스문화별영어독해,IH-ENG-1606,EBS 중학 e포스 문화별 영어독해(2019년용)
9788962227123,그림으로쑥쑥초등영어독해력3,IH-ENG-1608,그림으로 쑥쑥 초등영어 독해력 3
9788962227116,그림으로쑥쑥초등영어독해력2,IH-ENG-1609,그림으로 쑥쑥 초등영어 독해력 2
9788962227109,그림으로쑥쑥초등영어독해력1,IH-ENG-1610,그림으로 쑥쑥 초등영어 독해력 1
9788954731133,ebs중학e포스영어독해,IH-ENG-1615,EBS 중학 e포스 영어독해(주제별)(2020)
9788954715492,ebs포스고교영어독해의유형2,IH-ENG-1623,EBS 포스 고교 영어독해의 유형 2(2016)
9788967433215,531프로젝트영어독해a형특화,IH-ENG-1624,531 프로젝트 영어 독해 A형 특화(1등급 만들기)(2013)
9788926114209,나는초등고학년영어독해이다3,IH-ENG-1626,나는 초등고학년 영어독해이다 3
9788917218299,고등심화영어독해1해설서,IH-ENG-1627,고등 심화영어독해1 해설서(High School Advanced English Reading1)(한상호)(2013)
9788917218220,영어독해와작문해설서,IH-ENG-1628,영어독해와작문 해설서(High School English Reading and Writing)(신정현)(2013)
9788966946259,highschool실용영어독해와작문자습서,IH-ENG-1629,High School 실용영어독해와작문 자습서(이찬승)(High School Practical English Reading and Writing)
9788917218282,실용영어독해와작문해설서,IH-ENG-1630,실용영어독해와작문 해설서(High School Practical English Reading and Writing)
9788960274709,주제별로정리한중학영어독해1013학년,IH-ENG-1632,주제별로 정리한 중학 영어 독해101 3학년
9788960274686,주제별로정리한중학영어독해1011학년,IH-ENG-1633,주제별로 정리한 중학 영어 독해101 1학년
9788960274693,주제별로정리한중학영어독해1012학년,IH-ENG-1634,주제별로 정리한 중학 영어 독해101 2학년
9788954719216,ebs포스고교영어독해의유형1,IH-ENG-1635,EBS 포스 고교 영어독해의 유형 1(2016)
9788960274518,문법별로정리한영어독해101중학1,IH-ENG-1636,문법별로 정리한 영어 독해 101 중학1
9788960274532,문법별로정리한영어독해101중학3,IH-ENG-1638,문법별로 정리한 영어 독해 101 중학3
9788960274525,문법별로정리한영어독해101중학2,IH-ENG-1639,문법별로 정리한 영어 독해 101 중학2
9788926917749,고등심화영어독해와작문자습서,IH-ENG-1643,고등심화영어독해와작문(ADVANCED ENGLISH READING AND WRITING )자습서
9788959975167,영어독해와작문advancedenglishreadingandwriting자습서,IH-ENG-1645,영어독해와작문ADVANCED ENGLISH READING AND WRITING 자습서(HIGH SCHOOL)(2007개정)(2010)
9788959975150,영어독해와작문자습서,IH-ENG-1646,영어독해와작문 자습서(HIGH SCHOOL)(2007개정)(2010)
9788959950423,로빈후드,IH-ENG-1651,"로빈 후드 (책 + CD 1장) (영어 독해력 증강 프로그램, Grade 3)"
9788968066665,쎄듀빠르게중학영어듣기모의고사25회1,IH-ENG-1652,쎄듀 빠르게 중학영어듣기 모의고사 25회 1
9788968066672,쎄듀빠르게중학영어듣기모의고사25회2,IH-ENG-1653,쎄듀 빠르게 중학영어듣기 모의고사 25회 2
9788968066689,쎄듀빠르게중학영어듣기모의고사25회3,IH-ENG-1654,쎄듀 빠르게 중학영어듣기 모의고사 25회 3
9791175900967,2026중학영어듣기모의고사24회level1,IH-ENG-1655,2026 중학영어 듣기모의고사 24회 Level 1
9791175900974,2026중학영어듣기모의고사24회level2,IH-ENG-1656,2026 중학 영어 듣기모의고사 24회 Level 2
9791175900981,2026중학영어듣기모의고사24회level3,IH-ENG-1657,2026 중학 영어 듣기모의고사 24회 Level 3
9788954798181,2026ebs수능특강영어영역영어듣기,IH-ENG-1658,2026 EBS 수능특강 영어영역 영어듣기
9791168599918,100수능형마더텅mp3수능영어듣기35회실전모의고사,IH-ENG-1659,100% 수능형 마더텅 MP3 수능영어듣기 35회 실전모의고사(2026)(2027 수능대비)
9791175631243,2026마더텅수능기출문제집영어듣기,IH-ENG-1660,2026 마더텅 수능기출문제집 영어 듣기
9791162409091,2026자이스토리영어듣기실전모의고사35회,IH-ENG-1661,2026 자이스토리 영어 듣기 실전 모의고사 35회
9788954796798,ebs강의노트수능개념김용지의용한마리영어듣기basic,IH-ENG-1662,EBS 강의노트 수능개념 김용지의 용~한마리 영어듣기 Basic(2026)(2028 수능대비)
9788954796545,ebs강의노트수능개념김용지의용한마리영어듣기,IH-ENG-1663,EBS 강의노트 수능개념 김용지의 용~한마리 영어 듣기(2026)(2027 수능대비)
9791129715760,2026메가스터디수능영어듣기모의고사기본편20회,IH-ENG-1664,2026 메가스터디 수능 영어 듣기 모의고사 기본편 20회
9791129715784,2026메가스터디수능영어듣기모의고사실력편30회,IH-ENG-1665,2026 메가스터디 수능 영어 듣기 모의고사 실력편 30회
9791162409039,자이스토리영어듣기완성모의고사,IH-ENG-1666,자이스토리 영어 듣기 완성 모의고사(2026)
9791168599871,100실전대비mp3고교영어듣기24회모의고사1학년,IH-ENG-1667,100% 실전대비 MP3 고교영어듣기 24회 모의고사 1학년(2026)
9791168599888,100실전대비mp3고교영어듣기24회모의고사2학년,IH-ENG-1668,100% 실전대비 MP3 고교영어듣기 24회 모의고사 2학년(2026)
9791162408995,자이스토리영어듣기기본모의고사24회,IH-ENG-1669,자이스토리 영어 듣기 기본 모의고사 24회(2026)
9791175630178,마더텅전국연합학력평가기출문제집고2영어듣기,IH-ENG-1670,마더텅 전국연합 학력평가 기출문제집 고2 영어 듣기(2026)
9791175630147,2026마더텅전국연합학력평가기출문제집고1영어듣기,IH-ENG-1671,2026 마더텅 전국연합 학력평가 기출문제집 고1 영어 듣기
9791168599833,마더텅100실전대비mp3중학영어듣기24회모의고사3학년,IH-ENG-1672,마더텅 100% 실전대비 MP3 중학영어듣기 24회 모의고사 3학년(2026)
9791168599826,마더텅100실전대비mp3중학영어듣기24회모의고사2학년,IH-ENG-1673,마더텅 100% 실전대비 MP3 중학영어듣기 24회 모의고사 2학년(2026)
9791168599819,마더텅100실전대비mp3중학영어듣기24회모의고사1학년,IH-ENG-1674,마더텅 100% 실전대비 MP3 중학영어듣기 24회 모의고사 1학년(2026)
9791129715609,메가스터디중학영어듣기모의고사22회level3,IH-ENG-1675,메가스터디 중학영어듣기 모의고사 22회 Level 3
9791129715562,메가스터디중학영어듣기모의고사22회level1,IH-ENG-1676,메가스터디 중학영어듣기 모의고사 22회 Level 1
9791129715586,메가스터디중학영어듣기모의고사22회level2,IH-ENG-1677,메가스터디 중학영어듣기 모의고사 22회 Level 2
9788900487305,수프림수능영어듣기모의고사20회기본,IH-ENG-1678,수프림 수능 영어 듣기 모의고사 20회 기본
9788900487329,수프림수능영어듣기모의고사25회실전,IH-ENG-1679,수프림 수능 영어 듣기 모의고사 25회 실전
9791162408353,자이스토리고등영어듣기총정리모의고사25회고1,IH-ENG-1680,자이스토리 고등 영어 듣기 총정리 모의고사 25회 고1(2025)
9791162408346,자이스토리중학영어듣기총정리모의고사25회중3,IH-ENG-1681,자이스토리 중학 영어 듣기 총정리 모의고사 25회 중3
9791162408339,자이스토리중학영어듣기총정리모의고사25회중2,IH-ENG-1682,자이스토리 중학 영어 듣기 총정리 모의고사 25회 중2(2025)
9788927741626,올리고수능영어듣기실전모의고사40회,IH-ENG-1683,올리고 수능 영어 듣기 실전 모의고사 40회
9788954790451,listeningpower고교영어듣기실력수능기출유형적중모의고사,IH-ENG-1684,Listening POWER 고교영어듣기 실력 수능기출유형+적중모의고사
9788954790444,listeningpower고교영어듣기기본학평기출유형적중모의고사,IH-ENG-1685,Listening POWER 고교영어듣기 기본 학평기출유형+적중모의고사
9788927741619,올리고수능영어듣기실전모의고사30회,IH-ENG-1686,올리고 수능 영어 듣기 실전 모의고사 30회
9791162406045,자이스토리중학영어듣기총정리모의고사25회중1,IH-ENG-1692,자이스토리 중학 영어 듣기 총정리 모의고사 25회 중1
9788927741602,올리고수능영어듣기실전모의고사20회,IH-ENG-1693,올리고 수능 영어 듣기 실전 모의고사 20회(2024)(2025 수능대비)
9788965426592,해커스수능영어듣기모의고사305회실전,IH-ENG-1695,해커스 수능영어듣기 모의고사 30+5회 실전
9788965426585,해커스수능영어듣기모의고사305회기본,IH-ENG-1696,해커스 수능영어듣기 모의고사 30+5회 기본
9788954778527,중학수능특강영어듣기,IH-ENG-1698,중학 수능특강 영어듣기
9788954778688,ebs초등영어듣기평가완벽대비52,IH-ENG-1699,EBS 초등 영어듣기평가 완벽대비 5-2(2024)
9788954778695,ebs초등영어듣기평가완벽대비61,IH-ENG-1700,EBS 초등 영어듣기평가 완벽대비 6-1(2024)
9788954778664,ebs초등영어듣기평가완벽대비42,IH-ENG-1701,EBS 초등 영어듣기평가 완벽대비 4-2(2024)
9788954778657,ebs초등영어듣기평가완벽대비41,IH-ENG-1702,EBS 초등 영어듣기평가 완벽대비 4-1(2024)
9788954778701,ebs초등영어듣기평가완벽대비62,IH-ENG-1703,EBS 초등 영어듣기평가 완벽대비 6-2
9788954778671,ebs초등영어듣기평가완벽대비51,IH-ENG-1704,EBS 초등 영어듣기평가 완벽대비 5-1
9788954778640,ebs초등영어듣기평가완벽대비32,IH-ENG-1705,EBS 초등 영어듣기평가 완벽대비 3-2(2024)
9788954778633,ebs초등영어듣기평가완벽대비31,IH-ENG-1706,EBS 초등 영어듣기평가 완벽대비 3-1(2024)
9791166835452,넥서스중학영어듣기모의고사25회3,IH-ENG-1707,넥서스 중학 영어듣기 모의고사 25회 3
9791166835445,넥서스중학영어듣기모의고사25회2,IH-ENG-1708,넥서스 중학 영어듣기 모의고사 25회 2
9791166835438,넥서스중학영어듣기모의고사25회1,IH-ENG-1709,넥서스 중학 영어듣기 모의고사 25회 1
9788965425885,해커스수능영어듣기모의고사204회실전,IH-ENG-1710,해커스 수능영어듣기 모의고사 20+4회 실전
9788965425878,해커스수능영어듣기모의고사204회기본,IH-ENG-1711,해커스 수능영어듣기 모의고사 20+4회 기본
9788954770774,ebs중학영어듣기능력평가완벽대비중3,IH-ENG-1712,EBS 중학 영어듣기 능력평가 완벽대비 중3
9788954770767,ebs중학영어듣기능력평가완벽대비중2,IH-ENG-1713,EBS 중학 영어듣기 능력평가 완벽대비 중2
9788954770750,ebs중학영어듣기능력평가완벽대비중1,IH-ENG-1714,EBS 중학 영어듣기 능력평가 완벽대비 중1
9791125340379,능률중학영어듣기모의고사22회level1,IH-ENG-1716,능률 중학영어듣기 모의고사 22회 Level 1(2024)
9791125340386,능률중학영어듣기모의고사22회level2,IH-ENG-1717,능률 중학영어듣기 모의고사 22회 Level 2(2024)
9791125340393,능률중학영어듣기모의고사22회level3,IH-ENG-1718,능률 중학영어듣기 모의고사 22회 Level 3(2024)
9788965424918,해커스중학영어듣기모의고사24회level3영어듣기만점을위한완벽한실전대비서,IH-ENG-1719,해커스 중학영어듣기 모의고사 24회 Level 3: 영어듣기 만점을 위한 완벽한 실전 대비서
9788965424901,해커스중학영어듣기모의고사24회level2영어듣기만점을위한완벽한실전대비서,IH-ENG-1720,해커스 중학영어듣기 모의고사 24회 Level 2: 영어듣기 만점을 위한 완벽한 실전 대비서
9788965424895,해커스중학영어듣기모의고사24회level1영어듣기만점을위한완벽한실전대비서,IH-ENG-1721,해커스 중학영어듣기 모의고사 24회 Level 1: 영어듣기 만점을 위한 완벽한 실전 대비서
9788927780229,coollistening3,IH-ENG-1722,Cool Listening 3
9788954766463,ebs수능특강light고등영어듣기,IH-ENG-1723,EBS 수능특강 Light 고등 영어듣기(2023)
9788927780199,coollisteningbasic3,IH-ENG-1724,Cool Listening Basic 3
9788927780182,coollisteningbasic2,IH-ENG-1725,Cool Listening Basic 2
9788917238709,listeningbooster리스닝부스터영어듣기모의고사25회,IH-ENG-1726,Listening Booster 리스닝 부스터 영어듣기 모의고사 25회
9788917238716,listeningbooster리스닝부스터영어듣기모의고사30회,IH-ENG-1727,Listening Booster 리스닝 부스터 영어듣기 모의고사 30회
9788917238693,listeningbooster리스닝부스터기본,IH-ENG-1728,Listening Booster 리스닝 부스터 기본
9791125337577,능률초등영어듣기모의고사10회42,IH-ENG-1729,능률 초등영어 듣기모의고사 10회 4-2
9791125337584,능률초등영어듣기모의고사10회51,IH-ENG-1730,능률 초등영어 듣기모의고사 10회 5-1
9791125337591,능률초등영어듣기모의고사10회52,IH-ENG-1731,능률 초등영어 듣기모의고사 10회 5-2
9791125337614,능률초등영어듣기모의고사10회62,IH-ENG-1732,능률 초등영어 듣기모의고사 10회 6-2
9791125337607,능률초등영어듣기모의고사10회61,IH-ENG-1733,능률 초등영어 듣기모의고사 10회 6-1
9791125337560,능률초등영어듣기모의고사10회41,IH-ENG-1734,능률 초등영어 듣기모의고사 10회 4-1
9791125337423,수능만만영어듣기35회,IH-ENG-1735,수능만만 영어듣기 35회
9791125337416,수능만만영어듣기20회,IH-ENG-1736,수능만만 영어듣기 20회
9791125337379,수능만만영어듣기20회기본,IH-ENG-1740,수능만만 영어듣기 20회 기본
9791125337386,수능만만기본영어듣기모의고사355회,IH-ENG-1741,수능만만 기본 영어듣기 모의고사 35+5회
9791162403242,자이스토리초등영어듣기평가모의고사32,IH-ENG-1745,자이스토리 초등 영어 듣기 평가 모의고사 3-2
9791162403235,자이스토리초등영어듣기평가모의고사31,IH-ENG-1746,자이스토리 초등 영어 듣기 평가 모의고사 3-1
9788926156346,듣기는실전이다24회중학1,IH-ENG-1789,듣기는 실전이다 24회 중학 1
9788926156353,듣기는실전이다24회중학2,IH-ENG-1790,듣기는 실전이다 24회 중학 2
9788926156360,듣기는실전이다24회중학3,IH-ENG-1791,듣기는 실전이다 24회 중학 3
9788926156315,듣기는실전이다26회,IH-ENG-1806,듣기는 실전이다 26회
9788926156339,듣기는실전이다basic24회,IH-ENG-1807,듣기는 실전이다 BASIC 24회
9788954738262,ebs올림포스고교영어듣기basic플러스,IH-ENG-1826,EBS 올림포스 고교 영어듣기 Basic 플러스(2017)
9791157526055,영어듣기발음절대매뉴얼,IH-ENG-1827,영어 듣기 발음 절대 매뉴얼
9788954735032,ebs고교영어듣기,IH-ENG-1855,EBS 고교 영어듣기
9788954726627,ebs올림포스고교영어듣기basic,IH-ENG-1885,EBS 올림포스 고교 영어듣기 Basic(2017)
9788954726375,ebsfm라디오중학영어듣기level1,IH-ENG-1902,EBS FM 라디오 중학 영어듣기 Level 1(2017)
9788954717670,ebsfm라디오고교영어듣기3,IH-ENG-1906,EBS FM 라디오 고교영어듣기 3(2012)
9788954718820,ebsfm라디오중학영어듣기level2,IH-ENG-1913,EBS FM 라디오 중학영어듣기 LEVEL 2(2017)
9788905035648,하이라이트영어듣기말하기,IH-ENG-1917,하이라이트 영어 듣기 말하기(기본편)(2011)
9788974570903,영어듣기쉽게끝내는법,IH-ENG-1934,영어듣기 쉽게 끝내는 법(꼬불 꼬불)
9791140718665,영어회화핵심패턴233첫걸음편,IH-ENG-1935,영어회화 핵심패턴 233 첫걸음편
9791171012435,영어회화가아닌영어대화,IH-ENG-1936,영어 회화가 아닌 영어 대화
9791140717804,네이티브영어회화이디엄101,IH-ENG-1937,네이티브 영어회화 이디엄 101
9791124028506,66일영어말하기감각훈련,IH-ENG-1938,66일 영어 말하기 감각 훈련
9791125987284,고등실생활영어회화자습서평가문제집,IH-ENG-1939,고등 실생활 영어회화 자습서평가문제집(김현진)
9791124028322,영어프리토킹100일의기적withai,IH-ENG-1940,영어 프리토킹 100일의 기적 with AI
9791171011995,영어회화기초패턴먼저훈련,IH-ENG-1941,영어 회화 기초 패턴 먼저 훈련
9788917243956,지름길영어회화50일완성,IH-ENG-1942,지름길 영어회화 50일 완성
9791171011957,영어회화패턴훈련1차임계점,IH-ENG-1943,영어 회화 패턴 훈련 1차 임계점
9791140715121,readytoorder주문하시겠습니까,IH-ENG-1944,Ready to Order? 주문하시겠습니까?
9791140712380,영국현지영어회화무작정따라하기,IH-ENG-1945,영국 현지 영어회화 무작정 따라하기
9791161505459,기적의말하기영어회화패턴1000,IH-ENG-1946,기적의 말하기 영어회화 패턴 1000
9791171011698,영어회화의결정적콜로케이션들,IH-ENG-1947,영어 회화의 결정적 콜로케이션들
9791161509754,영어가바로터지는기적의말하기영단어1000,IH-ENG-1948,영어가 바로 터지는 기적의 말하기 영단어 1000
9791161509679,시원스쿨네이티브어디서나통하는리얼영어회화,IH-ENG-1949,시원스쿨 네이티브 어디서나 통하는 리얼 영어회화
9791166839542,나혼자영어회화훈련,IH-ENG-1950,나혼자 영어회화 훈련
9791140712359,66일영어회화비밀과외,IH-ENG-1951,66일 영어회화 비밀과외
9791161509303,핵심영어회화,IH-ENG-1952,핵심 영어 회화
9791166838958,마흔에시작하는영어회화,IH-ENG-1953,마흔에 시작하는 영어회화
9791166838941,영어회화트레이닝포스터,IH-ENG-1954,영어회화 트레이닝 포스터(원어민 MP3 제공)
9791161508658,영어회화챌린지200,IH-ENG-1955,영어회화 챌린지 200
9771228593001,중급영어회화파워잉글리시,IH-ENG-1956,중급영어회화 파워잉글리시(라디오)(2024년 7월호)
9771228594008,easyenglish초급영어회화,IH-ENG-1957,Easy English 초급 영어회화(2024년 7월호)
9788901281797,빨모쌤의라이브영어회화,IH-ENG-1958,빨모쌤의 라이브 영어회화
9791166838378,왕초보영어회화100일의기적원어민mp3저자해설강의포함,IH-ENG-1959,"왕초보 영어회화 100일의 기적 [원어민 MP3, 저자 해설강의 포함]"
9791171010547,영어회화패턴훈련,IH-ENG-1960,영어 회화 패턴 훈련
9791166836633,센스있는현지영어회화,IH-ENG-1961,센스 있는 현지 영어회화
9791171010400,미국인사용빈도다반사영어회화구동사2,IH-ENG-1962,미국인 사용빈도 다반사 영어회화 구동사 2
9791166836329,영어회화콜로케이션활용사전,IH-ENG-1963,영어회화 콜로케이션 활용 사전
9791161507286,66challenge,IH-ENG-1964,66 Challenge
9788965423614,영어회화10분의기적미국에서당장써먹는영어,IH-ENG-1965,영어회화 10분의 기적: 미국에서 당장 써먹는 영어
9791140704255,영어회화핵심패턴233비즈니스편,IH-ENG-1966,영어회화 핵심패턴 233 비즈니스편
9788960497498,미국영어회화문법1명사관련활용,IH-ENG-1967,미국 영어 회화 문법 1: 명사 관련 활용
9788960498839,미국영어회화1,IH-ENG-1968,미국 영어 회화 1
9788960498075,영어회화의결정적구동사들,IH-ENG-1969,영어 회화의 결정적 구동사들
9788965422938,영어회화10분의기적아는단어로말하기,IH-ENG-1970,영어회화 10분의 기적: 아는 단어로 말하기
9788965422037,해커스톡자동발사영어기초영어말하기1,IH-ENG-1971,해커스톡 자동발사영어 기초영어 말하기 1
9788965422044,해커스톡자동발사영어기초영어말하기2,IH-ENG-1972,해커스톡 자동발사영어 기초영어 말하기 2
9791166834738,이보영의120분영어회화트레이닝,IH-ENG-1973,이보영의 120분 영어회화 트레이닝
9788965422778,여행영어10분의기적,IH-ENG-1974,여행영어 10분의 기적
9788965423256,영어회화10분의기적케바케골라말하기,IH-ENG-1975,영어회화 10분의 기적: 케바케 골라 말하기
9788960499959,미국인사용빈도다반사영어회화구동사,IH-ENG-1976,미국인 사용빈도 다반사 영어회화 구동사
9791140702282,비즈니스영어회화이메일표현사전,IH-ENG-1977,비즈니스 영어회화 & 이메일 표현사전
9791140702510,영어회화핵심패턴233중고급편,IH-ENG-1978,영어회화 핵심패턴 233: 중고급편
9791140702503,영어회화핵심패턴233,IH-ENG-1979,영어회화 핵심패턴 233
9791166834226,센스있는영어표현,IH-ENG-1980,센스 있는 영어 표현
9791166834233,영어회화100일의기적암기카드,IH-ENG-1981,영어회화 100일의 기적 암기 카드
9788960499720,입영작영어회화1,IH-ENG-1982,입영작 영어회화 1
9788960499713,영어회화입영작훈련1,IH-ENG-1983,영어회화 입영작 훈련 1
9788965422013,해커스톡자동발사영어왕초보말문트기1,IH-ENG-1984,해커스톡 자동발사영어 왕초보 말문트기 1
9788965422020,해커스톡자동발사영어왕초보말문트기2,IH-ENG-1985,해커스톡 자동발사영어 왕초보 말문트기 2
9791166833557,영어회화100일의기적,IH-ENG-1986,영어회화 100일의 기적
9788900470888,powerenglish중급영어회화,IH-ENG-1987,Power English 중급 영어회화(2022년 3~5월호)
9788927701620,네이티브영어회화이디엄사전,IH-ENG-1988,네이티브 영어회화 이디엄 사전
9791165219178,스크린영어회화라따뚜이,IH-ENG-1989,스크린 영어회화 라따뚜이
9788960499485,영어회화이디엄3,IH-ENG-1990,영어회화 이디엄 3
9788965422051,해커스톡자동발사영어레벨업길게말하기1,IH-ENG-1991,해커스톡 자동발사영어 레벨업 길게 말하기 1
9788965422228,해커스톡자동발사영어레벨업길게말하기2,IH-ENG-1992,해커스톡 자동발사영어 레벨업 길게 말하기 2
9788965422679,영어회화10분의기적유명인처럼말하기,IH-ENG-1993,영어회화 10분의 기적: 유명인처럼 말하기
9788965422709,왕초보영어회화10분의기적기초패턴으로말하기,IH-ENG-1994,왕초보 영어회화 10분의 기적: 기초패턴으로 말하기
9788960499331,영어회화필수패턴부터해결한다,IH-ENG-1995,영어 회화 필수 패턴부터 해결한다
9791130679006,강성태66일영어회화,IH-ENG-1996,강성태 66일 영어회화
9791165216504,스크린영어회화루카,IH-ENG-1997,스크린 영어회화: 루카
9791165213503,스크린영어회화라야와마지막드래곤,IH-ENG-1998,스크린 영어회화: 라야와 마지막 드래곤
9791165214579,디즈니영어회화핵심패턴233,IH-ENG-1999,디즈니 영어회화 핵심패턴 233
9791166830792,진짜쓸모있는영어회화,IH-ENG-2000,진짜 쓸모 있는 영어회화
9791165215484,네이티브영어회화1000제,IH-ENG-2001,네이티브 영어회화 1000제
9791165260835,혼자공부하는영어습관의힘기초영단어영어회화편,IH-ENG-2002,혼자 공부하는 영어 습관의 힘: 기초 영단어 + 영어회화 편
9788960498952,영어회화이디엄2,IH-ENG-2003,영어회화 이디엄 2
9788954757751,입이트이는영어보카,IH-ENG-2004,입이 트이는 영어 보카
9791166830310,영어회화쓰기노트,IH-ENG-2006,영어회화 쓰기 노트
9791161504636,시원스쿨기적의말하기영어패턴,IH-ENG-2007,시원스쿨 기적의 말하기 영어패턴
9788965422655,영어회화10분의기적패턴으로말하기,IH-ENG-2009,영어회화 10분의 기적: 패턴으로 말하기
9791191209815,네이티브영어회화의정석,IH-ENG-2010,네이티브 영어회화의 정석
9788960498846,미국영어회화2,IH-ENG-2011,미국 영어 회화 2
9791191209051,청크영어회화비즈니스편,IH-ENG-2012,청크 영어회화: 비즈니스편
9791191209044,청크영어회화일상회화편,IH-ENG-2013,청크 영어회화: 일상회화편
9791191209532,영어회화더비기닝,IH-ENG-2014,영어회화: 더 비기닝
9788927701347,345단어로끝내는비즈니스영어회화,IH-ENG-2015,3·4·5단어로 끝내는 비즈니스 영어회화
9791191209013,영어회화100일의기적2,IH-ENG-2018,영어회화 100일의 기적 2
9788960498754,영어회화의결정적상황들,IH-ENG-2019,영어 회화의 결정적 상황들
9791165213114,영알남의영어의진실영어회화,IH-ENG-2020,영알남의 영어의 진실: 영어회화
9791165210649,스크린영어회화뮬란,IH-ENG-2022,스크린 영어회화: 뮬란
9791130631141,딱이만큼영어회화,IH-ENG-2023,딱 이만큼 영어 회화
9788917232271,브이로그영어회화,IH-ENG-2025,브이로그 영어회화
9791165210496,스크린영어회화온워드단하루의기적,IH-ENG-2026,스크린 영어회화 온워드 단 하루의 기적
9788965423690,영어회화10분의기적세트,IH-ENG-2027,영어회화 10분의 기적 세트
9791161659695,매일쓰는미국영어회화100,IH-ENG-2028,매일 쓰는 미국 영어 회화 100
9791165210007,30장면으로끝내는스크린영어회화겨울왕국2,IH-ENG-2029,30장면으로 끝내는 스크린 영어회화 겨울왕국2
9788927701262,청춘영어직업영어,IH-ENG-2030,청춘 영어: 직업영어
9788960498310,영어회화의결정적단어들,IH-ENG-2031,영어 회화의 결정적 단어들
9791189719999,혼자공부하는영어습관의힘영어패턴영어회화편,IH-ENG-2032,혼자 공부하는 영어 습관의 힘: 영어패턴+영어회화 편
9788960498228,영어회화이디엄,IH-ENG-2033,영어회화 이디엄
9788965423317,해커스톡영어회화10분의기적세트,IH-ENG-2034,해커스톡 영어회화 10분의 기적 세트
9791160509946,즐거운영어생활1교시일상생활영어회화,IH-ENG-2035,즐거운 영어생활 1교시: 일상생활 영어회화
9791160509953,즐거운영어생활2교시여가생활영어회화,IH-ENG-2036,즐거운 영어생활 2교시: 여가생활 영어회화
9791160509960,즐거운영어생활3교시사회생활영어회화,IH-ENG-2037,즐거운 영어생활 3교시: 사회생활 영어회화
9788927701200,비즈니스영어회화표현사전,IH-ENG-2038,비즈니스 영어회화 표현사전
9791196626631,미국인을처음만난왕초보의리얼영어회화,IH-ENG-2040,미국인을 처음 만난 왕초보의 리얼 영어회화
9788960498129,영어회화의결정적표현들,IH-ENG-2041,영어 회화의 결정적 표현들
9791159242250,스크린영어회화라이온킹,IH-ENG-2042,스크린 영어회화: 라이온 킹
9788960497849,영어회화의결정적패턴들,IH-ENG-2045,영어 회화의 결정적 패턴들
9791161656298,마이클쌤의리얼영어회화,IH-ENG-2047,마이클쌤의 리얼 영어회화
9788960497801,국가대표영어회화훈련법,IH-ENG-2049,국가대표 영어회화 훈련법
9791161502298,실무에서바로쓰는비즈니스영어회화이메일,IH-ENG-2051,실무에서 바로 쓰는 비즈니스 영어 회화 & 이메일
9788960497504,미국영어회화문법2동사와시제,IH-ENG-2052,미국 영어 회화 문법 2: 동사와 시제
9788917230963,highschoolenglishconversation해설서,IH-ENG-2053,High School English Conversation(고등 영어 회화) 해설서
9788927701088,1인칭시점영어회화트레이닝해외여행편,IH-ENG-2054,1인칭시점 영어회화 트레이닝: 해외여행편
9791188808878,아이작꿀영어일상회화편,IH-ENG-2056,아이작 꿀영어: 일상회화편
9791159241994,스크린영어회화업,IH-ENG-2057,스크린 영어회화: 업
9791159241840,스크린영어회화인크레더블,IH-ENG-2058,스크린 영어회화: 인크레더블
9791159241857,스크린영어회화인크레더블2,IH-ENG-2059,스크린 영어회화: 인크레더블 2
9788900432183,easyenglish초급영어회화방송cd,IH-ENG-2060,Easy English 초급 영어회화 +방송CD(3 4 5월)(2018)
9788900432206,powerenglish중급영어회화방송cd,IH-ENG-2061,Power English 중급 영어회화 +방송CD(3 4 5월)(2018)
9791161653952,나를위한영어회화,IH-ENG-2063,나를 위한 영어회화
9788927701026,청춘영어일상회화,IH-ENG-2064,청춘영어: 일상회화
9791159241666,스크린영어회화라푼젤,IH-ENG-2065,스크린 영어회화: 라푼젤
9788960496705,센텐스빌딩영어회화정말잘하고싶은사람들에게권함,IH-ENG-2066,"센텐스-빌딩, 영어 회화 정말 잘하고 싶은 사람들에게 권함"
9791188808182,매일10분기초영어회화의기적생활영어여행영어세트,IH-ENG-2067,매일 10분 기초 영어회화의 기적: 생활영어 + 여행영어 세트
9791188808199,매일10분기초영어회화의기적생활영어편,IH-ENG-2068,매일 10분 기초 영어회화의 기적: 생활영어 편
9791188808205,매일10분기초영어회화의기적여행영어편,IH-ENG-2069,매일 10분 기초 영어회화의 기적: 여행영어 편
9788917229349,하루3분패턴영어,IH-ENG-2070,하루3분 패턴영어
9788960496552,위대한매일영어회화어휘쌩2,IH-ENG-2076,위대한 매일 영어 회화 어휘 쌩 2
9788960496545,위대한매일영어회화어휘쌩1,IH-ENG-2077,위대한 매일 영어 회화 어휘 쌩 1
9791161651811,365일기적의영어회화다이어리,IH-ENG-2078,365일 기적의 영어회화 다이어리
9788974574567,매일10분기초영어패턴의기적,IH-ENG-2080,매일 10분 기초 영어 패턴의 기적
9791130613697,100단어영어회화의기적,IH-ENG-2082,100단어 영어회화의 기적
9791159241246,스크린영어회화카3,IH-ENG-2083,스크린 영어회화: 카3
9791161650654,왕초보영어회화훈련북,IH-ENG-2085,왕초보 영어회화 훈련북
9791161650371,하고싶은영어회화,IH-ENG-2086,하고싶은 영어회화
9791161500294,여행영어10분벼락치기,IH-ENG-2087,여행영어 10분 벼락치기
9791161650104,글로벌금융증권영어회화,IH-ENG-2088,글로벌 금융증권 영어회화
9788960496309,사용빈도1억영어회화표현,IH-ENG-2090,사용빈도 1억 영어회화 표현
9788927700845,기초영어특급패턴101,IH-ENG-2091,기초영어 특급패턴 101
9791159241093,미드영어회화핵심패턴233,IH-ENG-2092,미드 영어회화 핵심패턴 233
9788960496217,입영작영어회화영어로진짜길게말하기,IH-ENG-2093,입영작 영어회화 영어로 진짜 길게 말하기
9788998454739,영어패턴500플러스,IH-ENG-2095,영어패턴 500 플러스 +
9788917227123,english9001,IH-ENG-2096,English 900 1
9788960496163,입영작영어회화영어로더잘대답하기,IH-ENG-2099,입영작 영어회화: 영어로 더 잘 대답하기
9788960496156,입영작영어회화영어로잘대답하기,IH-ENG-2100,입영작 영어회화: 영어로 잘 대답하기
9788927700814,영어회화리얼표현258,IH-ENG-2105,영어회화 리얼표현 258
9791159240546,스크린영어회화디즈니픽사편,IH-ENG-2106,스크린 영어회화: 디즈니픽사 편
9791159240492,배트면영어회화,IH-ENG-2112,배트면 영어회화
9791159240362,비즈니스영어회화무작정따라하기,IH-ENG-2115,비즈니스 영어회화 무작정 따라하기
9791157527168,연세대학교외국어학당영어회화everydayenglish,IH-ENG-2116,연세대학교 외국어학당 영어회화 Everyday English
9788927700760,영어회화특급패턴202,IH-ENG-2117,영어회화 특급패턴 202
9791159240126,생활속영어회화무작정따라하기,IH-ENG-2119,생활 속 영어회화 무작정 따라하기
9791157526406,초등필수영어회화쓰기,IH-ENG-2124,초등 필수 영어회화 쓰기
9791157525485,달달한영어회화,IH-ENG-2126,달달한 영어회화
9791157522460,미드에서건진리얼영어회화,IH-ENG-2127,미드에서 건진 리얼 영어회화
9788960495609,비즈니스영어회화표현훈련1,IH-ENG-2129,비즈니스 영어회화 표현훈련 1
9788960479012,미국현지영어회화무작정따라하기,IH-ENG-2137,미국 현지 영어회화 무작정 따라하기
9788960494459,영어회화입영작훈련specialedition,IH-ENG-2138,영어회화 입영작 훈련 Special Edition
9791157521210,영어회화키포인트200,IH-ENG-2140,영어회화 키포인트 200
9788960479029,영어회화무작정따라하기,IH-ENG-2141,영어회화 무작정 따라하기
9788960494084,영어회화입영작훈련4,IH-ENG-2142,영어회화 입영작 훈련 4
9788917222708,왕초보영어회화,IH-ENG-2145,왕초보 영어회화
9788967909123,영어회화마스터1000여행회화편,IH-ENG-2146,영어회화 마스터 1000+: 여행회화편
9788960494039,영어회화입영작훈련2,IH-ENG-2147,영어회화 입영작 훈련 2
9788917222265,영어회화기본패턴,IH-ENG-2150,영어회화 기본패턴
9788960494015,영어회화입영작훈련,IH-ENG-2152,영어회화 입영작 훈련 (set)
9788960493650,영어회화훈련실천다이어리2,IH-ENG-2153,영어 회화 훈련 실천 다이어리 2
9788960477834,30장면으로끝내는스크린영어회화몬스터대학교,IH-ENG-2154,30장면으로 끝내는 스크린 영어회화: 몬스터 대학교
9788917218305,심화영어회화1해설서,IH-ENG-2158,심화영어회화1 해설서(High School Advanced English Conversation 1)(2013)
9788917218275,실용영어회화해설서,IH-ENG-2159,실용영어회화 해설서(High School Practical English Conversation)(2013)
9788966946587,실용영어회화자습서,IH-ENG-2161,실용영어회화 자습서(High School Practical English Conversation)
9788917218213,영어회화해설서,IH-ENG-2162,영어회화 해설서(High School English Conversation)(2013)
9788960493308,영어회화훈련실천다이어리,IH-ENG-2163,(한국에 살아도 해외에 여행가도 불편하지 않을 만큼의) 영어 회화훈련 실천 다이어리 (set)
9788926917732,고등심화영어회화자습서,IH-ENG-2164,고등심화영어회화(High School Advanced English Conversation)자습서
9788960493315,영어회화훈련실천다이어리1,IH-ENG-2165,영어 회화 훈련 실천 다이어리 1
9788917213522,데미덱영어회화사전,IH-ENG-2168,데미덱 영어회화사전
9788960472693,영어회화의원리,IH-ENG-2172,영어 회화의 원리(합본)
9788917199789,독학영어회화첫걸음,IH-ENG-2174,독학 영어회화 첫걸음(무료 동영상 강의제공 + 무료 MP3 다운로드)
9788917208382,아이작의영어회화매직패턴,IH-ENG-2175,아이작의 영어회화 매직패턴
9788961982054,패턴킹,IH-ENG-2177,패턴 킹
9788962221855,문단열의초등영어회화level2,IH-ENG-2178,문단열의 초등 영어회화 LEVEL 2
9788962221831,문단열의초등영어회화level1,IH-ENG-2179,문단열의 초등 영어회화 LEVEL 1
9788992736183,우주에서제일쉬운영어회화세트,IH-ENG-2180,우주에서 제일 쉬운 영어회화 세트
9788959975112,심화영어회화자습서,IH-ENG-2181,심화영어회화 자습서(HIGH SCHOOL)(2007개정)(2010)
9788917943566,영어회화매직패턴,IH-ENG-2182,(아이작의) 영어회화 매직패턴 (SET)
9788959952427,김련희의영어회화발음청취사전,IH-ENG-2195,김련희의 영어회화 발음 & 청취 사전
9788959959112,영어회화훈련북englishconversationtrainingverbdrill3,IH-ENG-2197,영어회화 훈련북 English Conversation Training Verb Drill 3 (Verb Drill 3)
9788959959075,영어회화훈련북englishconversationtraining,IH-ENG-2198,영어회화 훈련북 English Conversation Training
9788959959150,englishconversationtrainingsituationdrill4,IH-ENG-2199,English Conversation Training Situation Drill 4 (영어회화 훈련북)
9788959959082,영어회화훈련북englishconversationtrainingpatterndrill4,IH-ENG-2200,영어회화 훈련북 English Conversation Training Pattern Drill 4
9788959959143,englishconversationtrainingsituationdrill3,IH-ENG-2201,English Conversation Training Situation Drill 3 (영어회화 훈련북)
9788959959068,영어회화훈련북englishconversationtrainingpatterndrill2,IH-ENG-2202,영어회화 훈련북 English Conversation Training Pattern Drill 2
9788959959099,영어회화훈련북englishconversationtrainingverbdrill1,IH-ENG-2203,영어회화 훈련북 English Conversation Training Verb Drill 1 (Verb Drill 1)
8960470376,기본동사15개로영어회화끝낸다,IH-ENG-2206,기본동사 15개로 영어회화 끝낸다
8960470147,선킴의미국식영어회화패턴60,IH-ENG-2210,선킴의 미국식 영어회화 패턴60 (2)
8990279755,영어회화에꼭알아야할100가지대화,IH-ENG-2211,영어회화에 꼭 알아야 할 100가지 대화
9788900210019,이보영의시추에이션영어회화set,IH-ENG-2213,이보영의 시추에이션 영어회화 SET
9788900207156,이보영의시추에이션영어회화,IH-ENG-2215,이보영의 시추에이션 영어회화
8960000280,영어회화365단어로코쟁이기팍죽이기,IH-ENG-2228,"영어회화, 365단어로 코쟁이 기 팍 죽이기"
8917182534,나비효과key20,IH-ENG-2229,(영어회화 생초보를 위한)나비효과 Key20
8982206612,영어회화,IH-ENG-2230,(글로벌 금융증권)영어회화
8917183794,나비효과영문법,IH-ENG-2231,(영어회화 생초보를 위한)나비효과 영문법
8971765364,영어회화스케치,IH-ENG-2233,영어회화 스케치
8971767839,영어회화검색사전,IH-ENG-2234,(가나다순)영어회화 검색사전
8982204865,영어회화필수구동사마스터사전,IH-ENG-2235,영어회화 필수 구동사 마스터 사전
9791171012329,차곡차곡영단어매일쓰기초등34학년,IH-ENG-2237,차곡차곡 영단어 매일 쓰기 초등 3-4학년
9791171012336,차곡차곡영단어매일쓰기초등56학년,IH-ENG-2238,차곡차곡 영단어 매일 쓰기 초등 5-6학년
9788900490602,특급내신템교과서영단어편중학영어1학년,IH-ENG-2239,특급내신템 교과서 영단어편 중학 영어 1학년(2026)
9788900490619,특급내신템교과서영단어편중학영어2학년,IH-ENG-2240,특급내신템 교과서 영단어편 중학 영어 2학년(2026)
9791124028452,대체불가중학영단어,IH-ENG-2241,대체불가 중학 영단어
9791175900011,완자공부력초등영어영단어6a,IH-ENG-2242,완자 공부력 초등 영어 영단어 6A
9788927781042,vocaplanner수능완성,IH-ENG-2243,VOCA PLANNER 수능 완성(확장판)
9788927781035,vocaplanner확장판수능필수,IH-ENG-2244,VOCA PLANNER 확장판 수능 필수
9791165263409,초등영단어단어가읽기다level4,IH-ENG-2245,초등 영단어 단어가 읽기다 LEVEL 4
9788926167168,중학생을위한교과서대표영단어1,IH-ENG-2246,중학생을 위한 교과서 대표 영단어 1
9788926167175,중학생을위한교과서대표영단어2,IH-ENG-2247,중학생을 위한 교과서 대표 영단어 2
9788926167182,중학생을위한교과서대표영단어3,IH-ENG-2248,중학생을 위한 교과서 대표 영단어 3
9791194462149,교육부지정초등필수영단어level3,IH-ENG-2249,교육부 지정 초등 필수 영단어 Level 3
9791194462132,교육부지정초등필수영단어level2,IH-ENG-2250,교육부 지정 초등 필수 영단어 Level 2
9791194462125,교육부지정초등필수영단어level1,IH-ENG-2251,교육부 지정 초등 필수 영단어 Level 1
9791168599734,마더텅무빙워드초등영단어1300,IH-ENG-2252,마더텅 무빙워드 초등영단어 1300
9791165263386,초등영단어단어가읽기다level3,IH-ENG-2253,초등 영단어 단어가 읽기다 Level 3
9788968065804,천일문voca중등스타트,IH-ENG-2254,천일문 VOCA 중등 스타트
9788968065828,천일문voca중등마스터,IH-ENG-2255,천일문 VOCA 중등 마스터
9788968065811,천일문voca중등필수,IH-ENG-2256,천일문 VOCA 중등 필수
9791174670175,기적의영단어quickeasy실력1,IH-ENG-2257,기적의 영단어 Quick & Easy 실력 1
9791174670182,기적의영단어quickeasy실력2,IH-ENG-2258,기적의 영단어 Quick & Easy 실력 2
9791174670151,기적의영단어quickeasy기본2,IH-ENG-2259,기적의 영단어 Quick & Easy 기본 2
9791174670144,기적의영단어quickeasy기본1,IH-ENG-2260,기적의 영단어 Quick & Easy 기본 1
9791174670120,기적의영단어quickeasy기초2,IH-ENG-2261,기적의 영단어 Quick & Easy 기초 2
9791174670113,기적의영단어quickeasy기초1,IH-ENG-2262,기적의 영단어 Quick & Easy 기초 1
9791169513012,alistvoca5중학필수,IH-ENG-2263,Alist VOCA 5 중학 필수
9791169513029,alistvoca6중학고난도,IH-ENG-2264,Alist VOCA 6 중학 고난도
9791140713578,영단어x원리도감,IH-ENG-2265,영단어 X 원리 도감
9788927780984,vocaplanner중등기본,IH-ENG-2267,VOCA PLANNER 중등 기본
9791166838934,어원으로읽는영단어이야기,IH-ENG-2268,어원으로 읽는 영단어 이야기
9791164067695,혼공쌤의초등만화영단어세트상중하,IH-ENG-2269,"혼공쌤의 초등 만화 영단어 세트 <상>, <중>, <하>"
9791164067725,혼공쌤의초등만화영단어,IH-ENG-2270,혼공쌤의 초등 만화 영단어(하)
9791129712455,초등영단어문장의시작level5final실전활용,IH-ENG-2271,초등영단어 문장의 시작 Level 5 Final 실전 활용
9791129712431,초등영단어문장의시작level4,IH-ENG-2272,초등영단어 문장의 시작 Level 4
9791129712417,초등영단어문장의시작level3,IH-ENG-2273,초등영단어 문장의 시작 Level 3
9791129712394,초등영단어문장의시작level2,IH-ENG-2274,초등영단어 문장의 시작 Level 2
9791129712370,초등영단어문장의시작level1,IH-ENG-2275,초등영단어 문장의 시작 Level 1
9788928349845,초초빈출손바닥영단어,IH-ENG-2276,초초빈출 손바닥 영단어
9788954782210,ebs랑홈스쿨초등필수영단어level2,IH-ENG-2277,EBS랑 홈스쿨 초등 필수 영단어 LEVEL 2
9788954782203,ebs랑홈스쿨초등필수영단어level1,IH-ENG-2278,EBS랑 홈스쿨 초등 필수 영단어 LEVEL 1
9791164065684,초등필수영단어무작정따라하기,IH-ENG-2281,초등 필수 영단어 무작정 따라하기
9791171010158,중학영어의결정적단어들반의어,IH-ENG-2282,중학 영어의 결정적 단어들 반의어
9791161506661,시원스쿨초등영어영단어,IH-ENG-2284,시원스쿨 초등영어 영단어
9791164064762,기적의초등필수영단어세트,IH-ENG-2285,기적의 초등 필수 영단어 세트(1-2)
9791164064786,기적의초등필수영단어2,IH-ENG-2286,기적의 초등 필수 영단어 2
9791164064779,기적의초등필수영단어1,IH-ENG-2287,기적의 초등 필수 영단어 1
9788927747857,초등학생소리별영단어,IH-ENG-2288,초등학생 소리별 영단어
9791168411869,강성태의저절로영단어4,IH-ENG-2289,강성태의 저절로 영단어 4
9791125340911,요즘초등영단어4,IH-ENG-2290,요즘 초등 영단어 4
9791125340904,요즘초등영단어3,IH-ENG-2291,요즘 초등 영단어 3
9791125340898,요즘초등영단어2,IH-ENG-2292,요즘 초등 영단어 2
9791125340881,요즘초등영단어1,IH-ENG-2293,요즘 초등 영단어 1
9788965425243,해커스보카수능심화수능영단어,IH-ENG-2294,해커스 보카 수능 심화: 수능 영단어
9788965425236,해커스보카고등기본,IH-ENG-2295,해커스 보카 고등 기본
9791169400442,완자공부력초등영어영단어3a,IH-ENG-2297,완자공부력 초등 영어 영단어 3A
9791169400459,완자공부력초등영어영단어3b,IH-ENG-2298,완자공부력 초등 영어 영단어 3B
9791169400466,완자공부력초등영어영단어4a,IH-ENG-2299,완자공부력 초등 영어 영단어 4A
9791169400473,완자공부력초등영어영단어4b,IH-ENG-2300,완자공부력 초등 영어 영단어 4B
9791169400480,완자공부력초등영어영단어5a,IH-ENG-2301,완자공부력 초등 영어 영단어 5A
9791169400497,완자공부력초등영어영단어5b,IH-ENG-2302,완자공부력 초등 영어 영단어 5B
9791169400510,완자공부력초등영어영단어6b,IH-ENG-2303,완자공부력 초등 영어 영단어 6B
9791165261610,키중학영단어2,IH-ENG-2304,키 중학 영단어 2(중학 3학년·예비 고등)
9791168412224,강성태의저절로영단어3,IH-ENG-2305,강성태의 저절로 영단어 3
9788965423805,해커스보카어원편미니암기장워크북세트,IH-ENG-2306,해커스 보카 어원편 + 미니 암기장&워크북 세트
9788965424154,해커스보카수능필수2000수능영단어,IH-ENG-2307,해커스 보카 수능 필수 2000+: 수능 영단어
9788965422785,해커스토익기출보카toeicvoca단어장,IH-ENG-2308,해커스 토익 기출보카 TOEIC VOCA(토익보카) 단어장
9788927709954,입학전초등영단어떼기,IH-ENG-2309,입학 전 초등 영단어 떼기
9791168410831,강성태의저절로영단어2,IH-ENG-2310,강성태의 저절로 영단어 2
9791165261283,키중학영단어1,IH-ENG-2311,키 중학 영단어 1
9791161504810,슈퍼키즈영단어13,IH-ENG-2312,슈퍼키즈 영단어(SuperKids Voca) 13
9791161505619,슈퍼키즈영단어19,IH-ENG-2313,슈퍼키즈 영단어(SuperKids Voca) 19
9791161505626,슈퍼키즈영단어20,IH-ENG-2314,슈퍼키즈 영단어(SuperKids Voca) 20
9791161505633,슈퍼키즈영단어21,IH-ENG-2315,슈퍼키즈 영단어(SuperKids Voca) 21
9791161505640,슈퍼키즈영단어22,IH-ENG-2316,슈퍼키즈 영단어(SuperKids Voca) 22
9791161505664,슈퍼키즈영단어24,IH-ENG-2317,슈퍼키즈 영단어(SuperKids Voca) 24
9791161505657,슈퍼키즈영단어23,IH-ENG-2318,슈퍼키즈 영단어(SuperKids Voca) 23
9788965423676,해커스3연타중학영단어,IH-ENG-2319,해커스 3연타 중학영단어
9791164139132,강성태의저절로영단어1,IH-ENG-2320,강성태의 저절로 영단어 1
9788965424161,해커스보카수능완성1800수능영단어,IH-ENG-2321,해커스 보카 수능 완성 1800+: 수능 영단어
9788927701415,따라쓰는우선순위초등영단어,IH-ENG-2322,따라쓰는 우선순위 초등 영단어
9791161504827,슈퍼키즈영단어14,IH-ENG-2323,슈퍼키즈 영단어(SuperKids Voca) 14
9791161504834,슈퍼키즈영단어15,IH-ENG-2324,슈퍼키즈 영단어(SuperKids Voca) 15
9791161504841,슈퍼키즈영단어16,IH-ENG-2325,슈퍼키즈 영단어(SuperKids Voca) 16
9791161504858,슈퍼키즈영단어17,IH-ENG-2326,슈퍼키즈 영단어(SuperKids Voca) 17
9791161504865,슈퍼키즈영단어18,IH-ENG-2327,슈퍼키즈 영단어(SuperKids Voca) 18
9791191119015,놓지마초등영단어따라쓰기,IH-ENG-2332,놓지 마 초등 영단어 따라 쓰기
9791161503899,슈퍼키즈영단어7,IH-ENG-2333,슈퍼키즈 영단어(SuperKids Voca) 7
9791161503905,슈퍼키즈영단어8,IH-ENG-2334,슈퍼키즈 영단어(SuperKids Voca) 8
9791161503912,슈퍼키즈영단어9,IH-ENG-2335,슈퍼키즈 영단어(SuperKids Voca) 9
9791161503929,슈퍼키즈영단어10,IH-ENG-2336,슈퍼키즈 영단어(SuperKids Voca) 10
9791161503936,슈퍼키즈영단어11,IH-ENG-2337,슈퍼키즈 영단어(SuperKids Voca) 11
9791161503943,슈퍼키즈영단어12,IH-ENG-2338,슈퍼키즈 영단어(SuperKids Voca) 12
9791165260248,초집중초등고학년집중영단어2주제편,IH-ENG-2339,초집중 초등 고학년 집중 영단어 2: 주제편
9788927747567,진짜미국영단어그림사전,IH-ENG-2340,진짜 미국 영단어 그림 사전
9791190786775,놓지마초등영단어2,IH-ENG-2342,놓지 마 초등 영단어 2
9791190786768,놓지마초등영단어1,IH-ENG-2343,놓지 마 초등 영단어 1
9791165211608,친절한대학의다시배우는영어교실세트,IH-ENG-2344,친절한 대학의 다시 배우는 영어 교실 세트(+영단어)
9791161503516,슈퍼키즈영단어1,IH-ENG-2346,슈퍼키즈 영단어(SuperKids Voca) 1
9791161503523,슈퍼키즈영단어2,IH-ENG-2347,슈퍼키즈 영단어(SuperKids Voca) 2
9791161503530,슈퍼키즈영단어3,IH-ENG-2348,슈퍼키즈 영단어(SuperKids Voca) 3
9791161503547,슈퍼키즈영단어4,IH-ENG-2349,슈퍼키즈 영단어(SuperKids Voca) 4
9791161503554,슈퍼키즈영단어5,IH-ENG-2350,슈퍼키즈 영단어(SuperKids Voca) 5
9791161503561,슈퍼키즈영단어6,IH-ENG-2351,슈퍼키즈 영단어(SuperKids Voca) 6
9788960498327,초등영어를결정하는영단어,IH-ENG-2355,초등 영어를 결정하는 영단어
9788968061820,egu중학영단어품사,IH-ENG-2356,EGU 중학 영단어&품사
9791164134007,하루한장englishbite초등영단어6학년과정,IH-ENG-2358,하루 한장 English BITE 초등 영단어 6학년 과정(2024)
9791164133994,하루한장englishbite초등영단어5학년과정,IH-ENG-2359,하루 한장 English BITE 초등 영단어 5학년 과정(2024)
9791164133987,하루한장englishbite초등영단어4학년과정,IH-ENG-2364,하루 한장 English BITE 초등 영단어 4학년 과정(2024)
9791164133970,하루한장englishbite초등영단어3학년과정,IH-ENG-2365,하루 한장 English BITE 초등 영단어 3학년 과정(2024)
9788968061684,초등필수영단어2,IH-ENG-2366,초등 필수 영단어 2(세이펜 적용)
9788968061677,초등필수영단어1,IH-ENG-2367,초등 필수 영단어 1(세이펜 적용)
9791161657301,wordfocus중학종합영단어5000,IH-ENG-2368,Word Focus 중학 종합 영단어 5000
9791161657325,wordfocus고등종합영단어9500,IH-ENG-2369,Word Focus 고등 종합 영단어 9500
9791189719517,초등영단어단어가읽기다starter2,IH-ENG-2373,"초등 영단어, 단어가 읽기다 Starter 2"
9791189719432,초등영단어단어가읽기다starter1,IH-ENG-2374,"초등 영단어, 단어가 읽기다 Starter 1"
9788927704386,영리한영단어,IH-ENG-2375,영리한 영단어
9788927701149,청춘영어영단어따라쓰기,IH-ENG-2378,청춘영어: 영단어 따라쓰기
9788927704393,어원하던초등영단어,IH-ENG-2379,어! 원하던 초등 영단어
9791162723661,중학영단어9000,IH-ENG-2380,중학 영단어 9000
9791162723555,초등교과서영단어24004학년,IH-ENG-2381,초등교과서 영단어 2400 4학년
9791162723593,초등교과서영단어24006학년,IH-ENG-2382,초등교과서 영단어 2400 6학년
9791162723579,초등교과서영단어24005학년,IH-ENG-2383,초등교과서 영단어 2400 5학년
9791162723531,초등교과서영단어24003학년,IH-ENG-2384,초등교과서 영단어 2400 3학년
9791162723630,토익900점에꼭필요한필수영단어표현9000,IH-ENG-2385,토익 900점에 꼭 필요한 필수 영단어ㆍ표현 9000(Essential TOEIC Vocabulary 9000)
9791164060238,초등기초무작정따라하기세트,IH-ENG-2386,초등 기초 무작정 따라하기 세트
9788960764507,블랙라벨1등급voca,IH-ENG-2387,블랙라벨 1등급 VOCA
9791159242045,영알남의영어의진실영단어,IH-ENG-2393,영알남의 영어의 진실: 영단어
9788900434903,60일완성뜯어먹는중학기본영단어1200,IH-ENG-2396,60일 완성 뜯어먹는 중학 기본 영단어 1200
9788900434927,60일완성뜯어먹는중학영단어1800,IH-ENG-2397,60일 완성 뜯어먹는 중학 영단어 1800
9788927704348,랭킹영단어200,IH-ENG-2400,랭킹 영단어 200
9791188808250,매일10분기초영어상식의기적,IH-ENG-2402,매일 10분 기초 영어 + 상식의 기적
9788926154519,초등첫영단어1000,IH-ENG-2405,초등 첫 영단어 1000
9791188808090,매일10분최빈출영단어의기적,IH-ENG-2406,매일 10분 최빈출 영단어의 기적
9788960496514,중학교가기전에끝내는영단어,IH-ENG-2407,중학교 가기 전에 끝내는 영단어
9788962227444,중학필수영단어무작정따라하기,IH-ENG-2408,중학 필수 영단어 무작정 따라하기
9788917227802,english900회화잡는영단어,IH-ENG-2409,English 900 회화잡는 영단어
9788974574949,중학영단어단어가읽기다기본편,IH-ENG-2411,중학 영단어 단어가 읽기다 기본편(예비중~중1)
9788974574963,중학영단어단어가읽기다어원편,IH-ENG-2412,중학 영단어 단어가 읽기다 어원편(중3~예비고)
9788998454791,나혼자끝내는왕초보영단어,IH-ENG-2414,나혼자 끝내는 왕초보 영단어
9791157529261,특허받은영단어암기비법,IH-ENG-2417,특허받은 영단어 암기비법
9788927746454,영단어따라쓰기,IH-ENG-2419,영단어 따라쓰기
9791157528769,초등필수영단어,IH-ENG-2421,초등필수 영단어(3-4학년용)
9788927700739,우선순위초등영단어,IH-ENG-2422,우선순위 초등 영단어
9791157526628,초등필수영단어쓰기,IH-ENG-2423,초등 필수 영단어 쓰기
9788962228908,미국교과서핵심영단어과학,IH-ENG-2426,미국교과서 핵심 영단어: 과학
9788917224405,무나투나영단어,IH-ENG-2432,무나투나 영단어
9788961984386,상위1를위한초등영단어,IH-ENG-2441,상위 1%를 위한 초등 영단어
9788961984393,성적을쑥쑥올려주는영단어쓰기,IH-ENG-2442,성적을 쑥쑥 올려주는 영단어쓰기
9788927707554,내공중학영단어1,IH-ENG-2446,내공 중학 영단어 1
9788927707578,내공중학영단어3,IH-ENG-2447,내공 중학 영단어 3
9788927707561,내공중학영단어2,IH-ENG-2448,내공 중학 영단어 2
9791156800484,vocabularyengine2발전,IH-ENG-2462,Vocabulary Engine(보카 엔진) 2: 발전
9791156800477,vocabularyengine1기본,IH-ENG-2463,Vocabulary Engine(보카 엔진) 1: 기본
9791156800491,vocabularyengine3완성,IH-ENG-2464,Vocabulary Engine(보카 엔진) 3: 완성
9788967437442,독해필수영단어듀얼보카,IH-ENG-2468,독해 필수 영단어 듀얼보카(Dual Voca)(독해 실력어휘)
9788961984089,단어와회화를함께익히는초등영단어,IH-ENG-2470,단어와 회화를 함께 익히는 초등영단어
9788962474381,떡보면딱아는초등만화영어1필수영단어,IH-ENG-2471,떡 보면 딱 아는 초등만화영어 1: 필수영단어
9788927703655,보고듣고따라말하며쓰는초등영단어쓰기노트6,IH-ENG-2486,보고 듣고 따라 말하며 쓰는 초등 영단어 쓰기 노트 6
9788927703617,보고듣고따라말하며쓰는초등영단어쓰기노트2,IH-ENG-2487,보고 듣고 따라 말하며 쓰는 초등 영단어 쓰기 노트 2
9788927703631,보고듣고따라말하며쓰는초등영단어쓰기노트4,IH-ENG-2488,보고 듣고 따라 말하며 쓰는 초등 영단어 쓰기 노트 4
9788927703648,보고듣고따라말하며쓰는초등영단어쓰기노트5,IH-ENG-2489,보고 듣고 따라 말하며 쓰는 초등 영단어 쓰기 노트 5
9788927703624,보고듣고따라말하며쓰는초등영단어쓰기노트3,IH-ENG-2490,보고 듣고 따라 말하며 쓰는 초등 영단어 쓰기 노트 3
9788927703600,보고듣고따라말하며쓰는초등영단어쓰기노트1,IH-ENG-2491,보고 듣고 따라 말하며 쓰는 초등 영단어 쓰기 노트 1
9788960476042,영단어훈련노트2,IH-ENG-2494,영단어 훈련노트 2
9788926947241,초등영어교과서영단어6학년과정4단계,IH-ENG-2497,초등영어 교과서 영단어 6학년과정 4단계(2024)
9788926947227,초등영어교과서영단어4학년과정2단계,IH-ENG-2498,초등영어 교과서 영단어 4학년과정 2단계(2024)
9788926947234,초등영어교과서영단어5학년과정3단계,IH-ENG-2499,초등영어 교과서 영단어 5학년과정 3단계(2024)
9788960476073,영단어훈련노트,IH-ENG-2502,영단어 훈련노트 (세트)
9788957974551,특허받은영단어학습법,IH-ENG-2508,특허받은 영단어 학습법
9788917207880,2315영단어speed,IH-ENG-2513,2315 영단어: SPEED(교과부권장어휘)(2010)
9788917207873,2315영단어study,IH-ENG-2514,2315 영단어: STUDY(교과부권장어휘)(2010)
9788959975334,내신평정교과서영단어중2,IH-ENG-2517,내신평정 교과서 영단어 중2(2010)
9788959975327,내신평정교과서영단어중1,IH-ENG-2518,내신평정 교과서 영단어 중1(2010)
9788963704279,원서잡아먹는영단어,IH-ENG-2521,원서 잡아먹는 영단어 (3)
9788974578169,미국교과서읽는영단어grade6,IH-ENG-2522,미국교과서 읽는 영단어 GRADE 6
9788974578152,미국교과서읽는영단어grade5,IH-ENG-2525,미국교과서 읽는 영단어 GRADE 5
9788974578145,미국교과서읽는영단어grade4,IH-ENG-2526,미국교과서 읽는 영단어 GRADE 4
9788974578138,미국교과서읽는영단어grade3,IH-ENG-2528,미국교과서 읽는 영단어 GRADE 3
9788974578121,미국교과서읽는영단어grade2,IH-ENG-2529,미국교과서 읽는 영단어 GRADE. 2
9788974578114,미국교과서읽는영단어grade1,IH-ENG-2530,미국교과서 읽는 영단어 GRADE. 1
9788981277079,알짜영단어,IH-ENG-2534,알짜 영단어(중학생)
9788960499881,영어어휘지식백과생활교양편,IH-ENG-2536,영어 어휘 지식 백과: 생활 교양 편
9788960499775,영어어휘지식백과인문교양편,IH-ENG-2537,영어 어휘 지식 백과 인문 교양 편
9791164069316,슈퍼매직파닉스,IH-ENG-2542,슈퍼 매직 파닉스(세트)
9791164069361,슈퍼매직파닉스5특별한소리,IH-ENG-2543,슈퍼 매직 파닉스 5 : 특별한 소리
9791164069347,슈퍼매직파닉스3장모음,IH-ENG-2544,슈퍼 매직 파닉스 3 : 장모음
9791164069354,슈퍼매직파닉스4이중자음,IH-ENG-2545,슈퍼 매직 파닉스 4 : 이중자음
9791164069330,슈퍼매직파닉스2단모음,IH-ENG-2546,슈퍼 매직 파닉스 2 : 단모음
9791164069323,슈퍼매직파닉스1알파벳,IH-ENG-2547,슈퍼 매직 파닉스 1 : 알파벳
9791174670441,기적의영어리딩1awith파닉스,IH-ENG-2548,기적의 영어리딩 1A with 파닉스
9791174670458,기적의영어리딩1bwith파닉스,IH-ENG-2549,기적의 영어리딩 1B with 파닉스
9791174670465,기적의영어리딩1cwith파닉스,IH-ENG-2550,기적의 영어리딩 1C with 파닉스
9791164068760,한권으로파닉스사이트워드끝,IH-ENG-2552,한 권으로 파닉스 + 사이트 워드 끝!
9791164065707,초등필수파닉스무작정따라하기,IH-ENG-2553,초등 필수 파닉스 무작정 따라하기
9791164067206,파닉스스쿨,IH-ENG-2554,파닉스 스쿨
9791161508146,알파벳파닉스수업멘토링,IH-ENG-2555,알파벳 파닉스 수업 멘토링
8809477874389,파닉스동요백화점,IH-ENG-2556,파닉스 동요 백화점
9791164066216,기적의파닉스세트,IH-ENG-2557,기적의 파닉스 세트
9791164065899,기적의파닉스리딩3,IH-ENG-2558,기적의 파닉스 리딩 3
9791164065882,기적의파닉스리딩2,IH-ENG-2559,기적의 파닉스 리딩 2
9791164065875,기적의파닉스리딩1,IH-ENG-2560,기적의 파닉스 리딩 1
9791161506678,시원스쿨초등영어파닉스,IH-ENG-2567,시원스쿨 초등 영어 파닉스
9788927701651,신비한파닉스,IH-ENG-2568,신비한 파닉스
9791169400220,완자공부력초등영어파닉스1,IH-ENG-2569,완자공부력 초등 영어 파닉스 1
9791169400237,완자공부력초등영어파닉스2,IH-ENG-2570,완자공부력 초등 영어 파닉스 2
9788960499591,초등영어를결정하는문장읽기with파닉스,IH-ENG-2571,초등 영어를 결정하는 문장 읽기 with 파닉스
9788960499454,초등영어를결정하는파닉스와문장,IH-ENG-2572,초등 영어를 결정하는 파닉스와 문장
9788927701545,한글로바로읽는영어발음,IH-ENG-2573,한글로 바로 읽는 영어발음
9791125965695,똑똑한하루phonicsstartera,IH-ENG-2574,똑똑한 하루 Phonics Starter A(알파벳+파닉스1)
9791125337522,초등영어파닉스가된다1자음과단모음,IH-ENG-2576,초등 영어 파닉스가 된다 1: 자음과 단모음
9788927709947,입학전파닉스떼기,IH-ENG-2577,입학 전 파닉스 떼기
9788968062124,ohmyphonics2,IH-ENG-2578,Oh! My Phonics(오! 마이 파닉스) 2(세이펜 적용)
9788968062155,ohmyphonics4,IH-ENG-2579,Oh! My Phonics(오! 마이 파닉스) 4(세이펜 적용)
9788968062117,ohmyphonics1,IH-ENG-2580,Oh! My Phonics(오! 마이 파닉스) 1(세이펜 적용)
9788968062148,ohmyphonics3,IH-ENG-2581,Oh! My Phonics(오! 마이 파닉스) 3(세이펜 적용)
9791125961086,똑똑한하루voca3a파닉스단어,IH-ENG-2582,똑똑한 하루 VOCA 3A 파닉스 + 단어(초등 5학년 영어)
9788960498785,초등영어를결정하는알파벳과소리,IH-ENG-2584,초등 영어를 결정하는 알파벳과 소리
9791125958949,똑똑한하루voca2a파닉스단어,IH-ENG-2585,똑똑한 하루 Voca 2A 파닉스+단어(초등 4학년 영어)
9791125958925,똑똑한하루voca1a알파벳파닉스,IH-ENG-2586,똑똑한 하루 Voca 1A 알파벳+파닉스(초등 3학년 영어)
9788960498433,초등영어를결정하는사이트워드,IH-ENG-2587,초등 영어를 결정하는 사이트워드
9791164133963,하루한장englishbite초등파닉스2,IH-ENG-2589,하루 한장 English BITE 초등 파닉스 2(2024)
9791164133956,하루한장englishbite초등파닉스1,IH-ENG-2590,하루 한장 English BITE 초등 파닉스 1(2024)
9791189719869,어메이징파닉스리더스세트4,IH-ENG-2591,어메이징 파닉스 리더스(Amazing Phonics Readers) 세트 4
9788960498099,초등영어를결정하는파닉스,IH-ENG-2592,초등 영어를 결정하는 파닉스
9791188808144,amazingphonics4,IH-ENG-2594,Amazing Phonics 4
9791188808137,amazingphonics3,IH-ENG-2595,Amazing Phonics 3
9788927700838,청춘영어알파벳파닉스,IH-ENG-2598,청춘 영어 알파벳+파닉스
9788953947191,superphonics2,IH-ENG-2599,Super Phonics(슈퍼 파닉스) 2(WB)
9788953947252,superphonics5,IH-ENG-2600,Super Phonics(슈퍼 파닉스) 5(WB)
9788953947177,superphonics1,IH-ENG-2603,Super Phonics(슈퍼 파닉스) 1(WB)
9788962229394,기적의파닉스1,IH-ENG-2604,기적의 파닉스 1
9788962229417,기적의파닉스3,IH-ENG-2605,기적의 파닉스 3
9788962229400,기적의파닉스2,IH-ENG-2606,기적의 파닉스 2
9788937891571,알파벳파닉스,IH-ENG-2607,알파벳 파닉스
9788960494060,readwrite파닉스3,IH-ENG-2611,ReadWrite(리드라이트) 파닉스 3
9788960494053,readwrite파닉스2,IH-ENG-2612,ReadWrite(리드라이트) 파닉스 2
9788960494046,readwrite파닉스1,IH-ENG-2613,ReadWrite(리드라이트) 파닉스 1
9788942727599,학습지해법영어파닉스a단계set,IH-ENG-2618,학습지 해법영어 파닉스 A단계 SET
9788942795123,학습지해법영어파닉스b단계세트,IH-ENG-2619,학습지 해법영어 파닉스 B단계 세트
9791174671066,기적의영어리딩4awith문장구조,IH-ENG-2620,기적의 영어리딩 4A with 문장 구조
9791174671073,기적의영어리딩4bwith문장구조,IH-ENG-2621,기적의 영어리딩 4B with 문장 구조
9791174670472,기적의영어리딩2awith주제어휘,IH-ENG-2622,기적의 영어리딩 2A with 주제 어휘
9791174670571,기적의영어리딩3awith문장패턴,IH-ENG-2623,기적의 영어리딩 3A with 문장 패턴
9791174670496,기적의영어리딩2cwith주제어휘,IH-ENG-2624,기적의 영어리딩 2C with 주제 어휘
9791174670588,기적의영어리딩3bwith문장패턴,IH-ENG-2625,기적의 영어리딩 3B with 문장 패턴
9791174670595,기적의영어리딩3cwith문장패턴,IH-ENG-2626,기적의 영어리딩 3C with 문장 패턴
9791174670489,기적의영어리딩2bwith주제어휘,IH-ENG-2627,기적의 영어리딩 2B with 주제 어휘
9791167225290,2024박노준패턴영어리딩패턴10,IH-ENG-2629,2024 박노준 패턴(Pattern) 영어 리딩패턴 10
9791165210601,스크린영어리딩어벤져스엔드게임2,IH-ENG-2636,스크린 영어 리딩: 어벤져스 엔드게임 2
9791125330592,초등영어리딩이된다start4,IH-ENG-2638,초등영어 리딩이 된다 Start 4
9791125330578,초등영어리딩이된다start2,IH-ENG-2639,초등영어 리딩이 된다 Start 2
9791125330585,초등영어리딩이된다start3,IH-ENG-2640,초등영어 리딩이 된다 Start 3
9791125330561,초등영어리딩이된다start1,IH-ENG-2641,초등영어 리딩이 된다 Start 1
9791160508611,스크린영어리딩어벤져스,IH-ENG-2642,스크린 영어 리딩: 어벤져스
9791160508826,스크린영어리딩어벤져스에이지오브울트론,IH-ENG-2644,스크린 영어 리딩: 어벤져스 에이지 오브 울트론
9791125325000,초등영어리딩이된다basic4,IH-ENG-2645,초등 영어 리딩이 된다 Basic 4
9791125325031,초등영어리딩이된다jump3,IH-ENG-2650,초등영어 리딩이 된다 Jump 3
9791125324997,초등영어리딩이된다basic3,IH-ENG-2651,초등 영어 리딩이 된다 Basic 3
9791125325048,초등영어리딩이된다jump4,IH-ENG-2652,초등영어 리딩이 된다 Jump 4
9791125325024,초등영어리딩이된다jump2,IH-ENG-2653,초등영어 리딩이 된다 Jump 2
9791125325017,초등영어리딩이된다jump1,IH-ENG-2654,초등영어 리딩이 된다 Jump 1
9791125324973,초등영어리딩이된다basic1,IH-ENG-2655,초등 영어 리딩이 된다 Basic 1
9791125324980,초등영어리딩이된다basic2,IH-ENG-2656,초등 영어 리딩이 된다 Basic 2
9788962229639,문맥잡는영어리딩무작정따라하기,IH-ENG-2668,문맥 잡는 영어리딩 무작정 따라하기
9788974575434,미국교과서읽는리딩prek4준비편,IH-ENG-2671,미국교과서 읽는 리딩 PreK 4: 준비편
9788974575427,미국교과서읽는리딩prek3준비편,IH-ENG-2672,미국교과서 읽는 리딩 PreK 3: 준비편
9788974575410,미국교과서읽는리딩prek2준비편,IH-ENG-2673,미국교과서 읽는 리딩 PreK 2: 준비편
9788974575403,미국교과서읽는리딩prek1준비편,IH-ENG-2674,미국교과서 읽는 리딩 PreK 1: 준비편
9788974575250,미국교과서읽는리딩preschool4예비과정편,IH-ENG-2675,미국교과서 읽는 리딩 Preschool 4: 예비과정편
9788974575243,미국교과서읽는리딩preschool3예비과정편,IH-ENG-2676,미국교과서 읽는 리딩 Preschool 3: 예비과정편
9788974575236,미국교과서읽는리딩preschool2예비과정편,IH-ENG-2677,미국교과서 읽는 리딩 Preschool 2: 예비과정편
9788974575229,미국교과서읽는리딩preschool1예비과정편,IH-ENG-2678,미국교과서 읽는 리딩 Preschool 1: 예비과정편
9788974570033,미국교과서읽는리딩k4입문편,IH-ENG-2679,미국교과서 읽는 리딩 K 4: 입문편
9788974570026,미국교과서읽는리딩k3입문편,IH-ENG-2680,미국교과서 읽는 리딩 K 3: 입문편
9788974570019,미국교과서읽는리딩k2입문편,IH-ENG-2681,미국교과서 읽는 리딩 K 2: 입문편
9788974579999,미국교과서읽는리딩k1입문편,IH-ENG-2682,미국교과서 읽는 리딩 K 1: 입문편
9788982206894,조기영어리딩타운처럼하라,IH-ENG-2683,조기영어 리딩타운처럼 하라
9791168592384,마더텅수능기출문제집영어구문과어휘,IH-ENG-2684,마더텅 수능기출문제집 영어 구문과 어휘(2023)(2024 수능대비)
9791164429035,531project고등영어구문독해s,IH-ENG-2686,531 Project(프로젝트) 고등 영어 구문독해 S(Speedy)(2024)
9791164429141,531project고등영어구문독해e,IH-ENG-2687,531 Project(프로젝트) 고등 영어 구문독해 E(Easy)(2024)
9791189719463,중학영어구문이독해다starter,IH-ENG-2689,중학 영어 구문이 독해다 Starter
9788974574581,중학영어구문이독해다2,IH-ENG-2693,중학 영어 구문이 독해다 2(중1~중2)
9788974574598,중학영어구문이독해다3,IH-ENG-2694,중학 영어 구문이 독해다 3(중2~중3)
9791125315759,맞수고등영어구문독해완성편,IH-ENG-2695,맞수 고등 영어 구문독해 완성편
9788927707936,내공중학영어구문3,IH-ENG-2696,내공 중학영어구문 3
9788927707929,내공중학영어구문2,IH-ENG-2697,내공 중학 영어구문 2
9788954719209,ebs포스고교영어구문투어,IH-ENG-2708,EBS 포스 고교 영어 구문 투어(2016)
9788968066450,초등천일문writing3,IH-ENG-2710,초등 천일문 WRITING 3
9788968066436,초등천일문writing1,IH-ENG-2711,초등 천일문 WRITING 1
9788968066443,초등천일문writing2,IH-ENG-2712,초등 천일문 WRITING 2
9788900486544,수프림고등서술형영작챌린지,IH-ENG-2713,수프림(Supreme) 고등 서술형 영작 챌린지
9791165263294,중학실전영어서술형이전략이다3,IH-ENG-2714,중학 실전 영어 서술형이 전략이다 3
9791165262952,중학실전영어서술형이전략이다2,IH-ENG-2715,중학 실전 영어 서술형이 전략이다 2
9791165262723,중학실전영어서술형이전략이다1,IH-ENG-2716,중학 실전 영어 서술형이 전략이다 1
9788968064456,천일문중등writinglevel3,IH-ENG-2717,천일문 중등 WRITING LEVEL 3
9788968064449,천일문중등writinglevel2,IH-ENG-2718,천일문 중등 WRITING LEVEL 2
9788968064432,천일문중등writinglevel1,IH-ENG-2719,천일문 중등 WRITING LEVEL 1
9788900480924,중학문법쓰기클리어level3,IH-ENG-2720,중학 문법+쓰기 클리어 Level 3
9788900480900,중학문법쓰기클리어level2,IH-ENG-2721,중학 문법+쓰기 클리어 Level 2
9788900480887,중학문법쓰기클리어level1,IH-ENG-2722,중학 문법+쓰기 클리어 Level 1
9791161508955,시원스쿨취업영어실전영작,IH-ENG-2723,시원스쿨 취업영어 실전 영작
9791164067510,기적의영어문장쓰기세트,IH-ENG-2724,기적의 영어문장 쓰기 세트
9791164067558,기적의영어문장쓰기4,IH-ENG-2725,기적의 영어문장 쓰기 4
9791164067541,기적의영어문장쓰기3,IH-ENG-2726,기적의 영어문장 쓰기 3
9791164067534,기적의영어문장쓰기2,IH-ENG-2727,기적의 영어문장 쓰기 2
9791164067527,기적의영어문장쓰기1,IH-ENG-2728,기적의 영어문장 쓰기 1
9791171010592,초등영어세문장쓰기,IH-ENG-2729,초등 영어 세 문장 쓰기
9791171010585,초등영어한문장쓰기,IH-ENG-2730,초등 영어 한 문장 쓰기
9788927780762,제대로영작문5심화,IH-ENG-2731,제대로 영작문 5: 심화(New Edition)
9788927780755,제대로영작문4완성,IH-ENG-2732,제대로 영작문 4 완성 (New Edition)
9788927780748,제대로영작문3실력,IH-ENG-2733,제대로 영작문 3 실력 (New Edition)
9788927780731,제대로영작문2기본,IH-ENG-2734,제대로 영작문 2 기본 (New Edition)
9788927780724,제대로영작문1입문,IH-ENG-2735,제대로 영작문 1 입문 (New Edition)
9788927780663,grammarpluswriting3,IH-ENG-2736,Grammar plus Writing 3
9791164064816,기적의문법영작1,IH-ENG-2737,기적의 문법 + 영작 1
9791164064823,기적의문법영작2,IH-ENG-2738,기적의 문법 + 영작 2
9788965425687,해커스쓰기자신감level3서술형잡는영작훈련서,IH-ENG-2739,해커스 쓰기 자신감 Level 3: 서술형 잡는 영작 훈련서
9788965425670,해커스쓰기자신감level2서술형잡는영작훈련서,IH-ENG-2740,해커스 쓰기 자신감 Level 2: 서술형 잡는 영작 훈련서
9788965425663,해커스쓰기자신감level1서술형잡는영작훈련서,IH-ENG-2741,해커스 쓰기 자신감 Level 1: 서술형 잡는 영작 훈련서
9788927709961,쓰면뱉는쉬운영작문,IH-ENG-2742,쓰면 뱉는 쉬운 영작문
9788927780045,구문독해insight독해영작응용편,IH-ENG-2743,구문독해 insight: 독해 영작 응용편
9791164063154,기적의영어문장트레이닝,IH-ENG-2744,기적의 영어 문장 트레이닝
9791189719937,고등영어서술형이전략이다,IH-ENG-2745,"고등영어, 서술형이 전략이다"
9791189432966,writing절대매뉴얼실전편,IH-ENG-2746,Writing 절대 매뉴얼 실전편
9788927700920,말하기영작문트레이닝어휘편,IH-ENG-2747,말하기 영작문 트레이닝: 어휘편
9788927708162,내공중학영작문3,IH-ENG-2748,내공 중학 영작문 3
9788927708155,내공중학영작문2,IH-ENG-2749,내공 중학 영작문 2
9791161650708,영작문비법노트,IH-ENG-2750,영작문 비법 노트
9791186858813,말하기순간영작문,IH-ENG-2751,말하기 순간 영작문
9791157529902,englishexpressiondictionary,IH-ENG-2752,English Expression Dictionary
9791157527571,초등영작문스타트초등36학년,IH-ENG-2754,초등 영작문 스타트: 초등 3-6학년
9788960495715,스피킹이되는영작문,IH-ENG-2755,스피킹이 되는 영작문
9791157525560,영작문기초탄탄하게잡아주는smartwriting2,IH-ENG-2756,영작문 기초 탄탄하게 잡아주는 Smart Writing 2
9791157525553,영작문기초탄탄하게잡아주는smartwriting1,IH-ENG-2757,영작문 기초 탄탄하게 잡아주는 Smart Writing 1
9791157520015,영작문키포인트200,IH-ENG-2758,영작문 키포인트 200
9788960478268,영작문핵심패턴233,IH-ENG-2760,영작문 핵심패턴 233(영작 훈련용 워크북)
9788917218718,매직박스영작문,IH-ENG-2761,매직박스 영작문
9788927700487,말하기영작문트레이닝,IH-ENG-2762,말하기 영작문 트레이닝
9788962224313,생각대로써지는영작문3보어목적어,IH-ENG-2764,생각대로 써지는 영작문 3: 보어 목적어
9788962224306,생각대로써지는영작문2동사,IH-ENG-2766,생각대로 써지는 영작문 2: 동사
9788962224290,생각대로써지는영작문1주어,IH-ENG-2767,생각대로 써지는 영작문 1: 주어
9788917199840,기본문형100개로마스터하는영작,IH-ENG-2771,기본문형 100개로 마스터하는 영작(NEW)
9788960491144,영어의달인이되는영작문,IH-ENG-2773,영어의 달인이 되는 영작문
9788917197693,영작문,IH-ENG-2774,(대한민국에서 가장 쉬운) 영작문
9788962220001,기적의영어일기중급편,IH-ENG-2777,기적의 영어일기 : 중급편
9788992279154,기적의영어일기초급편,IH-ENG-2779,기적의 영어일기: 초급편
9788960004726,영작연습노트,IH-ENG-2780,(쉬운 문법으로 잡는) 영작 연습 노트
9788960470071,기적의영어일기,IH-ENG-2781,기적의 영어일기 (초급편)
9788960002852,영어일기영작패턴level2b,IH-ENG-2782,영어일기 영작패턴 Level 2-B
9788917187380,이것이미국식영작문,IH-ENG-2783,이것이 미국식 영작문 (자신만만편)
8900219995,저절로영작문,IH-ENG-2784,(홍박쌤의) 저절로 영작문
9788960001541,영어일기표현사전영작일기영작패턴,IH-ENG-2785,영어일기 표현사전+영작일기 영작패턴
8990279763,영어일기e메일이술술써지는영작기술79가지,IH-ENG-2786,영어일기 e-메일이 술술 써지는 영작기술 79가지
8982204040,온라인영작문가이드,IH-ENG-2789,(단번에 찾아 쓰는)온라인 영작문 가이드
8982204032,상황별영작문,IH-ENG-2790,(핵심을 알고 응용하는)상황별 영작문
8917153828,혼자서도쓸수있는영작문비법,IH-ENG-2793,혼자서도 쓸 수 있는 영작문 비법
9788974571528,토플영작만점은아무나받나,IH-ENG-2794,토플영작 만점은 아무나 받나 ?
9791129717665,구해영중학영어쓰기중등1학년,IH-ENG-2797,구해영 중학 영어 쓰기 중등 1학년(2026)
9791129717672,구해영중학영어쓰기중등2학년,IH-ENG-2798,구해영 중학 영어 쓰기 중등 2학년(2026)
9791129717689,구해영중학영어쓰기중등3학년,IH-ENG-2799,구해영 중학 영어 쓰기 중등 3학년(2026)
9791194687474,포차코와함께하는매일1장초등영어문장쓰기3,IH-ENG-2800,포차코와 함께 하는 매일 1장 초등 영어 문장 쓰기3(완성편)
9791161508757,매일1장초등영어쓰기습관100일의기적advanced,IH-ENG-2801,매일 1장 초등 영어 쓰기 습관 100일의 기적: Advanced(끝내기)
9791161508689,매일1장영어쓰기습관100일의기적advanced,IH-ENG-2802,매일 1장 영어 쓰기 습관 100일의 기적: Advanced
9791161508665,매일1장영어쓰기습관100일의기적basic,IH-ENG-2803,매일 1장 영어 쓰기 습관 100일의 기적: Basic
9791161508672,매일1장영어쓰기습관100일의기적intermediate,IH-ENG-2804,매일 1장 영어 쓰기 습관 100일의 기적: Intermediate
9791161508610,매일1장초등영어쓰기습관100일의기적,IH-ENG-2805,매일 1장 초등 영어 쓰기 습관 100일의 기적(2024)
9791161508436,매일1장초등영어쓰기습관100일의기적basic,IH-ENG-2806,매일 1장 초등 영어 쓰기 습관 100일의 기적 Basic
9791171010646,영어쓰기패턴사전,IH-ENG-2807,영어 쓰기 패턴 사전
9788927790433,icanwriteenglishstarter3,IH-ENG-2808,I Can Write English! : Starter 3
9788927790426,icanwriteenglishstarter2,IH-ENG-2809,I Can Write English! : Starter 2
9788927790419,icanwriteenglishstarter1,IH-ENG-2810,I Can Write English! : Starter 1
9791162277317,패러디라이팅level1,IH-ENG-2811,패러디 라이팅 Level 1
9791162277331,패러디라이팅level3,IH-ENG-2812,패러디 라이팅 Level 3
9791162277348,패러디라이팅level4,IH-ENG-2813,패러디 라이팅 Level 4
9791162277324,패러디라이팅level2,IH-ENG-2814,패러디 라이팅 Level 2
9788937859359,또박또박영어쓰기단어100,IH-ENG-2815,또박또박 영어쓰기 단어 100
9788917199833,또박또박영어쓰기,IH-ENG-2816,또박또박 영어쓰기
9788900491517,특급기출중학영어22중간기말통합,IH-ENG-2819,특급기출 중학 영어 2-2 중간+기말 통합(이병민)(2026)
9788900491500,중학영어22교과서평가문제집,IH-ENG-2820,중학 영어 2-2 교과서 평가문제집(윤정미 외)(2026)
9788900491333,특급내신템교과서완성편중학영어12,IH-ENG-2821,특급내신템 교과서 완성편 중학 영어 1-2(윤정미)(2026)
9788900491340,특급내신템교과서완성편중학영어22,IH-ENG-2822,특급내신템 교과서 완성편 중학 영어 2-2(윤정미)(2026)
9791125988991,체크체크중학영어22,IH-ENG-2823,체크체크 중학 영어 2-2(2026)
9788900490527,특급내신템교과서완성편중학영어11,IH-ENG-2824,특급내신템 교과서 완성편 중학 영어 1-1(윤정미)(2026)
9788900490541,특급내신템교과서완성편중학영어21,IH-ENG-2825,특급내신템 교과서 완성편 중학 영어 2-1(윤정미)(2026)
9788905059439,중학영어2자습서,IH-ENG-2826,중학 영어2 자습서(송미정 교과서편)(2026)
9788905059446,중학영어21평가문제집,IH-ENG-2827,중학 영어 2-1 평가문제집(송미정 교과서편)(2026)
9791172368104,중학영어21평가문제,IH-ENG-2828,중학영어2-1 평가문제(이상기)(2026)(22교육개정)
9788900488678,특급기출중학영어21중간기말통합,IH-ENG-2829,특급기출 중학 영어 2-1 중간+기말 통합(윤정미)(2026)
9788900488531,특급기출중학영어211학기통합중간기말,IH-ENG-2830,특급기출 중학 영어 2-1 1학기 통합 중간+기말(이병민)(2026)
9791125351832,2026중학영어2자습서,IH-ENG-2831,2026 중학 영어2 자습서(김기택)
9791175483552,2026중학영어21평가문제집,IH-ENG-2832,2026 중학 영어 2-1 평가문제집
9791125985938,체크체크중학영어21,IH-ENG-2833,체크체크 중학 영어 2-1(2026)
9788900487398,특급기출중학영어32중간기말통합기출예상문제집,IH-ENG-2834,특급기출 중학 영어 3-2 중간+기말 통합 기출예상문제집(이병민)(2026)
9788900487381,특급기출중학영어31중간기말통합기출예상문제집,IH-ENG-2835,특급기출 중학 영어 3-1 중간+기말 통합 기출예상문제집(이병민)(2026)
9791125984382,체크체크중학영어12,IH-ENG-2836,체크체크 중학 영어 1-2 (2025)
9788900484854,특급기출중학영어12통합,IH-ENG-2837,특급기출 중학 영어 1-2 통합(이병민)(2025)
9791125983514,체크체크중학영어3b,IH-ENG-2838,체크체크 중학 영어 3-B
9788905057817,중학영어11평가문제집,IH-ENG-2840,중학 영어 1-1 평가문제집(송미정 교과서편)(2025)
9788905057800,중학영어1자습서,IH-ENG-2841,중학 영어1 자습서(송미정 교과서편)(2025)
9788927741640,내공중학영어서술형1,IH-ENG-2842,내공 중학영어 서술형 1
9788927741664,내공중학영어서술형3,IH-ENG-2843,내공 중학영어 서술형 3
9788927741657,내공중학영어서술형2,IH-ENG-2844,내공 중학영어 서술형 2
9788900481976,특급기출중학영어11,IH-ENG-2845,특급기출 중학 영어 1-1(이병민)(2025)
9791171010172,중학영어의결정적단어들동사,IH-ENG-2846,중학 영어의 결정적 단어들 동사
9791171010189,중학영어의결정적단어들접사어근,IH-ENG-2847,중학 영어의 결정적 단어들 접사·어근
9788900476101,프라임중학영어사전,IH-ENG-2848,프라임 중학영어사전
9791171010165,중학영어의결정적단어들콜로케이션,IH-ENG-2849,중학 영어의 결정적 단어들 콜로케이션
9788900476170,특급기출중학영어32기말고사,IH-ENG-2850,특급기출 중학 영어 3-2 기말고사(동아출판 윤정미)(2023)
9788900476156,특급기출중학영어22기말고사,IH-ENG-2851,특급기출 중학 영어 2-2 기말고사(동아출판 윤정미)(2023)
9788900475609,특급기출중학영어22중간고사기출예상문제집,IH-ENG-2852,특급기출 중학 영어 2-2 중간고사 기출예상문제집(이병민)(2023)
9788900475623,특급기출중학영어32중간고사기출예상문제집,IH-ENG-2853,특급기출 중학 영어 3-2 중간고사 기출예상문제집(이병민)(2023)
9788905055318,중학영어32평가문제집,IH-ENG-2854,중학 영어 3-2 평가문제집(민찬규 교과서편)(2024)
9788900474923,특급기출중학영어31기말고사기출예상문제집,IH-ENG-2855,특급기출 중학 영어 3-1 기말고사 기출예상문제집(이병민)(2024)
9788900474909,특급기출중학영어21기말고사기출예상문제집,IH-ENG-2856,특급기출 중학 영어 2-1 기말고사 기출예상문제집(이병민)(2024)
9788900473926,특급기출중학영어31중간고사기출예상문제집,IH-ENG-2857,특급기출 중학 영어 3-1 중간고사 기출예상문제집(윤정미)(2024)
9788900473902,특급기출중학영어21중간고사기출예상문제집,IH-ENG-2858,특급기출 중학 영어 2-1 중간고사 기출예상문제집(윤정미)(2024)
9788968062643,중학영어쓰작1,IH-ENG-2860,중학 영어 쓰작 1(쓰기+작문)
9788968062650,중학영어쓰작2,IH-ENG-2861,중학 영어 쓰작 2(쓰기+작문)
9788968062667,중학영어쓰작3,IH-ENG-2862,중학 영어 쓰작 3(쓰기+작문)
9788905054113,중학영어31평가문제집,IH-ENG-2863,중학 영어 3-1 평가문제집(민찬규 교과서편)
9788905054069,중학영어3자습서,IH-ENG-2864,중학 영어3 자습서(민찬규 교과서편)
9788954752688,ebs성적쑥쑥더뉴중학영어31,IH-ENG-2868,EBS 성적 쑥쑥 더뉴 중학 영어 3-1(2024)
9788954753760,ebs성적쑥쑥더뉴중학영어32,IH-ENG-2871,EBS 성적 쑥쑥 더뉴 중학 영어 3-2(2024)
9791129707819,메가스터디중학영어1일1문법,IH-ENG-2874,메가스터디 중학 영어 1일 1문법
9791166092398,중학영어중22평가문제집,IH-ENG-2876,중학 영어 중2-2 평가문제집(2021)
9788917235838,알리go올리go중학영어서술형쓰기2,IH-ENG-2877,알리GO 올리GO 중학 영어 서술형 쓰기 2
9788917235845,알리go올리go중학영어서술형쓰기3,IH-ENG-2878,알리GO 올리GO 중학 영어 서술형 쓰기 3
9788917235821,알리go올리go중학영어서술형쓰기1,IH-ENG-2879,알리GO 올리GO 중학 영어 서술형 쓰기 1
9788900460438,중학영어중32교과서평가문제집,IH-ENG-2885,중학 영어 중3-2 교과서 평가문제집(이병민 외)
9791164749041,allthat중학영어32,IH-ENG-2886,All that 중학 영어 3-2(2024)
9791164134212,미래엔교과서중학영어32평가문제집,IH-ENG-2888,미래엔 교과서 중학 영어 3-2 평가문제집
9791125330998,middleschoolenglish3자습서,IH-ENG-2891,Middle School English3(중학 영어3) 자습서
9791125331018,내신평정middleschoolenglish31평가문제집,IH-ENG-2892,내신평정 Middle School English(중학 영어) 3-1 평가문제집
9791125331032,내신평정middleschoolenglish32평가문제집,IH-ENG-2893,내신평정 Middle School English(중학 영어) 3-2 평가문제집
9791164134205,미래엔교과서중학영어31평가문제집,IH-ENG-2894,미래엔 교과서 중학 영어 3-1 평가문제집
9791164134168,미래엔교과서중학영어중3자습서,IH-ENG-2895,미래엔 교과서 중학 영어 중3 자습서
9788900451399,중학영어중31교과서평가문제집,IH-ENG-2896,중학 영어 중3-1 교과서 평가문제집(이병민 외)
9788954751117,ebs뉴런중학영어3,IH-ENG-2897,EBS 뉴런 중학 영어 3(2024)
9791162279717,올댓중학영어31,IH-ENG-2898,올댓 중학 영어 3-1(2024)
9788905053741,중학영어22평가문제집,IH-ENG-2899,중학 영어 2-2 평가문제집(민찬규 교과서편)
9791162272046,올댓중학영어22,IH-ENG-2900,올댓 중학 영어 2-2(2024)
9788900438918,중학영어중22교과서평가문제집,IH-ENG-2901,중학 영어 중2-2 교과서 평가문제집(윤정미 외)
9791125326472,내신평정middleschoolenglish222평가문제집,IH-ENG-2902,내신평정 Middle School English2(중학 영어2) 2-2 평가문제집
9791125326441,내신평정middleschoolenglish22평가문제집,IH-ENG-2903,내신평정 Middle School English(중학 영어) 2-2 평가문제집
9791125326458,middleschoolenglish2자습서,IH-ENG-2908,Middle School English2(중학 영어2) 자습서
9791125326465,middleschoolenglish221내신평정평가문제집,IH-ENG-2909,Middle School English2(중학 영어2) 2-1 내신평정 평가문제집
9791125326434,내신평정middleschoolenglish21평가문제집,IH-ENG-2910,내신평정 Middle School English(중학 영어) 2-1 평가문제집
9788900436815,중학영어21교과서평가문제집,IH-ENG-2911,중학 영어 2-1 교과서 평가문제집(윤정미 외)
9791125326007,열중16강독해문법level1,IH-ENG-2912,열중 16강 독해+문법 Level 1
9791125326014,열중16강독해문법level2,IH-ENG-2913,열중 16강 독해+문법 Level 2
9791125326038,열중16강문법level1,IH-ENG-2914,열중 16강 문법 Level 1
9791125326045,열중16강문법level2,IH-ENG-2915,열중 16강 문법 Level 2
9791125326052,열중16강문법level3,IH-ENG-2916,열중 16강 문법 Level 3
9791125326021,열중16강독해문법level3,IH-ENG-2917,열중 16강 독해+문법 Level 3
9788900436792,중학영어2자습서윤정미,IH-ENG-2922,중학 영어2자습서 윤정미
9788900436754,중학영어2자습서이병민,IH-ENG-2923,중학 영어2 자습서 이병민
9791162276327,올댓중학영어21,IH-ENG-2926,올댓 중학 영어 2-1(2024)
9791160572841,수행평가되는중학영어글쓰기1,IH-ENG-2927,수행평가 되는 중학 영어글쓰기 1(교사용)
9791160572858,수행평가되는중학영어글쓰기2,IH-ENG-2928,수행평가 되는 중학 영어글쓰기 2(교사용)
9791160572865,수행평가되는중학영어글쓰기3,IH-ENG-2929,수행평가 되는 중학 영어글쓰기 3(교사용)
9788900424171,중학영어12교과서평가문제집,IH-ENG-2931,중학 영어 1-2 교과서 평가문제집(이병민)(2018)
9791162274750,중학영어중22,IH-ENG-2933,중학 영어 중2-2(2018)
9791125319696,내신평정middleschoolenglish12평가문제집,IH-ENG-2936,내신평정 Middle School English(중학 영어) 1-2 평가문제집(김성곤)
9788900424157,중학영어중11교과서평가문제집,IH-ENG-2937,중학 영어 중 1-1 교과서 평가문제집(이병민 외)(2018)
9788900424072,중학영어11교과서평가문제집,IH-ENG-2938,중학 영어 1-1 교과서 평가문제집(윤정미 외)
9791125319689,내신평정middleschoolenglish11평가문제집,IH-ENG-2939,내신평정 Middle School English(중학 영어) 1-1 평가문제집(김성곤 외)
9791162272916,내공의힘중학영어평가문제집middleschoolenglish12,IH-ENG-2942,내공의힘 중학 영어 평가문제집 Middle School English 1-2(2018)
9788954727976,ebs단기특강중학영어1독해240제,IH-ENG-2943,EBS 단기특강 중학 영어1 독해 240제(2018)
9791159703966,올댓중학영어11,IH-ENG-2946,올댓 중학 영어 1-1(2024)
9788954735285,ebs단기특강중학영어3독해240제,IH-ENG-2948,EBS 단기특강 중학 영어3 독해 240제(2018)
9788954737715,ebstv중학영어중1,IH-ENG-2953,EBS TV 중학 영어 중1(2017)
9791125903499,스쿨플러스중학영어중32교과서문법마스터,IH-ENG-2960,스쿨플러스 중학 영어 중3-2 교과서 문법 마스터(2017)
9788900361001,middleschoolenglish12교과서평가문제집,IH-ENG-2961,Middle School English(중학 영어) 1-2 교과서 평가문제집(김성곤)(2015)
9788900360981,middleschoolenglish22교과서평가문제집,IH-ENG-2962,Middle School English(중학 영어) 2-2 교과서 평가문제집(이병민)(2015)
9788900360967,중학영어중12교과서평가문제집,IH-ENG-2963,중학 영어 중1-2 교과서 평가문제집(이병민)(2015)
9791125903598,성적을올리는평가문제집middleschoolenglish32,IH-ENG-2964,성적을 올리는 평가문제집 Middle School English(중학 영어) 3-2(이재영 교과서편)
9788905042837,내신만점을위한중학영어32중간기말대비평가문제집,IH-ENG-2965,내신만점을 위한 중학 영어 3-2 중간 기말대비 평가문제집(양현권 교과서편)(2016)
9788905042707,내신만점을위한중학영어중22중간기말대비평가문제집,IH-ENG-2966,내신만점을 위한 중학 영어 중2-2 중간 기말 대비 평가문제집(양현권)(2016)
9788905042691,내신만점을위한중학영어중12중간기말대비평가문제집,IH-ENG-2967,내신만점을 위한 중학 영어 중1-2 중간 기말 대비 평가문제집(양현권)(2016)
9791125903536,성적을올리는중학영어32,IH-ENG-2968,성적을 올리는 중학영어 3-2(평가문제집)(정사열 교과서편)(2015)
9788960494480,중학영어문장해석훈련2,IH-ENG-2972,중학 영어 문장 해석 훈련 2
9788960494497,중학영어문장해석훈련3,IH-ENG-2973,중학 영어 문장 해석 훈련 3
9788960494473,중학영어문장해석훈련1,IH-ENG-2974,중학 영어 문장 해석 훈련 1
9788905042653,하이라이트중학영어3자습서,IH-ENG-2975,하이라이트 중학 영어3 자습서
9788954735124,ebs강의노트중학영어2,IH-ENG-2976,EBS 강의노트 중학 영어 2(내신완성)(2018)
9788905042622,내신만점을위한중학영어31중간기말대비평가문제집,IH-ENG-2977,내신만점을 위한 중학 영어 3-1 중간 기말 대비 평가문제집(양현권교과서편)(2018)
9788905042240,내신만점을위한중학영어중간기말대비평가문제집,IH-ENG-2978,내신만점을 위한 중학 영어(2학년 1학기) 중간 기말 대비 평가문제집(양현권 교과서편)(2016)
9788974577292,englishbus중학영어종합독해1기본편,IH-ENG-2979,Englishbus 중학 영어 종합독해 1: 기본편
9788974577308,englishbus중학영어종합독해2발전편,IH-ENG-2980,Englishbus 중학 영어 종합독해 2: 발전편
9788960494244,중학영어단어체화훈련1,IH-ENG-2982,중학 영어 단어 체화 훈련 1
9788960494251,중학영어단어체화훈련2,IH-ENG-2983,중학 영어 단어 체화 훈련 2
9788926991459,스쿨플러스중학영어중31교과서구문독해,IH-ENG-2988,스쿨플러스 중학 영어 중3-1 교과서 구문독해(2018)
9791171012350,3학년이되기전에미리공부하는초등영어교과서,IH-ENG-2989,3학년이 되기 전에 미리 공부하는 초등영어 교과서
9791194687443,포차코와함께하는매일1장초등영어문장쓰기2성장편,IH-ENG-2990,포차코와 함께 하는 매일 1장 초등 영어 문장 쓰기 2: 성장편
9791172368241,초등영어자습서평가문제집61,IH-ENG-2991,초등 영어 자습서평가문제집 6-1(함순애)(2026)
9791172368234,초등영어자습서평가문제집51,IH-ENG-2992,초등 영어 자습서평가문제집 5-1(함순애)(2026)
9791172369149,초등영어61자습서평가문제집,IH-ENG-2994,초등 영어 6-1 자습서평가문제집(김태은)
9791172369132,초등영어51자습서평가문제집,IH-ENG-2995,초등 영어 5-1 자습서평가문제집(김태은)
9791175505506,포차코와함께하는매일1장초등영어문장쓰기1입문편,IH-ENG-2996,포차코와 함께 하는 매일 1장 초등 영어 문장 쓰기 1: 입문편
9791171011742,초등영어논픽션독해,IH-ENG-2997,초등 영어 논픽션 독해
9791171011728,초등영어표현익힘책1,IH-ENG-2998,초등 영어표현 익힘책 1
9788901258331,기초100초등영어7종세트,IH-ENG-2999,기초 100% 초등영어 7종 세트
9788917304053,초등영어41,IH-ENG-3000,초등 영어 4-1(자습서+평가문제집)
9788917304015,초등영어31,IH-ENG-3001,초등 영어 3-1(자습서+평가문제집)
9791164068852,기적의패턴리딩50words세트,IH-ENG-3002,기적의 패턴리딩: 50 words 세트
9791164068869,기적의패턴리딩50wordsa,IH-ENG-3003,기적의 패턴리딩: 50 words A
9791164068654,기적의패턴리딩30words세트,IH-ENG-3004,기적의 패턴리딩: 30 words 세트
9791164068883,기적의패턴리딩50wordsc,IH-ENG-3005,기적의 패턴리딩: 50 words C
9791164068845,기적의패턴리딩30wordsc,IH-ENG-3006,기적의 패턴리딩: 30 words C
9791164068876,기적의패턴리딩50wordsb,IH-ENG-3007,기적의 패턴리딩: 50 words B
9791164068678,기적의패턴리딩30wordsb,IH-ENG-3008,기적의 패턴리딩: 30 words B
9791164068661,기적의패턴리딩30wordsa,IH-ENG-3009,기적의 패턴리딩: 30 words A
9791161509198,매일1장초등영어력쑥쑥일력365,IH-ENG-3010,매일 1장 초등 영어력 쑥쑥 일력 365
9788927701804,한권으로끝내는초등영어리스닝,IH-ENG-3011,한 권으로 끝내는 초등영어 리스닝
9791166838361,하루한장초등영어신문문화편,IH-ENG-3012,하루 한 장 초등 영어 신문: 문화편
9791171010738,초등영어일기쓰기,IH-ENG-3013,초등 영어일기 쓰기
9791171010035,초등영어처음독해,IH-ENG-3014,초등 영어 처음 독해
9788927701743,한권으로끝내는초등영어문장패턴,IH-ENG-3016,한 권으로 끝내는 초등영어 문장패턴
9791125340997,초등영어사이트워드가된다세트,IH-ENG-3017,초등영어 사이트 워드가 된다 세트
9791125340874,초등영어사이트워드가된다2,IH-ENG-3018,초등영어 사이트 워드가 된다 2
9791125340867,초등영어사이트워드가된다1,IH-ENG-3019,초등영어 사이트 워드가 된다 1
9791140701391,스카이쌤의초등영어365일력,IH-ENG-3020,스카이쌤의 초등 영어 365 일력(초급)
9791166833038,초등영어일기표현사전,IH-ENG-3021,초등 영어일기 표현사전
9791125965732,똑똑한하루phonics2a매직e장모음,IH-ENG-3022,똑똑한 하루 Phonics 2A: 매직e 장모음
9791125965749,똑똑한하루phonics2b연속자음이중자음,IH-ENG-3023,똑똑한 하루 Phonics 2B: 연속자음+이중자음
9791125965756,똑똑한하루phonics3a장모음,IH-ENG-3024,똑똑한 하루 Phonics 3A: 장모음
9791125965763,똑똑한하루phonics3b이중모음,IH-ENG-3025,똑똑한 하루 Phonics 3B: 이중모음
9788901258348,기초100초등영어단어,IH-ENG-3026,기초 100% 초등영어 단어
9788901258355,기초100초등영어문법,IH-ENG-3027,기초 100% 초등영어 문법
9788901258362,기초100초등영어말하기,IH-ENG-3028,기초 100% 초등영어 말하기
9788901258379,기초100초등영어단어워크북,IH-ENG-3029,기초 100% 초등영어 단어 워크북
9788901258386,기초100초등영어문법워크북,IH-ENG-3030,기초 100% 초등영어 문법 워크북
9788901258393,기초100초등영어알파벳단어따라쓰기,IH-ENG-3031,기초 100% 초등영어 알파벳단어 따라쓰기
9788901258409,기초100초등영어단어문장따라쓰기,IH-ENG-3032,기초 100% 초등영어 단어문장 따라쓰기
9788900468304,동아연세초등영어사전,IH-ENG-3033,동아 연세 초등 영어사전
9791125337317,초등영어리스닝튜터beginner3,IH-ENG-3034,초등영어 리스닝튜터 Beginner 3
9791125337324,초등영어리스닝튜터intermediate1,IH-ENG-3035,초등영어 리스닝튜터 Intermediate 1
9791125337331,초등영어리스닝튜터intermediate2,IH-ENG-3036,초등영어 리스닝튜터 Intermediate 2
9791125337348,초등영어리스닝튜터intermediate3,IH-ENG-3037,초등영어 리스닝튜터 Intermediate 3
9791125337300,초등영어리스닝튜터beginner2,IH-ENG-3038,초등영어 리스닝튜터 Beginner 2
9791125337294,초등영어리스닝튜터beginner1,IH-ENG-3039,초등영어 리스닝튜터 Beginner 1
9791166831812,초등영어글쓰기이솝우화편,IH-ENG-3040,초등 영어 글쓰기: 이솝 우화 편
9791125966142,똑똑한하루reading1a초등3학년영어,IH-ENG-3041,똑똑한 하루 Reading 1A 초등 3학년 영어(2024)
9791125966159,똑똑한하루reading1b초등3학년영어,IH-ENG-3042,똑똑한 하루 Reading 1B 초등 3학년 영어(2024)
9791125966166,똑똑한하루reading2a초등4학년영어,IH-ENG-3043,똑똑한 하루 Reading 2A 초등 4학년 영어(2024)
9791125965725,똑똑한하루phonics1b단모음,IH-ENG-3044,똑똑한 하루 Phonics 1B: 단모음
9791125965718,똑똑한하루phonics1a자음과모음,IH-ENG-3045,똑똑한 하루 Phonics 1A: 자음과 모음
9791166830785,초등영어책읽기의기적,IH-ENG-3046,초등 영어책 읽기의 기적
9791125336020,초등영어단어가된다세트,IH-ENG-3047,초등영어 단어가 된다 세트
9791125961093,똑똑한하루voca3b,IH-ENG-3048,똑똑한 하루 VOCA 3B(초등 5학년 영어)
9791125961109,똑똑한하루voca4a,IH-ENG-3049,똑똑한 하루 VOCA 4A(초등 6학년 영어)
9791125335306,초등영어단어가된다3,IH-ENG-3052,초등영어 단어가 된다 3
9791125335313,초등영어단어가된다4,IH-ENG-3053,초등영어 단어가 된다 4
9791125335290,초등영어단어가된다2,IH-ENG-3054,초등영어 단어가 된다 2
9791125335375,초등영어문법이된다starter2,IH-ENG-3055,초등영어 문법이 된다 Starter 2
9791125335399,초등영어문법이된다2,IH-ENG-3057,초등영어 문법이 된다 2
9791125335283,초등영어단어가된다1,IH-ENG-3059,초등영어 단어가 된다 1
9791191119879,놓지마초등영어표현,IH-ENG-3060,놓지 마 초등 영어 표현
9791191209037,초등영어일기,IH-ENG-3061,초등 영어일기
9788954755887,ebs랑홈스쿨초등영어초등영독해level3,IH-ENG-3062,EBS랑 홈스쿨 초등 영어 초등 영독해 Level 3(2024)
9788954755870,ebs랑홈스쿨초등영어초등영독해level2,IH-ENG-3063,EBS랑 홈스쿨 초등 영어 초등 영독해 Level 2(2024)
9788954755863,ebs랑홈스쿨초등영어초등영독해level1,IH-ENG-3064,EBS랑 홈스쿨 초등 영어 초등 영독해 Level 1(2024)
9788927701293,초등영어표현력사전,IH-ENG-3066,초등 영어 표현력 사전
9788900424010,초등영어32,IH-ENG-3067,초등 영어 3-2(자습서+ 평가문제집)
9788960498396,초등영어를결정하는영어표현,IH-ENG-3068,초등 영어를 결정하는 영어표현
9788900438895,초등영어62자습서평가문제집,IH-ENG-3071,초등 영어 6-2 자습서 평가문제집
9788900438871,초등영어52자습서평가문제집,IH-ENG-3072,초등 영어 5-2 자습서 평가문제집
9788917230796,jetplanet56급,IH-ENG-3079,Jet Planet 5 6급(Junior English Test)
9788917230802,jetplanet34급,IH-ENG-3080,Jet Planet 3 4급(Junior English Test)
9788917230819,jetplanet12급,IH-ENG-3081,Jet Planet 1 2급(Junior English Test)
9788960497467,초등영어문장만들기가먼저다6긴문장만들기,IH-ENG-3082,초등영어 문장만들기가 먼저다 6: 긴 문장 만들기
9788960497474,초등영어문장만들기가먼저다7의문문만들기,IH-ENG-3083,초등영어 문장만들기가 먼저다 7: 의문문 만들기
9788960497450,초등영어문장만들기가먼저다5조부동태완전정복,IH-ENG-3084,초등영어 문장만들기가 먼저다 5: 조-부-동-태 완전 정복
9788960497245,초등영어문장만들기가먼저다4수식어로문장꾸미기,IH-ENG-3085,초등영어 문장만들기가 먼저다 4: 수식어로 문장 꾸미기
9788960497238,초등영어문장만들기가먼저다3심화동사로문장만들기,IH-ENG-3086,초등영어 문장만들기가 먼저다 3: 심화 동사로 문장 만들기
9788960497221,초등영어문장만들기가먼저다2시제완전정복,IH-ENG-3087,초등영어 문장만들기가 먼저다 2: 시제 완전 정복
9788960497207,초등영어문장만들기가먼저다1기본동사로문장만들기,IH-ENG-3088,초등영어 문장만들기가 먼저다 1: 기본 동사로 문장 만들기
9788926156278,초등영어21일만따라하면voca된다3,IH-ENG-3089,초등영어 21일만 따라하면 Voca 된다 3
9791125935407,초등영어42자습서평가문제집,IH-ENG-3090,초등 영어 4-2 자습서&평가문제집
9788900424058,초등영어42,IH-ENG-3091,초등 영어 4-2(자습서+ 평가문제집)
9791161652757,초등영어일기첫걸음기초문법,IH-ENG-3092,초등 영어일기 첫걸음: 기초문법
9791161652764,초등영어일기첫걸음기초회화,IH-ENG-3093,초등 영어일기 첫걸음: 기초회화
9788974572891,초등영어구문이독해다초등reading1,IH-ENG-3097,"초등 영어, 구문이 독해다 초등 READing 1"
9788974572907,초등영어구문이독해다초등reading2,IH-ENG-3098,"초등 영어, 구문이 독해다 초등 READing 2"
9791161650524,초등영어100일의기적,IH-ENG-3099,초등영어 100일의 기적
9788960495975,차근차근초등영어교과서미리쓰기4학년,IH-ENG-3100,차근차근 초등영어 교과서 미리쓰기 4학년
9791157527618,이보영선생님의하루10분초등영어필수문법,IH-ENG-3102,이보영 선생님의 하루 10분 초등영어: 필수문법
9791157527625,이보영선생님의하루10분초등영어기초회화,IH-ENG-3103,이보영 선생님의 하루 10분 초등영어: 기초회화
9791157527649,이보영선생님의하루10분초등영어기초단어,IH-ENG-3104,이보영 선생님의 하루 10분 초등영어: 기초단어
9791157527656,이보영선생님의하루10분초등영어필수단어,IH-ENG-3105,이보영 선생님의 하루 10분 초등영어: 필수단어
9791157527632,이보영선생님의하루10분초등영어필수회화,IH-ENG-3106,이보영 선생님의 하루 10분 초등영어: 필수회화
9791157527601,하루10분초등영어기초문법,IH-ENG-3107,하루 10분 초등영어: 기초문법
9788960495937,차근차근초등영어교과서미리쓰기3학년,IH-ENG-3108,차근차근 초등영어 교과서 미리쓰기 3학년
9788974577773,listeningfunstarter1,IH-ENG-3109,Listening Fun(리스닝 펀) Starter 1
9791125914419,초등영어교육의해법,IH-ENG-3110,초등영어교육의 해법
9788937821691,초등입학준비끝영어,IH-ENG-3111,초등 입학 준비 끝!: 영어
9791125905974,초등영어62,IH-ENG-3113,초등 영어 6-2(2018)
9791125905967,초등영어52,IH-ENG-3114,초등 영어 5-2(2018)
9788917222197,초등영어42평가문제집,IH-ENG-3116,초등 영어 4-2 평가문제집(자습서 겸용)(2017)
9788927700517,초등영어100문장으로끝내기,IH-ENG-3119,초등영어 100문장으로 끝내기
9788926114018,초등영어21일만따라하면단어가문장이된다2,IH-ENG-3121,초등영어 21일만 따라하면 단어가 문장이 된다 2
9788926114001,초등영어21일만따라하면단어가문장이된다1,IH-ENG-3126,초등영어 21일만 따라하면 단어가 문장이 된다 1
9788917213102,초등영어평가문제집62,IH-ENG-3127,초등영어 평가문제집 6-2(자습서 겸용)(2012)
9788960490468,4학년이되기전에미리공부하는초등영어교과서,IH-ENG-3135,4학년이 되기 전에 미리 공부하는 초등영어 교과서
9788917178647,초등영어시험jet실전문제집456급,IH-ENG-3142,초등영어시험 JET 실전문제집 4: 5 6급
9788917178623,초등영어시험jet실전문제집434급,IH-ENG-3143,초등영어시험 JET 실전문제집 4: 3 4급
9788981278533,초등영어사전,IH-ENG-3150,초등영어사전
9788917178463,초등영어시험jet실전문제집1초급,IH-ENG-3153,초등영어시험 JET 실전문제집 1: 초급
9788917178449,초등영어시험jet실전문제집1중급,IH-ENG-3154,초등영어시험 JET 실전문제집 1: 중급
9788900062182,초등영어flashcard3,IH-ENG-3156,초등영어 FLASH CARD 3
9791125988144,고등영어미디어자습서평가문제집22개정,IH-ENG-3157,고등 영어 미디어 자습서평가문제집(오영일) 22개정
9791125987277,고등영어발표와토론자습서평가문제집22개정,IH-ENG-3158,고등 영어발표와 토론 자습서평가문제집(김현진) 22개정
9791175901254,고등영어2자습서평가문제집,IH-ENG-3159,고등 영어2 자습서평가문제집(홍민표)(2026)
9791173166266,고등영어1자습서평가문제집,IH-ENG-3160,고등 영어1 자습서평가문제집(홍민표)(2026)
9788968066221,고등영어서술형rank기본문장쓰기,IH-ENG-3161,고등 영어 서술형 RANK 기본 문장 쓰기
9788968066238,고등영어서술형rank복잡한문장쓰기,IH-ENG-3162,고등 영어 서술형 RANK 복잡한 문장 쓰기
9788927741695,시험에강한고등영어서술형실전편문법,IH-ENG-3163,시험에 강한 고등영어 서술형 실전편: 문법
9788927741688,시험에강한고등영어서술형실전편내용이해,IH-ENG-3164,시험에 강한 고등영어 서술형 실전편: 내용이해
9788954795531,ebs수능특강light고등영어,IH-ENG-3165,EBS 수능특강 Light 고등 영어(2026)
9788905057848,고등영어1평가문제집,IH-ENG-3167,고등 영어1 평가문제집(신상근 교과서편)(2025)
9788905057824,고등영어1자습서,IH-ENG-3168,고등 영어1 자습서(신상근 교과서편)(2025)
9791129713964,메가스터디고등영어괜찮아어법,IH-ENG-3169,메가스터디 고등 영어 괜찮아 어법(2025)
9788968063879,rank77고등영어서술형실전문제700제,IH-ENG-3170,RANK 77 고등 영어 서술형 실전문제 700제
9788968063862,rank77고등영어서술형,IH-ENG-3171,RANK 77 고등 영어 서술형
9791125343011,능률pt고등영어lesson8itsuptoyou,IH-ENG-3172,능률 PT 고등 영어 Lesson 8: It’s Up to You!
9791125343004,능률pt고등영어lesson7findingoutthewonders,IH-ENG-3173,능률 PT 고등 영어 Lesson 7: Finding Out the Wonders
9791125342748,능률pt고등영어lesson6beyondthelimits,IH-ENG-3174,능률 PT 고등 영어 Lesson 6: Beyond the Limits
9791125342731,능률pt고등영어lesson5whatmattersmost,IH-ENG-3175,능률 PT 고등 영어 Lesson 5: What Matters Most
9791125342359,능률pt고등영어lesson4towardabetterworld,IH-ENG-3176,능률 PT 고등 영어 Lesson 4: Toward a Better World(2023)
9791125342342,능률pt고등영어lesson3soundlife,IH-ENG-3177,능률 PT 고등 영어 Lesson 3: Sound Life(2023)
9791125342168,능률pt고등영어lesson2thepowerofcreativity,IH-ENG-3178,능률 PT 고등 영어 Lesson 2: The Power of Creativity(2023)
9791125342151,능률pt고등영어lesson1thepartyouplay,IH-ENG-3179,능률 PT 고등 영어 Lesson 1: The Part You Play(2023)
9788927741541,시험에강한고등영어서술형,IH-ENG-3180,시험에 강한 고등 영어 서술형
9791125340713,고등영어서술형,IH-ENG-3182,고등 영어 서술형(실전편)(2024)
9788900470482,수능어법기본,IH-ENG-3186,수능 어법 기본(2023)
9788960765030,블랙라벨고등영어내신어법,IH-ENG-3187,블랙라벨 고등 영어 내신 어법
9791156145264,고등영어1평가문제,IH-ENG-3191,고등 영어1 평가문제 (이재영)(2022)
9791166096464,고등영어평가문제집,IH-ENG-3192,고등 영어 평가문제집
9791166096457,고등영어자습서,IH-ENG-3193,고등 영어 자습서
9791164139637,파사쥬고등영어영역25회듣기기본모의고사,IH-ENG-3198,파사쥬 고등 영어영역 25회 듣기 기본모의고사(2024)
9791166096815,지금필수고등영어영역듣기실전모의고사20회,IH-ENG-3199,지금필수 고등 영어영역 듣기 실전 모의고사 20회(2024)
9791129707826,메가스터디고등영어1일1구문,IH-ENG-3200,메가스터디 고등 영어 1일 1구문
9788905052508,고등영어2자습서,IH-ENG-3202,고등 영어2 자습서(민찬규 교과서편)(2024)
9791165989514,531project고등영어고난도유형h,IH-ENG-3203,531 Project(프로젝트) 고등 영어 고난도 유형 H(Hyper)(2024)
9791165987589,531project고등영어빈칸추론h,IH-ENG-3204,531 Project(프로젝트) 고등 영어 빈칸추론 H(Hyper)(2024)
9788954757393,ebs수능특강연계기출고등영어,IH-ENG-3210,EBS 수능특강 연계 기출 고등 영어(2021)
9791129707024,메가스터디고등영어영역어법수능기출분석서3주완성,IH-ENG-3217,메가스터디 고등 영어영역 어법 수능 기출 분석서 3주 완성(2021)
9788905051495,고등영어어법서술형,IH-ENG-3231,고등 영어 어법 서술형(Grammar Point 15)(2024)
9791164429912,531project고등영어유형독해s,IH-ENG-3245,531 Project(프로젝트) 고등 영어 유형독해 S(Speedy)(2024)
9791164429301,531project고등영어유형독해e,IH-ENG-3246,531 Project(프로젝트) 고등 영어 유형독해 E(Easy)(2024)
9791164743902,지금필수고등영어영역어법어휘,IH-ENG-3255,지금필수 고등 영어 영역 어법 어휘(2023)
9791164743872,지금필수고등영어영역구문독해,IH-ENG-3256,지금필수 고등 영어영역 구문 독해(2023)
9791164743926,지금필수고등영어영역고난도유형,IH-ENG-3257,지금필수 고등 영어 영역 고난도 유형(2024)
9791164743889,지금필수고등영어영역유형독해,IH-ENG-3259,지금필수 고등 영어영역 유형 독해(2024)
9791164743896,지금필수고등영어영역종합실전,IH-ENG-3260,지금필수 고등 영어 영역 종합 실전(2024)
9791164743919,지금필수고등영어영역빈칸추론,IH-ENG-3261,지금필수 고등 영어 영역 빈칸추론(2024)
9791164743865,지금필수고등영어영역기본문법,IH-ENG-3262,지금필수 고등 영어영역 기본 문법(2024)
9791125329923,기강잡고기초잡는유형독해,IH-ENG-3266,기강잡고 기초 잡는 유형 독해
9791125329916,기강잡고독해잡는필수문법,IH-ENG-3267,기강잡고 독해 잡는 필수 문법
9791164133185,파사쥬고등영어영역유형독해,IH-ENG-3278,파사쥬 고등 영어영역 유형독해(2024)
9791164133468,파사쥬고등영어영역유형구문,IH-ENG-3280,파사쥬 고등 영어영역 유형구문(2023)
9791129705198,메가스터디절대평가큐고등영어기본구문독해,IH-ENG-3281,메가스터디 절대평가 큐 고등 영어 기본 구문독해(2024)
9791129705204,메가스터디절대평가큐고등영어기본유형독해,IH-ENG-3282,메가스터디 절대평가 큐 고등 영어 기본 유형독해(2024)
9791164132898,룩look고등영어분석독해,IH-ENG-3284,룩Look 고등 영어 분석독해(2023)
9791164132973,파사쥬고등영어영역기본영어,IH-ENG-3296,파사쥬 고등 영어영역 기본영어(2024)
9791129704917,메가스터디고등영어의자격단기특강유형편,IH-ENG-3301,메가스터디 고등 영어의 자격 단기특강: 유형편(2024)
9788927745136,교과서내신정복고등영어2평가문제집,IH-ENG-3313,교과서 내신정복 고등 영어2 평가문제집
9788917231083,highschoolenglish2평가문제집,IH-ENG-3314,High School English2(고등 영어2) 평가문제집(박준언)
9788917231090,highschoolenglish2해설서,IH-ENG-3315,High School English2(고등 영어2) 해설서(한상호)
9788968061486,쎄듀고등본영어문법적용편,IH-ENG-3318,쎄듀 고등 본영어 문법적용편
9788968061479,쎄듀고등본영어문법편,IH-ENG-3319,쎄듀 고등 본영어 문법편
9791125327561,고등영어권문화자습서,IH-ENG-3321,고등 영어권 문화 자습서(High School Culture of English Speaking Countries)
9791125326144,highschoolenglish2자습서,IH-ENG-3330,High School English2(고등 영어2) 자습서
9791125326151,highschoolenglish2내신평정평가문제집,IH-ENG-3331,High School English2(고등 영어2) 내신평정 평가문제집
9791162274668,단기특강고등영어영역문법편,IH-ENG-3355,단기특강 고등 영어영역 문법편(2024)
9791162274675,단기특강고등영어영역구문편,IH-ENG-3356,단기특강 고등 영어영역 구문편(2024)
9791162274682,단기특강고등영어영역유형편,IH-ENG-3357,단기특강 고등 영어영역 유형편(2024)
9791162274699,단기특강고등영어영역독해편,IH-ENG-3358,단기특강 고등 영어영역 독해편(2024)
9791125932758,고등영어평가문제2학기,IH-ENG-3359,고등 영어 평가문제 2학기(이재영)
9788954745994,ebs고등영어4주특강,IH-ENG-3360,EBS 고등 영어 4주 특강(2019)
9791125932321,고등영어평가문제1학기,IH-ENG-3362,고등 영어 평가문제 1학기(김태영)
9791125932345,conversation고등영어자습서,IH-ENG-3363,Conversation 고등 영어 자습서(안병규)
9788900424195,고등영어highschoolenglish,IH-ENG-3365,고등 영어 HIGH SCHOOL ENGLISH (자습서+평가문제집)(이병민)(2018)
9791125319610,highschoolenglish1자습서,IH-ENG-3366,High School English1(고등 영어1) 자습서
9791125319641,highschoolenglishreadingwriting내신평정평가문제집,IH-ENG-3367,High School English(고등 영어) Reading & Writing 내신평정 평가문제집
9791125319757,내신평정highschoolenglish평가문제집,IH-ENG-3368,내신평정 High School English(고등 영어) 평가문제집(양현권 외)
9791125319634,highschoolenglishreadingwriting자습서,IH-ENG-3369,High School English(고등 영어) Reading & Writing 자습서
9791125319627,highschoolenglish1평가문제집,IH-ENG-3370,High School English1(고등 영어1) 평가문제집
9791125319740,highschoolenglish자습서,IH-ENG-3371,High School English(고등 영어) 자습서(양현권 외)
9788917229035,highschoolenglish해설서,IH-ENG-3372,High School English(고등 영어) 해설서(한상호)
9788917229004,highschoolenglish평가문제집,IH-ENG-3373,High School English(고등 영어) 평가문제집(박준언)
9791162272800,내공의힘고등영어평가문제집,IH-ENG-3375,내공의힘 고등 영어 평가문제집(홍민표)(2018)
9788954744959,ebs지금내등급은고등영어고3예비,IH-ENG-3376,"EBS 지금, 내 등급은? 고등 영어 고3 예비(2018)(8절)"
9788927741107,ebs연계변형고등영어영역한권으로끝내기,IH-ENG-3378,EBS 연계 변형 고등 영어영역 한권으로 끝내기(2018)
9791162273371,단기특강고등영어영역고난도유형편,IH-ENG-3382,단기특강 고등 영어영역 고난도 유형편(2024)
9791162273388,단기특강고등영어영역듣기편,IH-ENG-3383,단기특강 고등 영어영역 듣기편(2024)
9788927741039,ebs연계변형미리미리끝내기고등영어영역,IH-ENG-3384,EBS 연계 변형 미리미리 끝내기 고등 영어영역(2018)
9788954738767,고등영어영역영어200제,IH-ENG-3385,고등 영어영역 영어 200제(2017)
9791158314583,531project고등영어핵심어법을빠르게,IH-ENG-3396,531 Project(프로젝트) 고등 영어 핵심어법을 빠르게(Speedy)(2021)
9791125310945,특급고등영어대의파악내용일치,IH-ENG-3398,특급 고등 영어 대의파악 + 내용일치(2017)
9791158311322,531project고등영어빈칸추론을빠르게,IH-ENG-3416,531 Project(프로젝트) 고등 영어 빈칸추론을 빠르게(Speedy)(2021)
9791158310530,531project고등영어유형독해를빠르게,IH-ENG-3420,531 Project(프로젝트) 고등 영어 유형독해를 빠르게(Speedy)(2020)
9788937898839,붐특강고등영어영역문법편,IH-ENG-3438,붐 특강 고등 영어영역 문법편(2015)
9788966949083,내신평정highschoolenglish2평가문제집,IH-ENG-3442,내신평정 High School English2(고등 영어2) 평가문제집
9788926136331,독해가되는고등영어어법끊어읽기,IH-ENG-3444,독해가 되는 고등 영어 어법 끊어읽기(실전)
9788926960585,체크체크고등영어,IH-ENG-3445,체크체크 고등 영어
9788942785575,고등영어고1자습서,IH-ENG-3448,고등영어고1자습서(2009)(김덕기)
9788959973484,내신평정고등영어평가문제집,IH-ENG-3449,내신평정 고등영어 평가문제집(2011)
9788968066269,수능영어정복의첫걸음첫단추듣기실전편,IH-ENG-3453,수능 영어 정복의 첫걸음 첫단추 듣기실전편(2026)
9788968066252,수능영어정복의첫걸음첫단추듣기유형편,IH-ENG-3454,수능 영어 정복의 첫걸음 첫단추 듣기유형편(2026)
9788968066306,수능실감수능영어와가장가까운파이널실전모의고사6회,IH-ENG-3455,수능실감 수능 영어와 가장 가까운 파이널 실전 모의고사 6회
9791175480162,중학리딩바이트readingbitegrade1,IH-ENG-3456,중학 리딩바이트 Reading BITE: GRADE 1(2026)
9791175480179,중학리딩바이트readingbitegrade2,IH-ENG-3457,중학 리딩바이트 Reading BITE: GRADE 2(2026)
9791175480186,중학리딩바이트readingbitegrade3,IH-ENG-3458,중학 리딩바이트 Reading BITE: GRADE 3(2026)
9791175480155,중학리딩바이트readingbiteprep,IH-ENG-3459,중학 리딩바이트 Reading BITE: PREP(2026)
9788968065729,쎄듀수능영어쇼츠고난도유형독해,IH-ENG-3460,쎄듀 수능영어 쇼츠: 고난도 유형독해
9788968065712,쎄듀수능영어쇼츠유형독해,IH-ENG-3461,쎄듀 수능영어 쇼츠: 유형독해
9788968065699,쎄듀수능영어쇼츠문법어법,IH-ENG-3462,쎄듀 수능영어 쇼츠: 문법·어법
9788968065705,쎄듀수능영어쇼츠구문독해,IH-ENG-3463,쎄듀 수능영어 쇼츠: 구문독해
9788968065545,첫단추독해실전편,IH-ENG-3464,첫단추 독해실전편
9788968065538,첫단추독해유형편,IH-ENG-3465,첫단추 독해유형편
9788954790598,ebs수능영어간접연계서치라이트,IH-ENG-3466,EBS 수능 영어 간접연계 서치라이트(2025)(2026 수능대비)
9788968063107,수능실감듣기모의고사24회,IH-ENG-3467,수능실감 듣기 모의고사 24회(2024)(2025 수능대비)
9788954780599,ebs강의노트수능개념이상미의수능영어똑독해,IH-ENG-3469,EBS 강의노트 수능개념 이상미의 수능 영어 똑독해(2024)(2025 수능대비)
9788954780629,ebs강의노트수능개념정승익의수능영어기본공식,IH-ENG-3470,EBS 강의노트 수능개념 정승익의 수능영어 기본공식(2024)(2025 수능대비)
9788968062896,첫단추문법어법편,IH-ENG-3471,첫단추 문법 어법편
9788927741572,유형독해insight기본편,IH-ENG-3472,유형독해 insight 기본편
9788965425748,해커스첫수능영어유형독해,IH-ENG-3474,해커스 첫수능 영어 유형독해
9788965425731,해커스첫수능영어기초독해,IH-ENG-3475,해커스 첫수능 영어 기초독해
9788968062773,수능영어절대유형2024,IH-ENG-3476,수능영어 절대유형 2024
9788968062780,수능영어절대유형3142,IH-ENG-3477,수능영어 절대유형 3142
9788927780465,맨처음수능영어주제별독해2,IH-ENG-3478,맨처음 수능 영어 주제별 독해 2
9788927780458,맨처음수능영어주제별독해1,IH-ENG-3479,맨처음 수능 영어 주제별 독해 1
9788927780410,맨처음수능영어유형독해실력편,IH-ENG-3481,맨처음 수능 영어 유형독해: 실력편
9788927780403,맨처음수능영어유형독해기본편,IH-ENG-3482,맨처음 수능 영어 유형독해: 기본편
9788927780052,맨처음수능영어유형독해입문편,IH-ENG-3484,맨처음 수능 영어 유형독해: 입문편
9791125334736,맞수구문독해실전편,IH-ENG-3491,맞수 구문독해 실전편
9791125334729,맞수구문독해기본편,IH-ENG-3494,맞수 구문독해 기본편
9791125334804,맞수빈칸추론,IH-ENG-3499,맞수 빈칸추론
9788927741336,어법insight기본편,IH-ENG-3504,어법 Insight: 기본편
9788927741329,어법insight실력편,IH-ENG-3508,어법 insight 실력편
9788927741060,theslim유형독해,IH-ENG-3520,The Slim 유형독해
9788927741077,theslim구문독해,IH-ENG-3521,The Slim 구문독해
9788905059545,중학교영어22평가문제집,IH-ENG-3548,중학교 영어 2-2 평가문제집(송미정 교과서편)(2026)
9788905059347,고등학교영어1자습서평가문제집신상근교과서편,IH-ENG-3549,고등학교 영어 1 자습서+평가문제집 : 신상근 교과서편 (2026년)
9788905059354,고등학교영어2자습서평가문제집신상근교과서편,IH-ENG-3550,고등학교 영어 2 자습서+평가문제집 : 신상근 교과서편 (2026년)
9791125987246,고등심화영어자습서평가문제집22개정,IH-ENG-3551,고등 심화영어 자습서평가문제집(신정아) 22개정
9791125987567,고등세계문화와영어자습서평가문제집22개정,IH-ENG-3552,고등 세계문화와 영어 자습서평가문제집(강규한)22개정
9791125986539,고등직무영어자습서평가문제집,IH-ENG-3553,고등 직무영어 자습서평가문제집(윤성호)
9791175900851,중등영어21평가문제집,IH-ENG-3554,중등 영어 2-1 평가문제집(황종배)(2026)
9791175901469,중등영어22평가문제집,IH-ENG-3555,중등 영어 2-2 평가문제집(황종배)(2026)
9791125350804,2026다빈출코드수능기출문제집영어영역듣기,IH-ENG-3556,2026 다빈출코드 수능기출문제집 영어영역 듣기
9791125350774,다빈출코드학평기출문제집영어영역고1독해,IH-ENG-3557,다빈출코드 학평기출문제집 영어영역 고1 독해(2026 학평대비)
9791125350781,다빈출코드학평기출문제집영어영역고2독해,IH-ENG-3558,다빈출코드 학평기출문제집 영어영역 고2 독해(2026 학평대비)
9791125350798,다빈출코드학평기출문제집영어영역어법어휘,IH-ENG-3559,다빈출코드 학평기출문제집 영어영역 어법∙어휘(2026 학평대비)
9791175483705,n기출수능기출문제집영어영역고난도독해level1,IH-ENG-3560,N기출 수능기출 문제집 영어영역 고난도 독해 Level 1
9791175483712,n기출수능기출문제집영어영역고난도독해level2,IH-ENG-3561,N기출 수능기출 문제집 영어영역 고난도 독해 Level 2
9791175483729,n기출수능기출문제집영어영역고난도독해level3,IH-ENG-3562,N기출 수능기출 문제집 영어영역 고난도 독해 Level 3
9791175631250,마더텅수능기출문제집영어어법어휘,IH-ENG-3563,마더텅 수능기출문제집 영어 어법 어휘(2027)
9791173169915,2026full수록수능기출문제집영어어법어휘,IH-ENG-3564,2026 Full수록(풀수록) 수능 기출문제집 영어 어법 어휘
9791175630154,2026마더텅전국연합학력평가기출문제집고1영어어법어휘,IH-ENG-3565,2026 마더텅 전국연합 학력평가 기출문제집 고1 영어 어법·어휘
9791175630185,2026마더텅전국연합학력평가기출문제집고2영어어법어휘,IH-ENG-3566,2026 마더텅 전국연합 학력평가 기출문제집 고2 영어 어법·어휘
9791174044143,2026해커스공무원7개년기출문제집영어,IH-ENG-3567,2026 해커스공무원 7개년 기출문제집 영어
9791174044006,2026해커스공무원최신1개년기출문제집영어,IH-ENG-3568,2026 해커스공무원 최신 1개년 기출문제집 영어
9788917304350,highschoolcommonenglish2해설서평가문제집,IH-ENG-3569,High School Common English 2(고등 공통영어 2) 해설서&평가문제집(박준언)(2025)
9791138927529,기출의바이블영어,IH-ENG-3571,기출의 바이블 영어(2025)(2026 수능대비)
9791172442965,2025해커스계리직영어출제예상문제집,IH-ENG-3574,2025 해커스계리직 영어 출제예상문제집
9791169995108,2024해커스공무원8개년기출문제집공통과목통합,IH-ENG-3584,2024 해커스공무원 8개년 기출문제집 공통과목 통합(국어+영어+한국사)
9791169994057,2024해커스공무원유형별기출문제집영어세트,IH-ENG-3586,2024 해커스공무원 유형별 기출문제집 영어 세트
9791129716354,n회독영어영역독해고난도유형180제,IH-ENG-3590,N회독 영어영역 독해 고난도 유형 180제(2026)(2027 수능 대비)
9791174040770,2026해커스공무원영어적중독해500제,IH-ENG-3591,2026 해커스공무원 영어 적중 독해 500제
9788926165461,구조독해입문1,IH-ENG-3592,구조독해입문 1
9788926165478,구조독해입문2,IH-ENG-3593,구조독해입문 2
9791174040749,2026해커스공무원영어고득점독해337,IH-ENG-3594,2026 해커스공무원 영어 고득점 독해 337
9788968065897,readinggraphylevel5,IH-ENG-3595,ReadingGraphy (리딩그라피) Level 5
9788968065903,readinggraphylevel6,IH-ENG-3596,ReadingGraphy (리딩그라피) Level 6
9788900487282,수프림유형독해,IH-ENG-3597,수프림 유형독해
9788968065767,천일문독해introargument설명글,IH-ENG-3598,천일문 독해 Intro Argument 설명글
9788968065750,천일문독해introargument주장글,IH-ENG-3599,천일문 독해 INTRO Argument 주장글
9788968065781,천일문독해masterexplanation설명글,IH-ENG-3600,천일문 독해 Master Explanation 설명글
9788968065774,천일문독해masterargument주장글,IH-ENG-3601,천일문 독해 Master Argument 주장글
9791125348214,수능딥독중학수능독해level3,IH-ENG-3604,수능 딥독 중학 수능 독해 LEVEL 3(2024)
9791125348207,수능딥독중학수능독해level2,IH-ENG-3605,수능 딥독 중학 수능 독해 LEVEL 2(2024)
9791125348191,수능딥독중학수능독해level1,IH-ENG-3606,수능 딥독 중학 수능 독해 LEVEL 1(2024)
9788968064340,천일문독해essentialexplanation설명글,IH-ENG-3610,천일문 독해 ESSENTIAL Explanation 설명글
9788968064333,천일문독해essentialargument주장글,IH-ENG-3611,천일문 독해 ESSENTIAL Argument 주장글
9788968064319,천일문독해basicexplanation설명글,IH-ENG-3612,천일문 독해 BASIC Explanation 설명글(2024)
9788968064302,천일문독해basicargument주장글,IH-ENG-3613,천일문 독해 Basic Argument 주장글(2024)
9791172442026,2025해커스공무원영어구조독해007,IH-ENG-3615,2025 해커스공무원 영어 구조 독해 007
9791166837692,시사영문독해플러스,IH-ENG-3617,시사 영문 독해 플러스
9788968063091,리딩그라피level4,IH-ENG-3618,리딩그라피(ReadingGraphy) Level 4
9788968063084,리딩그라피level3,IH-ENG-3619,리딩그라피(ReadingGraphy) Level 3
9788968063077,리딩그라피level2,IH-ENG-3620,리딩그라피(ReadingGraphy) Level 2
9788968063060,리딩그라피level1,IH-ENG-3621,리딩그라피(ReadingGraphy) Level 1
9791129711243,메가스터디n제영어영역독해332제,IH-ENG-3622,메가스터디 N제 영어영역 독해 332제(2024)
9788965422945,해커스구문독해100100개필수구문으로영어직독직해,IH-ENG-3623,해커스 구문독해 100: 100개 필수구문으로 영어 직독직해
9791138919470,기출의바이블고2영어,IH-ENG-3624,기출의 바이블 고2 영어(2024)
9791138919463,기출의바이블고1영어,IH-ENG-3625,기출의 바이블 고1 영어(2024)
9791125342977,the상승문법독해편,IH-ENG-3626,The상승 문법독해편
9791125342939,중학천문장1,IH-ENG-3627,중학 천문장 1
9791125342946,중학천문장2,IH-ENG-3628,중학 천문장 2
9791125342953,중학천문장3,IH-ENG-3629,중학 천문장 3
9791167225214,2024조태정영어실전독해500제,IH-ENG-3630,2024 조태정 영어 실전 독해 500제
9791161507644,시원스쿨구문독해,IH-ENG-3631,시원스쿨 구문독해
9791167225061,2024박노준패턴영어기본이론문법구문독해,IH-ENG-3632,2024 박노준 패턴(PATTERN) 영어: 기본이론 문법·구문·독해
9791167224316,2023박노준pattern영어30일완성실전독해,IH-ENG-3635,2023 박노준 pattern 영어 30일 완성 실전독해
9791165261696,매3영문장구조구문독해매일3단계로연습하는영어문장구조구문독해,IH-ENG-3636,매3영 문장구조 구문독해 : 매일 3단계로 연습하는 영어 문장구조 구문독해(2023)
9788968062698,독해비,IH-ENG-3637,독해비(Dokhaebi)
9791125340355,수능유형픽독해실력,IH-ENG-3639,수능유형 픽(Pick) 독해 실력(2024)
9791125340348,수능유형픽독해기본,IH-ENG-3640,수능유형 픽(Pick) 독해 기본(2024)
9788965424345,해커스지텔프독해level2,IH-ENG-3643,해커스 지텔프(G-TELP) 독해 Level 2
9791167221001,2022조태정영어루틴실전독해300season2,IH-ENG-3649,2022 조태정 영어 루틴(Routine) 실전 독해 300 season 2
9791166628887,2022해커스소방김정연영어영역별실전문제집,IH-ENG-3650,2022 해커스소방 김정연 영어 영역별 실전문제집
9791167221186,2022조태정영어손독해구문편,IH-ENG-3651,2022 조태정 영어 손독해 구문편
9788900465969,공식으로통하는문장독해기본,IH-ENG-3656,공식으로 통하는 문장독해 기본
9788900465983,공식으로통하는문장독해완성,IH-ENG-3657,공식으로 통하는 문장독해 완성
9791167220615,2022조태정영어고난도독해유형,IH-ENG-3658,2022 조태정 영어 고난도 독해 유형
9791156576242,해커스편입영어기출독해440제,IH-ENG-3660,해커스 편입 영어 기출 독해 440제(유형편)
9791156576259,해커스편입영어기출독해930제,IH-ENG-3661,해커스 편입 영어 기출 독해 930제(주제편)
9791167220516,2022조태정영어루틴기출문법독해어휘생활영어,IH-ENG-3662,2022 조태정 영어 루틴(Routine) 기출 문법/독해/어휘·생활영어
9791165260958,예비매3영매일3단계로훈련하는영어수능독해,IH-ENG-3663,예비 매3영 매일 3단계로 훈련하는 영어 수능독해(2021)
9791166624117,2022해커스소방김한나영어코드그래머구문독해,IH-ENG-3664,2022 해커스소방 김한나 영어 코드 그래머&구문독해
9791166624353,2022해커스소방영어김정연영역별기출문제집,IH-ENG-3665,2022 해커스소방 영어 김정연 영역별 기출문제집
9791167220240,2022조태정영어루트문법구문독해,IH-ENG-3666,2022 조태정 영어 루트(Root) 문법/구문/독해
9791190020299,김기훈공무원영어공수하다basic,IH-ENG-3667,김기훈 공무원 영어 공수하다 BASIC
9791190958448,조태정영어기본독해,IH-ENG-3668,조태정 영어 기본 독해(2021)
9788968062094,문법을알아야독해가된다,IH-ENG-3669,문법을 알아야 독해가 된다
9788968062087,구문을알아야독해가된다,IH-ENG-3670,구문을 알아야 독해가 된다
9791190020275,김기훈공무원영어기본서이기다독해,IH-ENG-3678,김기훈 공무원 영어 기본서 이기다 독해
9791190020213,김기훈공무원영어의시작스타터팩세트,IH-ENG-3679,김기훈 공무원 영어의 시작 스타터팩 세트(2021)
9791125329558,정말기특한구문독해완성,IH-ENG-3687,정말 기특한 구문독해: 완성
9791125329534,정말기특한구문독해입문,IH-ENG-3688,정말 기특한 구문독해: 입문
9791125329541,정말기특한구문독해기본,IH-ENG-3689,정말 기특한 구문독해: 기본
9788968061455,영어내신1등급직진ebs올림포스독해의기본1지문분석변형문제,IH-ENG-3691,영어내신 1등급 직진 EBS올림포스 독해의기본 1: 지문분석+변형문제
9791125323860,리딩튜터입문,IH-ENG-3701,리딩튜터 입문
9791162662052,해커스공무원영어기초독해,IH-ENG-3703,해커스공무원 영어 기초 독해
9788974574710,공무원시험끝내는voca,IH-ENG-3706,공무원 시험 끝내는 VOCA
9791125311638,최상위권을위한능률고급영문독해,IH-ENG-3707,최상위권을 위한 능률 고급 영문독해
9788974577650,매3영고난도유형독해매일3단계로훈련하는영어고난도유형독해3,IH-ENG-3709,매3영 고난도 유형독해 매일 3단계로 훈련하는 영어 고난도 유형 독해3+(2016)
9788974576844,englishbus중학영어종합독해0예비편,IH-ENG-3718,Englishbus 중학 영어 종합독해 0: 예비편
9788926980514,해법스쿨플러스영어중21,IH-ENG-3724,해법 스쿨 플러스 영어 중2-1(교과서구문독해)(교사용)(2014)
9788926976173,해법스쿨플러스중학영어중21,IH-ENG-3725,해법 스쿨 플러스 중학 영어 중2-1(교과서구문독해)(2018)
9788926967140,해법스쿨플러스중학영어중12,IH-ENG-3727,해법 스쿨 플러스 중학 영어 중1-2(교과서구문독해)(2017)
9788998026073,패스닷컴공무원영어2독해,IH-ENG-3728,패스닷컴 공무원 영어 2: 독해
9788954715478,ebs기특한영어테마독해2,IH-ENG-3734,EBS 기특한 영어테마독해 2(고교)
9788954719100,ebs기특한영어테마독해고1,IH-ENG-3736,EBS 기특한 영어테마독해 고1(2012)
9791171012572,자주쓰는영어단어를파고듭니다,IH-ENG-3737,자주 쓰는 영어 단어를 파고듭니다
9791124612101,한끗차이영어동사뉘앙스,IH-ENG-3738,한 끗 차이 영어 동사 뉘앙스
9791171012398,영어단어의톤과의미차이,IH-ENG-3739,영어 단어의 톤과 의미 차이
9791174045027,2026해커스공무원final봉투모의고사영어8회분,IH-ENG-3740,2026 해커스공무원 FINAL 봉투모의고사 영어 8회분 (9급 공무원)
9791171011988,일상영어에더한격식영어단어와표현들,IH-ENG-3741,일상 영어에 더한 격식 영어 단어와 표현들
9791174042507,2026해커스공무원기출보카3000세트,IH-ENG-3742,2026 해커스공무원 기출 보카 3000+ 세트
9788968065569,어휘끝중학필수1000,IH-ENG-3743,어휘끝 중학 필수 1000
9788968065576,어휘끝중학고난도1000,IH-ENG-3744,어휘끝 중학 고난도 1000
9791161509297,핵심영어단어,IH-ENG-3745,핵심 영어 단어
9791171011094,실생활90를감당하는영어단어들,IH-ENG-3746,실생활 90%를 감당하는 영어 단어들
9791166838736,쉬운단어로1분영어말하기,IH-ENG-3747,쉬운 단어로 1분 영어 말하기(
9791171010639,중급영어로가는결정적단어들,IH-ENG-3749,중급 영어로 가는 결정적 단어들
9791171010462,영어단어의결정적의미확장들,IH-ENG-3750,영어 단어의 결정적 의미 확장들
9788960497993,영어단어그림사전,IH-ENG-3753,영어 단어 그림 사전
9791190238700,두단어영어공부법,IH-ENG-3754,두 단어 영어공부법
9788900465457,시험에더강해지는보카클리어고교필수편,IH-ENG-3755,시험에 더 강해지는 보카클리어: 고교필수편
9788900465464,시험에더강해지는보카클리어수능편,IH-ENG-3756,시험에 더 강해지는 보카클리어: 수능편
9791166623318,2021해커스경찰실전동형모의고사영어2,IH-ENG-3757,2021 해커스경찰 실전동형모의고사 영어2
9791166620010,2021해커스경찰영어1실전동형모의고사,IH-ENG-3758,2021 해커스경찰 영어1 실전동형모의고사
9788960498617,영어단어의결정적뉘앙스들,IH-ENG-3759,영어 단어의 결정적 뉘앙스들
9791189719272,뉘앙스덕분에영어공부가쉬워졌습니다,IH-ENG-3763,뉘앙스 덕분에 영어 공부가 쉬워졌습니다
9791125327257,토마토토익보카600,IH-ENG-3764,토마토 토익 보카600
9791161651088,독학영어첫걸음,IH-ENG-3765,독학 영어 첫걸음
9791186858707,핵심영어말하기,IH-ENG-3767,핵심 영어 말하기
9788960477377,비즈니스영어단어무작정따라하기,IH-ENG-3768,비즈니스 영어 단어 무작정 따라하기
9788960009615,매일매일영어트레이닝,IH-ENG-3777,매일매일 영어 트레이닝
9788901108322,뉴욕에헤르메스가산다세트,IH-ENG-3780,뉴욕에 헤르메스가 산다 세트(영어단어집포함)
9788985933810,단어로회화의뼈대를튼튼하게하는칼슘영어,IH-ENG-3782,단어로 회화의 뼈대를 튼튼하게 하는 칼슘영어
8901061112,100단어로즐기는영어커뮤니케이션,IH-ENG-3786,(아이작의) 100단어로 즐기는 영어 커뮤니케이션
8917163246,영단어,IH-ENG-3787,(영어의 벽을 뛰어넘는)영단어
8982207538,365단어로코쟁이기죽이기,IH-ENG-3790,(영어회화)365단어로 코쟁이 기죽이기
9788965423188,ggbhackersgrammargatewaybasicwithanswers,IH-ENG-3797,GGB: Hackers Grammar Gateway Basic with Answers(영문판)
9788965423195,ggihackersgrammargatewayintermediatewithanswers,IH-ENG-3798,GGI: Hackers Grammar Gateway Intermediate with Answers(영문판)
9791162723708,englishgrammarforestwithworkbooklevel1basic,IH-ENG-3799,English Grammar Forest with Workbook Level 1: Basic
9791162723722,englishgrammarforestwithworkbooklevel2intermediate,IH-ENG-3800,English Grammar Forest with Workbook Level 2: Intermediate
9791162723746,englishgrammarforestwithworkbooklevel3advanced,IH-ENG-3801,English Grammar Forest with Workbook Level 3: Advanced
9788905043292,하이라이트중학영문법level3therealenglishgrammarbook,IH-ENG-3802,하이라이트 중학영문법 Level 3: The Real English Grammar Book
9788905043285,하이라이트중학영문법level2therealenglishgrammarbook,IH-ENG-3803,하이라이트 중학영문법 Level 2: The Real English Grammar Book(2015)
9788905043278,하이라이트중학영문법level1therealenglishgrammarbook,IH-ENG-3804,하이라이트 중학영문법 Level 1: The Real English Grammar Book(2016)
9788937895852,alleadenglishgrammarformuse2,IH-ENG-3806,Allead English Grammar Form Use 2
9791125336310,내신100신기출예상문제집highschoolenglishreadingwriting,IH-ENG-3808,내신100신 기출 예상 문제집 High School English Reading & Writing(능률 양현권 외)(2024)
9791125932352,고등독해와작문자습서,IH-ENG-3809,고등 독해와 작문 자습서(English Reading&Writing)
9788962227628,englishreadingstarter세트,IH-ENG-3812,English Reading Starter 세트
9788962227642,englishreadingbasic세트,IH-ENG-3813,English Reading Basic 세트
9788937895890,alleadenglishreadingforexams3,IH-ENG-3817,Allead English Reading for Exams 3(2014)
9788937895883,alleadenglishreadingforexams2,IH-ENG-3818,Allead English Reading for Exams 2
9788937895876,alleadenglishreadingforexams1,IH-ENG-3819,Allead English Reading for Exams 1(2014)
9788966949106,내신평정highschoolpracticalenglishreadingandwriting평가문제집,IH-ENG-3820,내신평정 High School Practical English Reading and Writing 평가문제집(이찬승)
9788966949090,내신평정highschoolenglishreadingandwriting평가문제집,IH-ENG-3821,내신평정 High School English Reading and Writing 평가문제집(이찬승)
9788996838845,englishspeedreading영어속독법세트,IH-ENG-3826,English SPEED READING 영어 속독법 세트
9788905037468,하이라이트중학독해level3therealenglishreadingbook,IH-ENG-3827,하이라이트 중학 독해 Level 3: The Real English Reading Book(2012)
9788905037451,하이라이트중학독해level2therealenglishreadingbook,IH-ENG-3828,하이라이트 중학 독해 Level 2: The Real English Reading Book(2012)
9788905037444,하이라이트중학독해level1therealenglishreadingbook,IH-ENG-3829,하이라이트 중학 독해 Level 1: The Real English Reading Book(2012)
9788905035631,englishreading영문독해,IH-ENG-3842,ENGLISH READING 영문독해(유형편)(2011)
9788959973675,juniorreadingtutorspecialenglishedition4,IH-ENG-3845,JUNIOR READING TUTOR SPECIAL ENGLISH EDITION. 4
9788959973668,juniorreadingtutorspecialenglishedition3,IH-ENG-3846,JUNIOR READING TUTOR SPECIAL ENGLISH EDITION. 3
9788959973651,juniorreadingtutorspecialenglishedition2,IH-ENG-3847,JUNIOR READING TUTOR SPECIAL ENGLISH EDITION. 2
9788959973644,juniorreadingtutorspecialenglishedition1,IH-ENG-3848,JUNIOR READING TUTOR SPECIAL ENGLISH EDITION. 1
9791164067084,기적의유아영어phonics,IH-ENG-3852,기적의 유아영어 Phonics
9791192361444,smartphonics2workbook,IH-ENG-3853,Smart Phonics 2: Workbook (New Edition)
9791192361451,smartphonics3workbook,IH-ENG-3854,Smart Phonics 3: Workbook (New Edition)
9791192361437,smartphonics1workbook,IH-ENG-3855,Smart Phonics 1: Workbook (New Edition)
9791192361468,smartphonics4workbook,IH-ENG-3856,Smart Phonics 4: Workbook (New Edition)
9791192361475,smartphonics5workbook,IH-ENG-3857,Smart Phonics 5: Workbook (New Edition)
9791192361321,smartphonics1studentbook,IH-ENG-3858,Smart Phonics 1 : Student Book (New Edition)
9791166372063,phonicsmonster1studentbook,IH-ENG-3859,Phonics Monster 1 Student Book (with Readers & App)
9788917238327,phonicslandbook4,IH-ENG-3860,Phonics Land Book 4
9788917238334,phonicslandbook5,IH-ENG-3861,Phonics Land Book 5
9788917238303,phonicslandbook2,IH-ENG-3862,Phonics Land Book 2
9788917238297,phonicslandbook1,IH-ENG-3863,Phonics Land Book 1
9788917238310,phonicslandbook3,IH-ENG-3864,Phonics Land Book 3
9791191150216,smartphonicsreaders2,IH-ENG-3865,Smart Phonics Readers 2(Combined Version) (with QR)
9791191150223,smartphonicsreaders3,IH-ENG-3866,Smart Phonics Readers 3(Combined Version) (with QR)
9791191150230,smartphonicsreaders4,IH-ENG-3867,Smart Phonics Readers 4(Combined Version) (with QR)
9791191150247,smartphonicsreaders5,IH-ENG-3868,Smart Phonics Readers 5(Combined Version) (with QR)
9791191150254,smartphonicsreaders11lookmom,IH-ENG-3869,"Smart Phonics Readers 1-1: Look, Mom! (with QR)"
9791191150261,smartphonicsreaders12showandtell,IH-ENG-3870,Smart Phonics Readers 1-2: Show and Tell (with QR)
9791191150278,smartphonicsreaders13rabbitandmouse,IH-ENG-3871,Smart Phonics Readers 1-3: Rabbit and Mouse (with QR)
9791191150285,smartphonicsreaders14thewetvet,IH-ENG-3872,Smart Phonics Readers 1-4: The Wet Vet (with QR)
9791191150292,smartphonicsreaders21thereyouare,IH-ENG-3873,Smart Phonics Readers 2-1: There You Are! (with QR)
9791191150308,smartphonicsreaders22thebigredfin,IH-ENG-3874,Smart Phonics Readers 2-2: The Big Red Fin (with QR)
9791191150315,smartphonicsreaders23lostinthefog,IH-ENG-3875,Smart Phonics Readers 2-3: Lost in the Fog (with QR)
9791191150322,smartphonicsreaders24bugandpug,IH-ENG-3876,Smart Phonics Readers 2-4: Bug and Pug (with QR)
9791191150339,smartphonicsreaders31jakeandthecake,IH-ENG-3877,Smart Phonics Readers 3-1: Jake and the Cake (with QR)
9791191150346,smartphonicsreaders32timeforalime,IH-ENG-3878,Smart Phonics Readers 3-2: Time for a Lime (with QR)
9791191150353,smartphonicsreaders33anoteforcole,IH-ENG-3879,Smart Phonics Readers 3-3: A Note for Cole (with QR)
9791191150360,smartphonicsreaders34juneonthedune,IH-ENG-3880,Smart Phonics Readers 3-4: June on the Dune (with QR)
9791191150377,smartphonicsreaders41theflyingfrog,IH-ENG-3881,Smart Phonics Readers 4-1: The Flying Frog (with QR)
9791191150384,smartphonicsreaders42dragonstrip,IH-ENG-3882,Smart Phonics Readers 4-2: Dragon’s Trip (with QR)
9791191150391,smartphonicsreaders43snackday,IH-ENG-3883,Smart Phonics Readers 4-3: Snack Day (with QR)
9791191150407,smartphonicsreaders44acherrycatcher,IH-ENG-3884,Smart Phonics Readers 4-4: A Cherry Catcher (with QR)
9791191150414,smartphonicsreaders51aseedinthewind,IH-ENG-3885,Smart Phonics Readers 5-1: A Seed in the Wind (with QR)
9791191150421,smartphonicsreaders52roystoy,IH-ENG-3886,Smart Phonics Readers 5-2: Roy’s Toy (with QR)
9791191150438,smartphonicsreaders53baxterspeanuts,IH-ENG-3887,Smart Phonics Readers 5-3: Baxter’s Peanuts (with QR)
9791191150445,smartphonicsreaders54flyingnorth,IH-ENG-3888,Smart Phonics Readers 5-4: Flying North (with QR)
9791191150209,smartphonicsreaders1,IH-ENG-3889,Smart Phonics Readers 1(Combined Version) (with QR)
9791189906788,newphonicsbuilder1,IH-ENG-3890,New Phonics Builder 1
9791189906795,newphonicsbuilder2,IH-ENG-3891,New Phonics Builder 2
9791189906801,newphonicsbuilder3,IH-ENG-3892,New Phonics Builder 3
9781640153127,fastphonics,IH-ENG-3893,Fast Phonics (SB)
9781640153134,fastphonicswb,IH-ENG-3894,Fast Phonics WB
9791188808632,미국교과서읽는리딩phonicskey7,IH-ENG-3895,미국교과서 읽는 리딩 Phonics Key 7
9791188808649,미국교과서읽는리딩phonicskey8,IH-ENG-3896,미국교과서 읽는 리딩 Phonics Key 8
9791188808656,미국교과서읽는리딩phonicskey9,IH-ENG-3897,미국교과서 읽는 리딩 Phonics Key 9
9788926156230,21일만따라하면phonics된다1알파벳,IH-ENG-3898,21일만 따라하면 Phonics 된다 1: 알파벳
9788926156247,21일만따라하면phonics된다2모음,IH-ENG-3899,21일만 따라하면 Phonics 된다 2: 모음
9791156809517,schoolphonics1,IH-ENG-3900,School Phonics 1(Student Book) (with QR)
9791156809524,schoolphonics2,IH-ENG-3901,School Phonics 2(Student Book) (with QR)
9791156809531,schoolphonics3,IH-ENG-3902,School Phonics 3(Student Book) (with QR)
9791156809548,schoolphonics4,IH-ENG-3903,School Phonics 4(Student Book) (with QR)
9791156809265,myphonicsreading1,IH-ENG-3904,My Phonics Reading .1 (with QR)
9791156809272,myphonicsreading2,IH-ENG-3905,My Phonics Reading .2 (with QR)
9791156809289,myphonicsreading3,IH-ENG-3906,My Phonics Reading .3 (with QR)
9791160571707,phonicsmonster2shortvowels,IH-ENG-3908,Phonics Monster 2: Short Vowels(Student Book)
9791160571714,phonicsmonster3longvowels,IH-ENG-3909,Phonics Monster 3: Long Vowels(Student Book)
9781945387449,junglephonics1workbook,IH-ENG-3911,Jungle Phonics 1 Workbook
9781945387463,junglephonics3workbook,IH-ENG-3912,Jungle Phonics 3 Workbook
9781945387456,junglephonics2workbook,IH-ENG-3913,Jungle Phonics 2 Workbook
9791156800842,speedphonics3,IH-ENG-3916,Speed Phonics 3(Teacher's Manual)
9791156800835,speedphonics2,IH-ENG-3917,Speed Phonics 2(Teacher's Manual)
9791156800811,speedphonics3studentbook,IH-ENG-3918,Speed Phonics 3 Student Book (with QR)
9791156800804,speedphonics2studentbook,IH-ENG-3919,Speed Phonics 2 Student Book (with QR)
9791156800798,speedphonics1studentbook,IH-ENG-3920,Speed Phonics 1 Student Book (with QR)
9788974577421,미국교과서읽는리딩phonicskey2,IH-ENG-3921,미국교과서 읽는 리딩 Phonics Key 2
9791156800194,eflphonics5,IH-ENG-3922,EFL Phonics 5 (with QR)
9791156800187,eflphonics4,IH-ENG-3923,EFL Phonics 4 (with QR)
9791156800170,eflphonics3,IH-ENG-3924,EFL Phonics 3 (with QR)
9791156800514,eflphonics2,IH-ENG-3925,EFL Phonics 2(TM)
9791156800507,eflphonics1,IH-ENG-3926,EFL Phonics 1(TM)
9788956358369,smartphonics3teachersmanual,IH-ENG-3927,Smart Phonics 3: Teacher s Manual(New Edition)
9791155092415,thinkreadwritephonics2,IH-ENG-3928,Think Read Write Phonics 2
9788917214383,phonicslab4doubleletters,IH-ENG-3932,Phonics Lab 4: Double Letters
9788917214376,phonicslab3longvowels,IH-ENG-3933,Phonics Lab 3: Long Vowels
9788917214369,phonicslab2,IH-ENG-3934,Phonics Lab 2
9788917214352,phonicslab1,IH-ENG-3935,Phonics Lab 1
9788956356211,digitaleflphonics5,IH-ENG-3936,DIGITAL EFL PHONICS 5(CD-ROM)
9788956356204,digitaleflphonics4,IH-ENG-3937,DIGITAL EFL PHONICS 4(CD-ROM)
9788956356198,digitaleflphonics3,IH-ENG-3938,DIGITAL EFL PHONICS 3(CD-ROM)
9788956356181,digitaleflphonics2,IH-ENG-3939,DIGITAL EFL PHONICS 2(CD-ROM)
9788956356174,digitaleflphonics1,IH-ENG-3940,DIGITAL EFL PHONICS 1(CD-ROM)
9788956354545,smartphonics5studentbook,IH-ENG-3942,Smart Phonics 5 : Student Book (with QR)
9788956354521,smartphonics3studentbook,IH-ENG-3943,Smart Phonics 3 : Student Book (with QR)
9788956354538,smartphonics4studentbook,IH-ENG-3944,Smart Phonics 4 : Student Book (with QR)
9788956354514,smartphonics2studentbook,IH-ENG-3945,Smart Phonics 2 : Student Book (with QR)
9788961981941,phonicsreading4,IH-ENG-3946,PHONICS READING 4
9788961981934,phonicsreading3,IH-ENG-3947,PHONICS READING 3
9788961981927,phonicsreading2,IH-ENG-3948,PHONICS READING 2
9788964350195,spotlightonphonicslevel2,IH-ENG-3950,Spotlight on PHONICS LEVEL. 2
9788956029863,spotlightonphonics1,IH-ENG-3951,Spotlight on Phonics 1 (Workbook)
9788961981354,phonicsparty4,IH-ENG-3952,PHONICS PARTY. 4
9788961981347,phonicsparty3,IH-ENG-3953,PHONICS PARTY. 3
9788961981330,phonicsparty2,IH-ENG-3954,PHONICS PARTY. 2
9788961981323,phonicsparty1,IH-ENG-3955,PHONICS PARTY. 1
9788993164046,wingwingphonics2,IH-ENG-3956,WING WING PHONICS. 2
9788993164039,wingwingphonics1,IH-ENG-3957,WING WING PHONICS. 1
9788993164053,wingwingphonics3,IH-ENG-3958,WING WING PHONICS. 3
9791125350286,리딩튜터챌린저2,IH-ENG-3970,리딩튜터 챌린저 2
9791125350279,리딩튜터챌린저1,IH-ENG-3971,리딩튜터 챌린저 1
9791125350293,리딩튜터챌린저3,IH-ENG-3972,리딩튜터 챌린저 3
9791125348535,리딩튜터스타터2,IH-ENG-3973,리딩튜터 스타터 2
9791125348542,리딩튜터스타터3,IH-ENG-3974,리딩튜터 스타터 3
9791125348528,리딩튜터스타터1,IH-ENG-3975,리딩튜터 스타터 1
9791125347620,리딩튜터주니어4,IH-ENG-3976,리딩튜터 주니어 4
9791125347613,리딩튜터주니어3,IH-ENG-3977,리딩튜터 주니어 3
9791125347606,리딩튜터주니어2,IH-ENG-3978,리딩튜터 주니어 2
9791125347590,리딩튜터주니어1,IH-ENG-3979,리딩튜터 주니어 1
9788959976980,리딩튜터도약,IH-ENG-3980,리딩튜터 도약
9791125352013,grammarzonecomplete,IH-ENG-3981,Grammar Zone(그래머존) Complete
9791125352006,grammarzone중등기본,IH-ENG-3982,Grammar Zone(그래머존) 중등 기본
9788927781127,올라운드그래머allroundgrammarlevel2,IH-ENG-3983,올라운드 그래머 All-Round GRAMMAR LEVEL 2
9788995151747,해커스그래머,IH-ENG-3984,해커스 그래머(Hackers Grammar)
9788928349708,grammarwise그래머와이즈level2,IH-ENG-3985,Grammar Wise 그래머 와이즈 Level 2(2024)
9788928349692,grammarwise그래머와이즈level1,IH-ENG-3986,Grammar Wise 그래머 와이즈 Level 1(2024)
9788928349685,grammarwisestarter,IH-ENG-3988,Grammar Wise Starter(그래머 와이즈 스타터)
9791166833595,grammarbridge3,IH-ENG-3992,Grammar Bridge(그래머 브릿지) 3
9791166833588,grammarbridge2,IH-ENG-3993,Grammar Bridge(그래머 브릿지) 2
9791166833571,grammarbridge1,IH-ENG-3994,Grammar Bridge(그래머 브릿지) 1
9788965424574,hackersgrammarsmartlevel3,IH-ENG-3997,Hackers Grammar Smart(해커스 그래머 스마트) Level 3
9788965424550,hackersgrammarsmartlevel1,IH-ENG-3998,Hackers Grammar Smart(해커스 그래머 스마트) Level 1
9788965424543,hackersgrammarsmartstarter,IH-ENG-3999,Hackers Grammar Smart(해커스 그래머 스마트) Starter
9788965424567,hackersgrammarsmartlevel2,IH-ENG-4000,Hackers Grammar Smart(해커스 그래머 스마트) Level 2
9791125337065,grammarinsidestarter,IH-ENG-4001,Grammar Inside Starter(그래머 인사이드 스타터)
9788968062223,ohmygrammar2,IH-ENG-4002,Oh! My Grammar (오! 마이 그래머) 2(세이펜 적용)
9788968062230,ohmygrammar3,IH-ENG-4003,Oh! My Grammar (오! 마이 그래머) 3(세이펜 적용)
9788968062216,ohmygrammar1,IH-ENG-4004,Oh! My Grammar (오! 마이 그래머) 1(세이펜 적용)
9791190958608,조태정영어리그래머125point,IH-ENG-4007,조태정 영어 리그래머(#Re-grammar) 125Point(2021)
9788965423751,해커스그래머게이트웨이패키지,IH-ENG-4008,해커스 그래머 게이트웨이 패키지(한국어판)
9788954751360,ebs강의노트주혜연의해석공식basic30그래머,IH-ENG-4009,EBS 강의노트 주혜연의 해석공식 BASIC 3.0 그래머(2020)
9791161233345,그래머마스터비기너beginner,IH-ENG-4018,그래머 마스터 비기너 Beginner (grammar master)
9788954743099,ebs그래머파워기본,IH-ENG-4019,EBS 그래머 파워(Grammar Power) 기본
9791160501308,프로그래머를위한선형대수,IH-ENG-4020,프로그래머를 위한 선형대수
9791125312383,gzonegrammarzoneworkbook기본편2,IH-ENG-4024,G-ZONE(지존) Grammar Zone(그래머존) Workbook 기본편 2
9791125312369,gzonegrammarzoneworkbook기초편,IH-ENG-4026,G-ZONE(지존) Grammar Zone(그래머존) Workbook 기초편
9791125312390,gzonegrammarzoneworkbook종합편,IH-ENG-4027,G-ZONE(지존) Grammar Zone(그래머존) Workbook 종합편
9791125312376,gzonegrammarzoneworkbook기본편1,IH-ENG-4029,G-ZONE(지존) Grammar Zone(그래머존) Workbook 기본편 1
9791125312352,gzonegrammarzoneworkbook입문편,IH-ENG-4033,G-ZONE(지존) Grammar Zone(그래머존) Workbook 입문편
9788954740265,ebsgrammarpower,IH-ENG-4034,EBS Grammar Power(그래머 파워)(하)(2024)
9788998471200,grammarlinelocal3,IH-ENG-4035,Grammar Line Local(그래머라인 로컬) 3
9791125309666,그래머버디1,IH-ENG-4036,그래머 버디 1
9791125309673,그래머버디2,IH-ENG-4037,그래머 버디 2
9791125309680,그래머버디3,IH-ENG-4038,그래머 버디 3
9788960494220,차근차근그래머라이팅3,IH-ENG-4045,차근차근 그래머 & 라이팅 3
9791157522477,미드에서건진리얼그래머,IH-ENG-4046,미드에서 건진 리얼 그래머
9788998471194,grammarlinelocal2,IH-ENG-4050,Grammar Line Local(그래머라인 로컬) 2
9788998471064,grammarlinelocal1,IH-ENG-4051,"Grammar Line Local 1(그래머라인 로컬 1) (중학 연결형 영문법, 새 교육과정 반영)"
9788960494213,차근차근그래머라이팅2,IH-ENG-4052,차근차근 그래머 & 라이팅 2
9791157521968,그래머헌터,IH-ENG-4054,그래머헌터(Grammar Hunter)
9788998471101,grammarlineexpress1,IH-ENG-4056,Grammar Line Express(그래머 라인 익스프레스) 1
9788960762763,그래머icon기본영어,IH-ENG-4057,그래머 Icon 기본 영어
9788956359731,grammarengine3,IH-ENG-4058,Grammar Engine(그래머 엔진) 3
9788956359724,grammarengine2,IH-ENG-4059,Grammar Engine(그래머 엔진) 2
9788956359717,grammarengine1,IH-ENG-4060,Grammar Engine(그래머 엔진) 1
9788960476769,powerupgrammarlevel1,IH-ENG-4061,Power Up Grammar(파워 업 그래머) Level 1
9788974575465,letsseegrammarbasic1,IH-ENG-4063,Let's See Grammar(레츠 씨 그래머) Basic 1
9788957952382,핵심공략그래머,IH-ENG-4067,핵심공략 그래머
9788990770882,grammargatewaybasic,IH-ENG-4071,GRAMMAR GATEWAY BASIC(그래머 게이트웨이 베이직)
9788959959334,올댓그래머,IH-ENG-4076,올댓 그래머
8975602788,플래시mx2004액션스크립트20무작정따라하기,IH-ENG-4079,(현직 액션스크립트 프로그래머가 체계적으로 알려주는)플래시 MX 2004 액션스크립트 20 무작정 따라하기
9791176441100,2026해커스공무원비비안영어매일하프모의고사20회분,IH-ENG-4082,2026 해커스공무원 비비안 영어 매일 하프모의고사 20회분(9급 공무원)
9791175150362,alist메타보카고등편,IH-ENG-4083,Alist 메타보카 고등편
9791174044952,2026해커스공무원실전동형모의고사영어212회분,IH-ENG-4084,2026 해커스공무원 실전동형모의고사 영어 2 12회분(지방직 9급)
9791174048240,2026해커스공무원매일하프모의고사영어4,IH-ENG-4085,2026 해커스공무원 매일 하프모의고사 영어 4 (24회분)(지방직 9급)
9791174045157,2026해커스공무원매일하프모의고사영어324회분,IH-ENG-4086,2026 해커스공무원 매일 하프모의고사 영어 3 24회분(9급 공무원)
9791174049476,2026해커스공무원매일하프모의고사영어224회분,IH-ENG-4087,2026 해커스공무원 매일 하프모의고사 영어 2 24회분
9791174040909,2026해커스공무원매일하프모의고사영어1,IH-ENG-4088,2026 해커스공무원 매일 하프모의고사 영어 1
9788917243963,김재옥토익보카1500컷,IH-ENG-4089,김재옥 토익보카 1500컷
9791174045447,2026해커스공무원영어고득점문법777제,IH-ENG-4090,2026 해커스공무원 영어 고득점 문법 777제
9791174040572,2026해커스공무원영어기출불변의패턴,IH-ENG-4091,2026 해커스공무원 영어 기출 불변의 패턴
9791172445126,2025해커스공무원신유형집중훈련모의고사2국어영어한국사,IH-ENG-4095,2025 해커스공무원 신유형 집중 훈련 모의고사 2 국어+영어+한국사
9791169511315,alist메타보카수능편,IH-ENG-4100,Alist 메타보카 수능편
9791161508429,시원스쿨아이엘츠기출보카ieltsvocabulary,IH-ENG-4102,시원스쿨 아이엘츠 기출 보카 IELTS Vocabulary
9788965426790,hackersreadingsmartstarterlevel2,IH-ENG-4103,Hackers Reading Smart Starter(해커스 리딩 스마트 스타터) Level 2
9788965426783,hackersreadingsmartstarterlevel1,IH-ENG-4104,Hackers Reading Smart Starter(해커스 리딩 스마트 스타터) Level 1
9791166834707,정재현지텔프보카,IH-ENG-4106,정재현 지텔프 보카(LEVEL 2)
9791161507989,시원스쿨토익기출voca학습지,IH-ENG-4107,시원스쿨 토익 기출 VOCA 학습지
9788954780681,ebs강의노트수능개념오렌지의독보력독해와보카의힘,IH-ENG-4108,EBS 강의노트 수능개념 오렌지의 독보력 독해와 보카의 힘(2024)(2025 수능대비)
9788954780605,ebs강의노트수능개념박새별의별빛보카어휘와독해연결,IH-ENG-4109,EBS 강의노트 수능개념 박새별의 별빛보카 어휘와 독해 연결(2024)(2025 수능대비)
9788965425359,해커스보카수능숙어역대수능모평학평교과서최빈출영숙어총정리,IH-ENG-4112,해커스 보카 수능 숙어: 역대 수능/모평/학평/교과서 최빈출 영숙어 총정리(2023)
9788965425342,해커스보카중학숙어교과서및평가원영어숙어800개40일완성,IH-ENG-4113,해커스 보카 중학 숙어: 교과서 및 평가원 영어 숙어 800개 40일 완성(2023)
9791167222527,박노준패턴영어픽업보카,IH-ENG-4114,박노준 패턴(pattern) 영어 픽업(pick-up) 보카(VOCA)
9791166832390,토익900플러스필수보카,IH-ENG-4115,토익 900 플러스 필수 보카
9791166832383,토익800플러스필수보카,IH-ENG-4116,토익 800 플러스 필수 보카
9791166832376,토익700플러스필수보카,IH-ENG-4117,토익 700 플러스 필수 보카
9788965424321,해커스지텔프기출보카,IH-ENG-4118,해커스 지텔프(G-TELP) 기출 보카
9788965422716,해커스텝스기출보카,IH-ENG-4119,해커스 텝스 기출 보카(TEPS VOCA)
9788995151761,해커스수퍼보카,IH-ENG-4120,해커스 수퍼 보카(Hackers Super Vocabulary)
9791166627132,해커스임용도원우sampark전공영어기출보카1800,IH-ENG-4121,해커스임용 도원우 Sam Park 전공영어 기출보카 1800+
9788917238686,박혜원파워토익voca보카,IH-ENG-4122,박혜원 파워토익 VOCA 보카
9788917238679,부스터보카,IH-ENG-4123,부스터 보카(BOOSTER VOCA)(수능)
9788917238440,activatorvoca,IH-ENG-4124,ACTIVATOR VOCA(액티베이터 보카)
9788900465426,시험에더강해지는보카클리어중학기본편,IH-ENG-4125,시험에 더 강해지는 보카 클리어 중학 기본편
9788900465440,시험에더강해지는보카클리어중학완성편,IH-ENG-4126,시험에 더 강해지는 보카 클리어 중학 완성편
9788900465433,시험에더강해지는보카클리어중학실력편,IH-ENG-4127,시험에 더 강해지는 보카 클리어 중학 실력편
9788965424000,해커스보카중학고난도미니암기장누적테스트북세트,IH-ENG-4128,해커스 보카 중학 고난도 + 미니암기장 + 누적 테스트북 세트
9788965423973,해커스보카중학필수미니암기장누적테스트북세트,IH-ENG-4129,해커스 보카 중학 필수 + 미니암기장 + 누적 테스트북 세트
9788965423942,해커스보카중학기초미니암기장누적테스트북세트,IH-ENG-4130,해커스 보카 중학 기초 + 미니암기장 + 누적 테스트북 세트
9788968061851,asapvoca,IH-ENG-4139,ASAP VOCA (아삽보카 3000)
9788927740995,절대평가절대보카level0,IH-ENG-4157,절대평가 절대보카 Level 0(중학~예비고)
9788927741022,절대평가절대보카level3,IH-ENG-4160,절대평가 절대보카 Level 3
9788927741015,절대평가절대보카level2,IH-ENG-4161,절대평가 절대보카 Level 2
9788927741008,절대평가절대보카level1,IH-ENG-4162,절대평가 절대보카 Level 1
9788974574635,키신토익보카리딩,IH-ENG-4163,키 신토익 보카+리딩
9791157527564,초등보카스타트초등13학년,IH-ENG-4165,초등 보카 스타트: 초등 1-3학년
9791157525539,토익보카,IH-ENG-4169,토익 보카
9791157525188,헤더진공무원보카,IH-ENG-4170,헤더 진 공무원 보카
9788965421030,해커스보카,IH-ENG-4175,해커스 보카(Hackers Vocabulary)
9788967908775,ibttoeflvocabulary,IH-ENG-4181,iBT TOEFL Vocabulary(토플 보카)
9788967906740,vocabible,IH-ENG-4185,VOCA Bible(보카바이블)
9788966948246,보카충전중등,IH-ENG-4188,보카충전 중등(2013)
9788926114926,보카출생의비밀중학어원편,IH-ENG-4189,보카 출생의 비밀: 중학 어원편
9788959943722,vocatalk보카톡,IH-ENG-4192,VOCA TALK 보카톡
9788957976579,넥서스텝스보카,IH-ENG-4193,넥서스 텝스 보카
9788961981804,어원으로배우는voca족,IH-ENG-4195,어원으로 배우는 VOCA족(보카족)
9788961981675,new토플보카,IH-ENG-4198,NEW 토플 보카
9788993164909,레츠고외고보카,IH-ENG-4199,레츠고 외고 보카 (완성편)(2009)
8960001538,하우투텝스보카,IH-ENG-4205,(쾌속 4주 완성) 하우투 텝스 보카
9788990700117,hackerstoeflvocabularytape,IH-ENG-4206,HACKERS TOEFL VOCABULARY TAPE (TAPE 10개.200 )
9788968066634,어휘끝어원편,IH-ENG-4207,어휘끝 어원편
9788968066207,어휘끝수능,IH-ENG-4208,어휘끝 수능
9788968066191,어휘끝고교기본,IH-ENG-4209,어휘끝 고교기본
9788968062803,어휘끝블랙,IH-ENG-4210,어휘끝 블랙(2023)(2024 수능대비)
9791190020084,공무원어휘끝세트,IH-ENG-4211,공무원 어휘끝 세트(어원북+테마북+암기북)
9791190020091,공무원어휘끝,IH-ENG-4212,공무원 어휘끝(어원북+테마북)
9791190020107,공무원어휘끝암기북,IH-ENG-4213,공무원 어휘끝 암기북
9788968065958,초등천일문grammar1,IH-ENG-4217,초등 천일문 GRAMMAR 1
9788968065965,초등천일문grammar2,IH-ENG-4218,초등 천일문 GRAMMAR 2
9788968065927,초등천일문sentence1,IH-ENG-4219,초등 천일문 SENTENCE 1
9788968065934,초등천일문sentence2,IH-ENG-4220,초등 천일문 SENTENCE 2
9788968065941,초등천일문sentence3,IH-ENG-4221,초등 천일문 SENTENCE 3
9788968065989,초등천일문vocastory,IH-ENG-4222,초등 천일문 VOCA & STORY
9788968062766,천일문365일력,IH-ENG-4223,천일문 365 일력
9788968062353,천일문완성문제집,IH-ENG-4224,천일문 완성 문제집(Training Book)
9788968062322,천일문핵심문제집,IH-ENG-4225,천일문 핵심 문제집(Training Book)
9788968062261,천일문입문문제집,IH-ENG-4226,천일문 입문 문제집(Training Book)
9788968062292,천일문기본문제집,IH-ENG-4227,천일문 기본 문제집(Training Book)
9788968062193,열려라천일문영어구출대작전2워크북,IH-ENG-4228,열려라 천일문! 영어 구출 대작전 2: 워크북
9788968062186,열려라천일문영어구출대작전1워크북,IH-ENG-4229,열려라 천일문! 영어 구출 대작전 1: 워크북
9791125350965,수능1up빈순삽함유형편,IH-ENG-4245,수능 1 Up 빈순삽함 유형편(2026)
9788968061110,리딩릴레이starter2,IH-ENG-4246,리딩 릴레이(Reading Relay) Starter 2
9788968061158,리딩릴레이master2,IH-ENG-4247,리딩 릴레이(Reading Relay) Master 2
9788968061103,리딩릴레이starter1,IH-ENG-4248,리딩 릴레이(Reading Relay) Starter 1
9788968061141,리딩릴레이master1,IH-ENG-4249,리딩 릴레이(Reading Relay) Master 1
9788968061134,리딩릴레이challenger2,IH-ENG-4250,리딩 릴레이(Reading Relay) Challenger 2
9788968061127,리딩릴레이challenger1,IH-ENG-4251,리딩 릴레이(Reading Relay) Challenger 1
9788968062513,쎈쓰업듣기모의고사30회,IH-ENG-4252,쎈쓰업 듣기 모의고사 30회
9788968062520,파워업듣기모의고사40회,IH-ENG-4253,파워업 듣기 모의고사 40회
9788927741114,절대평가절대기본,IH-ENG-4257,절대평가 절대기본
9788927741084,절대평가절대구문,IH-ENG-4258,절대평가 절대구문(실전편)
9788959268825,절대평가유형독해,IH-ENG-4259,절대평가 유형 독해
9788959268818,절대평가구문독해,IH-ENG-4260,절대평가 구문 독해
9788927740902,절대평가절대문법,IH-ENG-4261,절대평가 절대문법(Master)
9788927740865,절대평가절대문법start,IH-ENG-4262,절대평가 절대문법 Start
9788968060588,고교영어절대평가plana어휘,IH-ENG-4263,고교영어 절대평가 Plan A(플랜에이): 어휘
9788968060571,고교영어절대평가plana구문어법,IH-ENG-4264,고교영어 절대평가 Plan A(플랜에이): 구문 어법
9788959974443,빠른독해바른독해빠바단락독해,IH-ENG-4269,빠른독해 바른독해 빠바 단락독해(2010)
9791138934152,워드마스터고등숙어1000,IH-ENG-4272,워드마스터 고등 숙어 1000
9791138931953,워드마스터고등complete,IH-ENG-4273,워드마스터 고등 COMPLETE
9791138927208,워드마스터하이스트,IH-ENG-4274,워드마스터 하이스트
9791138920971,워드마스터초등일력매일영어,IH-ENG-4275,워드마스터 초등 일력 매일 영어
9791138917889,워드마스터고등어원,IH-ENG-4276,워드마스터 고등 어원
9791138912105,워드마스터고등basic,IH-ENG-4277,워드마스터(Word Master) 고등 Basic(2023)
9791138910996,워드마스터wordmaster초등complete,IH-ENG-4278,워드마스터 Word Master 초등 COMPLETE
9791138910989,워드마스터wordmaster초등basic,IH-ENG-4279,워드마스터 Word Master 초등 BASIC
9791138910859,워드마스터중등실력,IH-ENG-4280,워드마스터 중등 실력
9791138910842,워드마스터중등basic,IH-ENG-4281,워드마스터 중등 Basic
9791138910835,워드마스터중등고난도,IH-ENG-4282,워드마스터 중등 고난도
9791138901673,wordmaster워드마스터하이퍼2000,IH-ENG-4283,Word Master 워드마스터 하이퍼 2000(2022)
9791165981204,워드마스터ebs파이널1200,IH-ENG-4284,워드마스터(Word Master) EBS 파이널 1200
9791158314248,wordmaster텝스2000,IH-ENG-4286,Word Master(워드마스터) 텝스 2000
9791125350835,능률voca수능고난도,IH-ENG-4291,능률 VOCA 수능 고난도
9791125350828,능률voca수능필수,IH-ENG-4292,능률 VOCA 수능 필수
9791125350859,능률voca어원편중등,IH-ENG-4293,능률VOCA 어원편 중등
9791125350842,능률voca어원편고등,IH-ENG-4294,능률VOCA 어원편 고등
9791125350811,능률voca고등기본,IH-ENG-4295,능률VOCA 고등 기본
9791125350750,능률voca중등고난도,IH-ENG-4296,능률VOCA 중등 고난도
9791125350736,능률voca중등기본,IH-ENG-4297,능률VOCA 중등 기본
9791125350477,능률voca초등필수,IH-ENG-4298,능률VOCA 초등 필수
9791125350743,능률voca중등필수,IH-ENG-4299,능률VOCA 중등 필수
9791125350767,능률voca중등숙어,IH-ENG-4300,능률VOCA 중등 숙어
9791125350460,능률voca초등기본,IH-ENG-4301,능률VOCA 초등 기본
9791125341024,능률voca고난도,IH-ENG-4302,능률VOCA 고난도
9791125341017,능률voca숙어,IH-ENG-4303,능률VOCA 숙어
9791125334668,특급수능ebs기출voca,IH-ENG-4312,특급 수능ㆍEBS 기출 VOCA(2024)
9788959975570,tepsbysteplisteningvocabularybasic,IH-ENG-4322,TEPS BY STEP LISTENING VOCABULARY BASIC(2010)
9788959975259,tepsbystep3,IH-ENG-4324,TEPS BY STEP 3(LISTENING VOCABULARY)
9788959975020,tepsbysteplisteningvocabulary2,IH-ENG-4325,TEPS BY Step LISTENING+VOCABULARY 2
9788959974863,tepsbystep1,IH-ENG-4326,TEPS BY Step 1(LISTENING VOCABULARY)
9791165261986,예비매3영매일3단계로훈련하는영어수능어법,IH-ENG-4331,예비 매3영 매일 3단계로 훈련하는 영어 수능어법(2024)
9791165261801,매3영매일3단계로푸는영어어법어휘,IH-ENG-4332,매3영 매일 3단계로 푸는 영어 어법 어휘(2023)
9788954798754,ebs수능특강사용설명서영어영역영어,IH-ENG-4339,EBS 수능특강 사용설명서 영어영역 영어(2026)(2027 수능대비)
9788954798174,2026ebs수능특강영어영역영어,IH-ENG-4340,2026 EBS 수능특강 영어영역 영어
9788954786430,ebs수능특강q미니모의고사영어jump,IH-ENG-4342,EBS 수능특강Q 미니모의고사 영어 Jump(2024)(2025 수능대비)
9788954786447,ebs수능특강q미니모의고사영어hyper,IH-ENG-4343,EBS 수능특강Q 미니모의고사 영어 Hyper(2024)(2025 수능대비)
9788954786423,ebs수능특강q미니모의고사영어start,IH-ENG-4344,EBS 수능특강Q 미니모의고사 영어 Start(2024)(2025 수능대비)
9791129708472,메가스터디ebs수능특강변형영어694제,IH-ENG-4349,메가스터디 EBS수능특강 변형 영어 694제(2022)
9791143600523,ebs수능완성영어영역영어,IH-ENG-4356,EBS 수능완성 영어영역 영어(2026)(2027 수능대비)
9788954793100,ebs수능완성사용설명서영어영역영어,IH-ENG-4357,EBS 수능완성 사용설명서 영어영역 영어(하)(2025)(2026 수능대비)
9788917304367,내신1등급기출전략고등공통영어1,IH-ENG-4361,내신 1등급 기출전략 고등 공통영어1(중간고사)(2025)(박준언)
9791166837807,wordpass,IH-ENG-4362,WORD PASS (워드 패스)
9788960765146,화이트라벨서술형문장완성북,IH-ENG-4363,화이트라벨 서술형 문장완성북
9788960765122,화이트라벨서술형핵심패턴북,IH-ENG-4364,화이트라벨 서술형 핵심패턴북
9791125335184,특급어법,IH-ENG-4367,특급 어법(2024)
9791125335177,특급빈칸추론,IH-ENG-4368,특급 빈칸추론(2024)
9791161652665,특단독해유형,IH-ENG-4370,특단 독해유형
9788960762770,리딩icon독해유형,IH-ENG-4371,리딩 Icon 독해유형
9788957976111,리딩바이블,IH-ENG-4372,리딩 바이블
9788974574352,중학영문법문법이쓰기다2학년,IH-ENG-4374,"중학 영문법, 문법이 쓰기다: 2학년"
9788974574345,중학영문법문법이쓰기다1학년,IH-ENG-4375,"중학 영문법, 문법이 쓰기다: 1학년"
9788974574369,중학영문법문법이쓰기다3학년,IH-ENG-4376,"중학 영문법, 문법이 쓰기다: 3학년"
9791125308157,주니어리스닝튜터입문,IH-ENG-4378,주니어 리스닝튜터: 입문
9791125308171,주니어리스닝튜터완성,IH-ENG-4379,주니어 리스닝튜터: 완성
9791125308164,주니어리스닝튜터기본,IH-ENG-4380,주니어 리스닝튜터: 기본
9788959973149,주니어리스닝튜터,IH-ENG-4381,주니어리스닝튜터(마무리)(TAPE6장)(2009)
9788959972074,실전리스닝튜터,IH-ENG-4385,실전 리스닝튜터
9788959971916,리스닝튜터입문,IH-ENG-4386,리스닝튜터입문(TAPE:6개)(2009)
1196997500,아이주도초등영어의힘,IH-ENG-4388,아이주도 초등 영어의 힘
1197035222,기적의5분영단어,IH-ENG-4389,기적의 5분 영단어
9791124281932,중등교과서별영문법워크북22교사용,IH-ENG-4390,중등 교과서별 영문법 워크북 2-2 교사용(미래 문영인)(2026)
9791124281925,중등교과서별영문법워크북22,IH-ENG-4391,중등 교과서별 영문법 워크북 2-2 (미래 문영인)(2026)
9791174681768,해시태그로보는영문법,IH-ENG-4392,해시태그로 보는 영문법(2026)
9791199593848,초등영어교과서에서뽑은필수문장패턴1,IH-ENG-4393,초등 영어 교과서에서 뽑은 필수 문장 패턴 1
9791199593855,초등영어교과서에서뽑은필수문장패턴2,IH-ENG-4394,초등 영어 교과서에서 뽑은 필수 문장 패턴 2
9791169214568,읽어영초등필수영문법,IH-ENG-4395,읽어영! 초등 필수 영문법(상)
9791112180636,pod1영문법,IH-ENG-4396,[POD] 1% 영문법
9791112180117,pod쌩기초원샷영문법,IH-ENG-4397,[POD] 쌩기초 원샷영문법
9791167754479,지피지기백전백승중학영문법4000제중1,IH-ENG-4398,지피지기 백전백승 중학영문법 4000제 중1(2026)
9791167754486,지피지기백전백승중학영문법4000제중2,IH-ENG-4399,지피지기 백전백승 중학영문법 4000제 중2(2026)
9791167754493,지피지기백전백승중학영문법4000제중3,IH-ENG-4400,지피지기 백전백승 중학영문법 4000제 중3(2026)
9791143405425,시대에듀독학사영어영문학과3단계고급영문법,IH-ENG-4401,시대에듀 독학사 영어영문학과 3단계 고급영문법
9791173561474,2027남선우이것이영문법이다tg편,IH-ENG-4402,2027 남선우 이것이 영문법이다 TG편
9791175851603,중학교과서영문법중12학기,IH-ENG-4403,중학 교과서 영문법 중1 2학기(YBM 박준언)(2026)
9791175850798,중학교과서영문법중112학기통합본,IH-ENG-4404,"중학 교과서 영문법 중1 1,2학기 통합본(비상 황종배)(2026)"
9791175851658,중학교과서영문법중11,IH-ENG-4405,중학 교과서 영문법 중1-1(미래엔 문영인)(2026)
9791175850842,중학교과서영문법중12,IH-ENG-4406,중학 교과서 영문법 중1-2(미래엔 문영인)(2026)
9791175851665,기초탄탄중학영문법3900제level1,IH-ENG-4407,기초탄탄 중학영문법 3900제 Level 1(2026)
9791175851696,대치동중학영문법3600제중학3학년,IH-ENG-4408,대치동중학영문법 3600제 중학 3학년(2026)
9791175851689,대치동중학영문법3600제중학2학년,IH-ENG-4409,대치동중학영문법 3600제 중학 2학년(2026)
9791175851672,대치동중학영문법3600제중학1학년,IH-ENG-4410,대치동중학영문법 3600제 중학 1학년(2026)
9791173324741,grammarstarstarter1,IH-ENG-4411,Grammar Star(그래머 스타) Starter 1
9791173324765,grammarstarmaster,IH-ENG-4412,Grammar Star(그래머 스타) Master
9788924200256,pod고급영문법융합학문적접근전집제1권,IH-ENG-4413,[POD] 고급 영문법 융합 학문적 접근 전집 [제1 권]
9791124281369,pod중등교과서별영문법워크북중등21교사용,IH-ENG-4414,[POD] 중등 교과서별 영문법 워크북(Workbook) 중등 2-1 교사용(지학 송미정)(2026)
9791124281376,pod중등교과서별영문법워크북중등21학생용,IH-ENG-4415,[POD] 중등 교과서별 영문법 워크북(Workbook) 중등 2-1 학생용(지학 송미정)(2026)
9791124281185,중등교과서별영문법워크북중등21교사용,IH-ENG-4416,중등 교과서별 영문법 워크북(Workbook) 중등 2-1 교사용(능률 김기택)(2026)
9791124281192,중등교과서별영문법워크북중등21학생용,IH-ENG-4417,중등 교과서별 영문법 워크북(Workbook) 중등 2-1 학생용(능률 김기택)(2026)
9791124281277,중등교과서별영문법워크북중등21,IH-ENG-4418,중등 교과서별 영문법 워크북(Workbook) 중등 2-1(비상 황종배)(2026)
9791194575481,pod중학영문법내신대비용중등1교사용,IH-ENG-4419,[POD] 중학영문법 내신대비용 중등 1 교사용(YBM 박준언)(2026)
9791194575498,pod중학영문법내신대비용중등1,IH-ENG-4420,[POD] 중학영문법 내신대비용 중등 1(YBM 박준언)(2026)
9791198493590,2026혼공중학영문법마스터level3,IH-ENG-4421,2026 혼공 중학 영문법 마스터 Level 3
9788924191530,pod원깨비초등기초영문법,IH-ENG-4422,[POD] 원깨비 초등 기초 영문법
9791175870307,pod2026중학영문법내신대비용중2,IH-ENG-4423,[POD] 2026 중학영문법 내신대비용 중2(동아 윤정미)(교사용)
9791175870512,읽고쓰는중학영문법sentence1422중등입문편,IH-ENG-4424,읽고 쓰는 중학영문법 Sentence 1422 중등 입문편(2026)
9791175870284,2026중학영문법내신대비용중등2학년교사용,IH-ENG-4425,2026 중학영문법 내신대비용 중등 2학년 교사용(능률 김기택)
9791175870291,2026중학영문법내신대비용중등2학년,IH-ENG-4426,2026 중학영문법 내신대비용 중등 2학년(능률 김기택)
9791175870369,2026중학영문법내신대비용중2교사용,IH-ENG-4427,2026 중학영문법 내신대비용 중2 교사용(비상 황종배)
9791175870376,2026중학영문법내신대비용중2학생용,IH-ENG-4428,2026 중학영문법 내신대비용 중2 학생용(비상 황종배)
9791163038054,영문법필수공식,IH-ENG-4429,영문법 필수 공식
9791175870451,pod읽고쓰는중학영문법sentence1670중등기본편,IH-ENG-4430,[POD] 읽고 쓰는 중학영문법 Sentence 1670 중등 기본편 (스프링)
9791124281055,pod중등교과서별영문법중2미래,IH-ENG-4431,[POD] 중등 교과서별 영문법 중2 미래(문영인) (스프링) (2026년)
9791124281048,pod교사용중등교과서별영문법중2미래,IH-ENG-4432,[POD] [교사용] 중등 교과서별 영문법 중2 미래(문영인) (스프링) (2026년)
9791124281031,pod중등교과서별영문법중2비상,IH-ENG-4433,[POD] 중등 교과서별 영문법 중2 비상(황종배) (스프링) (2026년)
9791124281024,pod교사용중등교과서별영문법중2비상,IH-ENG-4434,[POD] [교사용] 중등 교과서별 영문법 중2 비상(황종배) (스프링) (2026년)
9791194659945,pod교사용중등교과서별영문법중2능률,IH-ENG-4435,[POD] [교사용] 중등 교과서별 영문법 중2 능률(김기택) (스프링) (2026년)
9791194659969,pod교사용중등교과서별영문법중2동아,IH-ENG-4436,[POD] [교사용] 중등 교과서별 영문법 중2 동아(이병민) (스프링) (2026년)
9791194659976,pod중등교과서별영문법중2동아,IH-ENG-4437,[POD] 중등 교과서별 영문법 중2 동아(이병민) (스프링) (2026년)
9791194659952,pod중등교과서별영문법중2능률,IH-ENG-4438,[POD] 중등 교과서별 영문법 중2 능률(김기택) (스프링) (2026년)
9791124281062,pod교사용중등교과서별영문법중2ybm,IH-ENG-4439,[POD] [교사용] 중등 교과서별 영문법 중2 YBM(박준언) (스프링) (2026년)
9791124281093,pod중등교과서별영문법중2ybm,IH-ENG-4440,[POD] 중등 교과서별 영문법 중2 YBM(김은형) (스프링) (2026년)
9791124281116,pod중등교과서별영문법중2지학,IH-ENG-4441,[POD] 중등 교과서별 영문법 중2 지학(송미정) (스프링) (2026년)
9791124281109,pod교사용중등교과서별영문법중2지학,IH-ENG-4442,[POD] [교사용] 중등 교과서별 영문법 중2 지학(송미정) (스프링) (2026년)
9791194659983,pod교사용중등교과서별영문법중2천재,IH-ENG-4443,[POD] [교사용] 중등 교과서별 영문법 중2 천재(소영순) (스프링) (2026년)
9791194659990,pod중등교과서별영문법중2천재,IH-ENG-4444,[POD] 중등 교과서별 영문법 중2 천재(소영순) (스프링) (2026년)
9791175870277,pod읽고쓰는중학영문법sentence1642중등완성편,IH-ENG-4445,[POD] 읽고 쓰는 중학영문법 Sentence 1642 중등 완성편 (스프링)
9791175850941,중학교과서영문법중11학기,IH-ENG-4446,중학 교과서 영문법 중1 1학기(지학사 송미정)(2026)
9791175851627,중등교과서영문법중11,IH-ENG-4447,중등 교과서 영문법 중1-1(YBM 김은형)(2026)
9791175851634,중등교과서영문법중12,IH-ENG-4448,중등 교과서 영문법 중1-2(YBM 김은형)(2026)
9791175851580,중등교과서영문법중112학기통합본,IH-ENG-4449,중등 교과서 영문법 중1 1+2학기 통합본(YBM 박준언)(2026)
9791175850910,중학교과서영문법중등11,IH-ENG-4450,중학 교과서 영문법 중등 1-1(비상 황종배)(2026)
9791175850972,중학교과서영문법중등12,IH-ENG-4451,중학 교과서 영문법 중등 1-2(비상 황종배)(2026)
9791175850880,중학교과서영문법중등12학기통합본,IH-ENG-4452,"중학 교과서 영문법 중등 1, 2학기 통합본(지학사 송미정)(2026)"
9791194132011,2026중학교과서영문법중12학기,IH-ENG-4453,2026 중학 교과서 영문법 중1 2학기(능률 김기택)
9791194659907,중학영문법문제은행perfectgrammer중등11,IH-ENG-4454,중학영문법 문제 은행 Perfect Grammer 중등1-1(천재 소영순)(교사용)(2026)
9791194659822,중학영문법문제은행perfectgrammar중등11,IH-ENG-4455,중학영문법 문제은행 Perfect Grammar 중등1-1(비상 황종배)(교사용)(2026)
9791194659808,중학영문법문제은행perfectgrammar중11,IH-ENG-4456,중학영문법 문제은행 Perfect Grammar 중1-1(미래 문영인)(교사용)(2026)
9791175851153,중학교과서영문법중1동아이병민1학기,IH-ENG-4457,중학 교과서 영문법 중1 동아 이병민 1학기 (2026년)
9791175851108,2026중학교과서영문법중112학기통합본,IH-ENG-4458,"2026 중학 교과서 영문법 중1 1,2학기 통합본(동아 윤정미)"
9791124010969,2026중학교과서영문법중11학기,IH-ENG-4459,2026 중학 교과서 영문법 중1 1학기(동아 윤정미)
9791194132233,2026중학교과서영문법중등12,IH-ENG-4460,2026 중학 교과서 영문법 중등1-2(천재 이상기)
9791175851146,2026중학교과서영문법중등112학기통합본,IH-ENG-4461,"2026 중학 교과서 영문법 중등1 1, 2학기 통합본(능률 김기택)"
9791198769350,2026중학교과서영문법중등11,IH-ENG-4462,2026 중학 교과서 영문법 중등1-1(능률 김기택)
9791194132264,2026중학교과서영문법중12,IH-ENG-4463,2026 중학 교과서 영문법 중1-2(천재 소영순)
9791175851177,2026중학교과서영문법중11,IH-ENG-4464,2026 중학 교과서 영문법 중1-1(천재 이상기)
9791194132196,2026내신격파중학교과서영문법중12학기,IH-ENG-4465,2026 내신격파 중학 교과서 영문법 중1 2학기 (동아 이병민)
9791175851122,2026내신격파중학교과서영문법중1천재소영순12학기통합본,IH-ENG-4466,"2026 내신격파 중학 교과서 영문법 중1 천재 소영순 1,2학기 통합본"
9791175851160,2026내신격파중학교과서영문법중1천재소영순1학기,IH-ENG-4467,2026 내신격파 중학 교과서 영문법 중1 천재 소영순 1학기
9791175870192,pod교사용인공지능이제시하는중학내신영문법3000상권중2,IH-ENG-4468,[POD] [교사용] 인공지능(ChatGPT)이 제시하는 중학 내신영문법 3000 상권 중2 (스프링)
9791175870208,pod교사용인공지능이제시하는중학내신영문법3000하권중2,IH-ENG-4469,[POD] [교사용] 인공지능(ChatGPT)이 제시하는 중학 내신영문법 3000 하권 중2 (스프링)
9791175870215,pod인공지능이제시하는중학내신영문법3000상권중2,IH-ENG-4470,[POD] 인공지능(ChatGPT)이 제시하는 중학 내신영문법 3000 상권 중2 (스프링)
9791175870253,인공지능이제시하는중학내신영문법3000상권중3,IH-ENG-4471,인공지능(ChatGPT)이 제시하는 중학 내신영문법 3000 상권 중3 (스프링)
9791175870260,인공지능이제시하는중학내신영문법3000하권중3,IH-ENG-4472,인공지능(ChatGPT)이 제시하는 중학 내신영문법 3000 하권 중3 (스프링)
9791175870222,pod인공지능이제시하는중학내신영문법3000하권중2,IH-ENG-4473,[POD] 인공지능(ChatGPT)이 제시하는 중학 내신영문법 3000 하권 중2 (스프링)
9791175870239,pod교사용인공지능이제시하는중학내신영문법3000상권중3,IH-ENG-4474,[POD] [교사용] 인공지능(ChatGPT)이 제시하는 중학 내신영문법 3000 상권 중3 (스프링)
9791175870246,pod교사용인공지능이제시하는중학내신영문법3000하권중3,IH-ENG-4475,[POD] [교사용] 인공지능(ChatGPT)이 제시하는 중학 내신영문법 3000 하권 중3 (스프링)
9791175870154,pod교사용인공지능이제시하는중학내신영문법3000상권중1,IH-ENG-4476,[POD] [교사용] 인공지능(ChatGPT)이 제시하는 중학 내신영문법 3000 상권 중1
9791175870161,pod교사용인공지능이제시하는중학내신영문법3000하권중1,IH-ENG-4477,[POD] [교사용] 인공지능(ChatGPT)이 제시하는 중학 내신영문법 3000 하권 중1
9791175870178,pod인공지능이제시하는중학내신영문법3000상권중1,IH-ENG-4478,[POD] 인공지능(ChatGPT)이 제시하는 중학 내신영문법 3000 상권 중1
9791175870185,pod인공지능이제시하는중학내신영문법3000하권중1,IH-ENG-4479,[POD] 인공지능(ChatGPT)이 제시하는 중학 내신영문법 3000 하권 중1
9791198447531,the정식종합영문법세트,IH-ENG-4480,THE정식종합영문법 세트
9791163924623,2026교과서별중학영문법중1,IH-ENG-4481,2026 교과서별 중학영문법 중1(능률 김기택)
9791163924371,2026교과서별중학영문법중1통합본,IH-ENG-4482,2026 교과서별 중학영문법 중1 통합본(천재 이상기)
9791163924364,교과서별중학영문법중1천재통합본,IH-ENG-4483,교과서별 중학영문법 중1 천재 (소영순) 통합본(2026)
9791163924340,교과서별중학영문법중1,IH-ENG-4484,교과서별 중학영문법 중1(동아 윤정미)(2026)
9791112092526,pod된다니까3시간영문법,IH-ENG-4485,[POD] 된다니까 3시간 영문법
9791199104303,new유창한영어회화초간단영문법go,IH-ENG-4486,New 유창한 영어회화 초간단 영문법 Go!
9788963917634,적중중학영문법3300제level2,IH-ENG-4487,적중! 중학영문법 3300제 LEVEL 2
9791193796368,세상에없는기초영문법,IH-ENG-4488,세상에 없는 기초영문법
9791175191129,박문각공무원김태은영어마지막기본영문법,IH-ENG-4489,박문각 공무원 김태은 영어 마지막 기본 영문법
9791171587605,꼭알아야하는영문법형용사부사자동사타동사다양한쓰임의that,IH-ENG-4490,꼭 알아야 하는 영문법: 형용사·부사/자동사·타동사/다양한 쓰임의 that
9791172248376,ecas중등영문법,IH-ENG-4491,ECAS 중등 영문법
9791199417908,그래머터치중학영문법의비밀노트1,IH-ENG-4492,그래머터치 중학영문법의 비밀노트 1
9791199417939,그래머터치중학영문법의비밀노트3,IH-ENG-4493,그래머터치 중학영문법의 비밀노트 3
9791199417915,그래머터치중학영문법의비밀노트2,IH-ENG-4494,그래머터치 중학영문법의 비밀노트 2
9791191962253,쓰고말하는영문법초등1,IH-ENG-4495,쓰고 말하는 영문법 초등 1
9791173553769,이토록심플한영문법,IH-ENG-4496,이토록 심플한 영문법
9791171340729,팬덤영문법starter,IH-ENG-4497,팬덤 영문법 starter
9791171340736,팬덤영문법level1,IH-ENG-4498,팬덤 영문법 level 1
9791171340743,팬덤영문법level2,IH-ENG-4499,팬덤 영문법 level 2
9791171340750,팬덤영문법level3,IH-ENG-4500,팬덤 영문법 level 3
9791171340767,팬덤영문법입문편,IH-ENG-4501,팬덤 영문법 입문편
9791171340781,팬덤영문법워밍업편,IH-ENG-4502,팬덤 영문법 워밍업편
9791171340774,팬덤영문법기본편,IH-ENG-4503,팬덤 영문법 기본편
9791171340798,팬덤영문법실력편,IH-ENG-4504,팬덤 영문법 실력편
9788924165401,pod구조주의영문법요약,IH-ENG-4505,[POD] 구조주의 영문법 요약
9791199019591,중학영문법마스터편,IH-ENG-4506,중학 영문법 마스터편
9791199019584,중학영문법입문편,IH-ENG-4507,중학 영문법 입문편
9791198493583,혼공중학영문법마스터level2,IH-ENG-4508,혼공 중학 영문법 마스터 Level 2
9788986744019,englishforeveryonejunior기본영문법,IH-ENG-4509,English for Everyone Junior 기본영문법
9791190347129,초등영문법누적복습시제편,IH-ENG-4510,초등영문법 누적복습: 시제편
9791171587322,꼭알아야하는영문법,IH-ENG-4511,꼭 알아야 하는 영문법
9791199102378,보이는영문법,IH-ENG-4512,보이는 영문법
9791163036869,바빠초등영문법써먹는리딩세트,IH-ENG-4513,바빠 초등 영문법 써먹는 리딩 세트
9791163036890,바빠초등영문법써먹는리딩3readingwithgrammar,IH-ENG-4514,바빠 초등 영문법 써먹는 리딩 3 Reading with grammar
9791138843362,제일얇은영문법,IH-ENG-4515,제일 얇은 영문법
9791198493576,혼공중학영문법마스터level1,IH-ENG-4516,혼공 중학 영문법 마스터 Level 1
9791171586806,중학영어3학년2학기내신대비영문법,IH-ENG-4517,중학영어 3학년 2학기(중간 기말) 내신 대비 영문법 (비상 김진완)
9791171586790,중학영어2학년2학기내신대비영문법,IH-ENG-4518,중학영어 2학년 2학기 (중간 기말) 내신 대비 영문법 (비상 김진완)
9791161481388,맛있는everyday초등영문법basic2,IH-ENG-4519,맛있는 Everyday 초등 영문법 Basic 2
9791161481371,맛있는everyday초등영문법basic1,IH-ENG-4520,맛있는 Everyday 초등 영문법 Basic 1
9791190347112,초등영문법누적복습품사편,IH-ENG-4521,초등영문법 누적복습: 품사편
9791163036883,바빠초등영문법써먹는리딩2readingwithgrammar,IH-ENG-4522,바빠 초등 영문법 써먹는 리딩 2: Reading with grammar
9788971721094,초등영문법24형식뿌수기1004권세트,IH-ENG-4523,초등 영문법 2~4형식 뿌수기 100 4권 세트
9791163036845,바빠초등영문법써먹는리딩1readingwithgrammar,IH-ENG-4524,바빠 초등 영문법 써먹는 리딩 1 Reading with grammar
9791169663922,친절한꿀문법,IH-ENG-4525,친절한 꿀문법
9791141998264,podworkbook한국식영문법말고원어민식그림영문법,IH-ENG-4526,[POD] WORKBOOK 한국식 영문법 말고 원어민식 그림 영문법
9791194659334,중등교과서별영문법중1천재이상기,IH-ENG-4527,중등 교과서별 영문법 중1 천재 이상기(학생용)(2025)
9791194659310,중등교과서별영문법중1천재소영순,IH-ENG-4528,중등 교과서별 영문법 중1 천재 소영순(학생용)(2025)
9791194659297,중등교과서별영문법중1지학송미정,IH-ENG-4529,중등 교과서별 영문법 중1 지학 송미정(학생용)(2025)
9788971721070,초등영문법5형식뿌수기100,IH-ENG-4530,초등 영문법 5형식 뿌수기 100
9788971721063,초등영문법4형식뿌수기100,IH-ENG-4531,초등 영문법 4형식 뿌수기 100
9791189385569,영문법에관한진실한이야기,IH-ENG-4532,영문법에 관한 진실한 이야기
9791194659433,중등교과서별영문법워크북중1천재,IH-ENG-4533,중등 교과서별 영문법 워크북(WORKBOOK) 중1 천재(이상기)
9791141992996,영어쫌하는아이들의esl프리미엄문장영문법,IH-ENG-4534,영어 쫌 하는 아이들의 ESL 프리미엄 문장 영문법
9791194659273,중등교과서별영문법중1ybm,IH-ENG-4535,중등 교과서별 영문법 중1 YBM(박준언)(2025)
9791194659402,중등교과서별영문법워크북중1ybm,IH-ENG-4536,중등 교과서별 영문법 워크북(WORKBOOK) 중1 YBM(박준언)
9791194659174,중등교과서별영문법중1동아윤정미,IH-ENG-4537,중등 교과서별 영문법 중1 동아 윤정미 (학생용)
9791194659198,중등교과서별영문법중1동아이병민,IH-ENG-4538,중등 교과서별 영문법 중1 동아 이병민 (학생용)
9791194659150,중등교과서별영문법중1능률김기택,IH-ENG-4539,중등 교과서별 영문법 중1 능률 김기택(학생용)
9791161480961,맛있는everyday초등영문법starter,IH-ENG-4540,맛있는 Everyday 초등 영문법 Starter
9791194659235,중등교과서별영문법중1,IH-ENG-4541,중등 교과서별 영문법 중1 (비상 황종배)(학생용)
9791194659389,중등교과서별영문법워크북중1비상,IH-ENG-4542,중등 교과서별 영문법 워크북 중1 비상(황종배)(2025)
9791167640802,하루한장영어표현영문법,IH-ENG-4543,하루 한 장 영어 표현&영문법
9791194467472,allnew초스피드실용영문법,IH-ENG-4544,All New 초스피드 실용영문법
9791194659211,중등교과서별영문법중1미래,IH-ENG-4545,중등 교과서별 영문법 중1 미래(문영인)(2025)
9791194659181,중등교과서별영문법중1동아,IH-ENG-4546,중등 교과서별 영문법 중1 동아(이병민)(교사용)(2025)
9791194659143,중등교과서별영문법중1능률,IH-ENG-4547,중등 교과서별 영문법 중1 능률(김기택)(교사용)(2025)
9791194659365,중등교과서별영문법워크북중1동아,IH-ENG-4548,중등 교과서별 영문법 워크북 중1 동아(이병민)(2025)
9791194659372,중등교과서별영문법워크북중1미래,IH-ENG-4549,중등 교과서별 영문법 워크북 중1 미래(문영인)(2025)
9791194659341,중등교과서별영문법워크북중1능률,IH-ENG-4550,중등 교과서별 영문법 워크북 중1 능률(김기택)(2025)
9791194659068,perfectgrammar중11ybm박준언교사용,IH-ENG-4551,Perfect Grammar 중1-1 YBM 박준언 교사용
9791194659075,perfectgrammar중11ybm박준언,IH-ENG-4552,Perfect Grammar 중1-1 YBM 박준언
9791194659082,perfectgrammar중11지학송미정교사용,IH-ENG-4553,Perfect Grammar 중1-1 지학 송미정 교사용
9791194659099,perfectgrammar중11지학송미정,IH-ENG-4554,Perfect Grammar 중1-1 지학 송미정
9791194659044,perfectgrammar중11ybm김은형교사용,IH-ENG-4562,Perfect Grammar 중1-1 YBM 김은형 교사용
9791194659051,perfectgrammar중11ybm김은형,IH-ENG-4564,Perfect Grammar 중1-1 YBM 김은형
9791172230579,쉽게풀어쓴고급영문법개정3판,IH-ENG-4566,쉽게 풀어쓴 고급 영문법 [개정3판]
9791193171905,중등교과서별영문법중212종교과서통합본,IH-ENG-4567,중등 교과서별 영문법 중2 12종 교과서 통합본(상)
9791193171929,중등교과서별영문법중312종교과서통합본,IH-ENG-4568,중등 교과서별 영문법 중3 12종 교과서 통합본(상)
9791197177965,트렌드기초영문법,IH-ENG-4569,트렌드 기초 영문법
9791193171783,영문법워크북중3능률,IH-ENG-4570,영문법 워크북 중3 능률(김성곤)(2025)
9791193171806,영문법워크북중3동아,IH-ENG-4571,영문법 워크북 중3 동아(윤정미)(2025)
9791193171707,영문법워크북중2비상,IH-ENG-4572,영문법 워크북 중2 비상(김진완)(2025)
9791193171714,영문법워크북중2미래,IH-ENG-4573,영문법 워크북 중2 미래(최연희)(2025)
9791193171660,영문법워크북중2능률,IH-ENG-4574,영문법 워크북 중2 능률(김성곤)(2025)
9791193171820,영문법워크북중3비상,IH-ENG-4575,영문법 워크북 중3 비상(김진완)(2025)
9791193171721,영문법워크북중2천재,IH-ENG-4576,영문법 워크북 중2 천재(이재영)(2025)
9791193171837,영문법워크북중3미래,IH-ENG-4577,영문법 워크북 중3 미래(최연희)(2025)
9791193171844,영문법워크북중3천재,IH-ENG-4578,영문법 워크북 중3 천재(이재영)(2025)
9791193171684,영문법워크북중2동아,IH-ENG-4579,영문법 워크북 중2 동아(윤정미)(2025)
9791193171745,영문법워크북중2시사,IH-ENG-4580,영문법 워크북 중2 시사(박준언)(2025)
9791193171769,영문법워크북중2지학,IH-ENG-4581,영문법 워크북 중2 지학(민찬규)(2025)
9791193171868,영문법워크북중3시사,IH-ENG-4582,영문법 워크북 중3 시사(박준언)(2025)
9791193171776,영문법워크북중2금성,IH-ENG-4583,영문법 워크북 중2 금성(최인철)(2025)
9791193171882,영문법워크북중3지학,IH-ENG-4584,영문법 워크북 중3 지학(민찬규)(2025)
9791193171899,영문법워크북중3금성,IH-ENG-4585,영문법 워크북 중3 금성(최인철)(2025)
9791193171462,중등교과서별영문법중2비상,IH-ENG-4586,중등 교과서별 영문법 중2 비상(김진완)(2025)
9791193171615,중등교과서별영문법중3천재,IH-ENG-4587,중등 교과서별 영문법 중3 천재(정사열)(2025)
9791193171585,중등교과서별영문법중3비상,IH-ENG-4588,중등 교과서별 영문법 중3 비상(김진완)(2025)
9791193171578,중등교과서별영문법중3동아,IH-ENG-4589,중등 교과서별 영문법 중3 동아(이병민)(2025)
9791193171493,중등교과서별영문법중2천재,IH-ENG-4590,중등 교과서별 영문법 중2 천재(정사열)(2025)
9791193171547,중등교과서별영문법중3능률,IH-ENG-4591,중등 교과서별 영문법 중3 능률(김성곤)(2025)
9791193171424,중등교과서별영문법중2능률,IH-ENG-4593,중등 교과서별 영문법 중2 능률(김성곤)(2025)
9791197701948,다윈수능영어다이기자,IH-ENG-4594,다윈(Da Win) 수능영어 다 이기자(2024)(2025 수능대비)
9791191068672,명문법,IH-ENG-4595,명문법
9788971721025,초등영문법3형식뿌수기100,IH-ENG-4596,초등 영문법 3형식 뿌수기 100
9788971721018,초등영문법2형식뿌수기100,IH-ENG-4597,초등 영문법 2형식 뿌수기 100
9791141922009,초등학생을위한필수영문법,IH-ENG-4598,초등학생을 위한 필수영문법
9791171585106,중학영어3학년1학기내신대비영문법미래엔,IH-ENG-4599,중학영어 3학년 1학기 (중간 기말) 내신 대비 영문법 미래엔(최연희)
9791171585120,중학영어3학년1학기내신대비영문법천재,IH-ENG-4600,중학영어 3학년 1학기 (중간 기말) 내신 대비 영문법 천재(이재영)
9791171585069,중학영어3학년1학기내신대비영문법동아,IH-ENG-4601,중학영어 3학년 1학기 (중간 기말) 내신 대비 영문법 동아(이병민)
9791171585090,중학영어2학년1학기내신대비영문법미래엔,IH-ENG-4602,중학영어 2학년 1학기 (중간 기말) 내신 대비 영문법 미래엔(최연희)
9791171585076,중학영어3학년1학기내신대비영문법능률,IH-ENG-4605,중학영어 3학년 1학기(중간 기말) 내신 대비 영문법 능률(김성곤)
9791194330950,혼공쌤의초등영문법일력,IH-ENG-4607,혼공쌤의 초등 영문법 일력
9791171585137,ybm중학영어3학년1학기내신대비영문법,IH-ENG-4609,YBM(박준언) 중학영어 3학년 1학기 내신 대비 영문법
9791171585168,비상중학영어3학년1학기내신대비영문법,IH-ENG-4610,비상(김진완) 중학영어 3학년 1학기 내신 대비 영문법
9788963916187,적중중학영문법3300제level1,IH-ENG-4612,적중! 중학영문법 3300제 Level 1
9791198895585,영어회화에특히강한핵심영문법,IH-ENG-4613,영어회화에 특히 강한 핵심영문법
9791167916006,체계적영문법,IH-ENG-4614,체계적 영문법
9791163923701,대치동1등급영문법종합편,IH-ENG-4615,대치동 1등급 영문법 종합편
9791188228713,longmangrammarhouse초등영문법start,IH-ENG-4616,Longman Grammar House 초등영문법 Start
9788965915911,초등영어쓰기독립영문법스타터21단계,IH-ENG-4617,초등영어 쓰기독립 영문법 스타터 2: 1단계
9788965915904,초등영어쓰기독립영문법스타터11단계,IH-ENG-4618,초등영어 쓰기독립 영문법 스타터 1: 1단계
9791141954307,영문법궁금증해결책,IH-ENG-4619,영문법 궁금증 해결책
9791156352358,new레전드하루3분말하기영문법3minutedailygrammarforspeaking,IH-ENG-4621,New 레전드 하루 3분 말하기 영문법: 3-Minute Daily Grammar for Speaking
9791141956011,빠르게이해되는작심영문법,IH-ENG-4622,빠르게 이해되는 작심 영문법
9791141903381,재원쌤영문법구조읽기,IH-ENG-4623,재원쌤 영문법 구조읽기
9791141900137,고교최신영문법,IH-ENG-4624,고교 최신 영문법
9791198493552,혼공초등영문법기초구문편,IH-ENG-4625,혼공 초등영문법 기초구문편
9791198493545,혼공초등영문법8품사편,IH-ENG-4626,혼공 초등영문법 8품사편
9791198493569,혼공초등영문법쓰기편,IH-ENG-4627,혼공 초등영문법 쓰기편
9791171584819,중학영어3학년2학기내신대비영문법능률,IH-ENG-4628,중학영어 3학년 2학기 (중간 기말) 내신 대비 영문법 능률(김성곤)
9791171584802,중학영어2학년2학기내신대비영문법능률,IH-ENG-4629,중학영어 2학년 2학기 (중간 기말) 내신 대비 영문법 능률(김성곤)
9791192431727,인생영문법,IH-ENG-4631,인생 영문법
9791171584789,미래엔중학영어3학년2학기내신대비영문법,IH-ENG-4632,미래엔(최연희) 중학영어 3학년 2학기 내신 대비 영문법
9791171584772,미래엔중학영어2학년2학기내신대비영문법,IH-ENG-4633,미래엔(최연희) 중학영어 2학년 2학기 내신 대비 영문법
9791138371612,시대에듀독학사영어영문학과2단계영문법,IH-ENG-4635,시대에듀 독학사 영어영문학과 2단계 영문법
9791198385550,영포의공식집,IH-ENG-4636,영포의 공식집
9791171584697,천재중학영어3학년2학기내신대비영문법,IH-ENG-4637,천재(이재영) 중학영어 3학년 2학기 내신 대비 영문법(2024)
9791171584680,천재중학영어2학년2학기내신대비영문법,IH-ENG-4638,천재(이재영) 중학영어 2학년 2학기 내신 대비 영문법(2024)
9791171584666,동아중학영어3학년2학기내신대비영문법,IH-ENG-4639,동아(이병민) 중학영어 3학년 2학기 내신 대비 영문법(2024)
9791198702982,악마의영문법100법칙,IH-ENG-4643,악마의 영문법 100법칙
9791155764787,대학생을위한기초영문법의이해,IH-ENG-4644,대학생을 위한 기초영문법의 이해
9791166394355,한국어는생어영국어는사어,IH-ENG-4645,한국어는 생어(SOV) 영국어는 사어(SVO)
9788994283623,세상에서가장쉬운영문법,IH-ENG-4646,세상에서 가장 쉬운 영문법
9788971351567,아홉켤레의신발로남은영문법,IH-ENG-4647,아홉 켤레의 신발로 남은 영문법
9791168622296,한번읽으면절대잊을수없는영문법교과서,IH-ENG-4648,한 번 읽으면 절대 잊을 수 없는 영문법 교과서
9791141077389,pod한국식영문법말고원어민식그림영문법,IH-ENG-4649,[POD] 한국식 영문법 말고 원어민식 그림 영문법
9791163638001,선으로그리는기호영문법,IH-ENG-4650,선으로 그리는 기호영문법
9791141077372,워크북한국식영문법말고원어민식그림영문법,IH-ENG-4651,워크북 한국식 영문법 말고 원어민식 그림 영문법
9788931587531,비주얼영문법그래머콘,IH-ENG-4652,비주얼 영문법 그래머콘
9791164404742,뻔히보여서옆집금쪽이도이해하는영문법,IH-ENG-4654,뻔히 보여서 옆집 금쪽이도 이해하는 영문법
9791193806012,지텔프65점대비시그니쳐실전영문법,IH-ENG-4655,지텔프 65점 대비 시그니쳐 실전 영문법
9788920034855,영문법의활용,IH-ENG-4656,영문법의활용
9791171582808,중학영어3학년1학기내신대비영문법,IH-ENG-4657,중학 영어 3학년 1학기(중간 기말) 내신 대비 영문법(동아 윤정미)(2024)
9791197681080,혼공초등영문법트레이닝level3,IH-ENG-4660,혼공 초등 영문법 트레이닝 Level 3(2024)
9791197681066,혼공초등영문법트레이닝level1,IH-ENG-4661,혼공 초등 영문법 트레이닝 Level 1(2024)
9791197681073,혼공초등영문법트레이닝level2,IH-ENG-4662,혼공 초등 영문법 트레이닝 Level 2(2024)
9791125343196,중학영문법linklevel3,IH-ENG-4663,중학 영문법 Link Level 3
9791125343189,중학영문법linklevel2,IH-ENG-4664,중학 영문법 Link Level 2
9791125343172,중학영문법linklevel1,IH-ENG-4665,중학 영문법 Link Level 1
9791125343165,중학영문법linkstarter,IH-ENG-4666,중학 영문법 Link Starter
9791197652028,고딸영문법세트,IH-ENG-4667,고딸영문법 세트
9791197652059,고딸영문법4to부정사부터관계대명사까지완성,IH-ENG-4668,고딸영문법 4: to부정사부터 관계대명사까지 완성
9788967151683,잉글리쉬앤그래머마스터englishgrammarmaster,IH-ENG-4670,잉글리쉬앤 그래머 마스터 English& Grammar Master
9788967151676,잉글리쉬앤그래머스타트englishgrammarstart,IH-ENG-4671,잉글리쉬앤 그래머 스타트 English& Grammar START
9791169191449,논리영문법,IH-ENG-4673,논리 영문법
9788963912295,적중중학영문법3300제level3,IH-ENG-4674,적중! 중학영문법 3300제 Level 3
9791163400738,하루한장읽기듣기쓰기말하기가되는초등영문법한권으로끝저학년,IH-ENG-4675,"하루 한장 읽기, 듣기, 쓰기, 말하기가 되는 초등 영문법 한 권으로 끝: 저학년"
9788986451184,성문기초영문법,IH-ENG-4677,성문기초영문법(23)
9791188669073,한국에서유일한기초영문법1,IH-ENG-4678,한국에서 유일한 기초 영문법 1
9791191478204,그래엄마grammar,IH-ENG-4679,그래엄마 GRAMMAR
9791191270242,학생들이무슨죄가있겠어영문법,IH-ENG-4680,학생들이 무슨 죄가 있겠어! 영문법
9791189703585,학원에서도말하지않는영문법,IH-ENG-4681,학원에서도 말하지 않는 영문법(큰글자책)
9791192414638,대치동중학영문법2200제level3,IH-ENG-4682,대치동 중학영문법 2200제 Level 3
9791192414621,대치동중학영문법2200제level2,IH-ENG-4683,대치동 중학영문법 2200제 Level 2
9791192414614,대치동중학영문법2200제level1,IH-ENG-4684,대치동 중학영문법 2200제 Level 1
9791197903274,grammarinthebible주님께배우는꿀맛성경영문법,IH-ENG-4685,Grammar in the Bible: 주님께 배우는 꿀맛 성경 영문법
9791141025403,수능영문법한권에끝내는영문법개정판,IH-ENG-4686,수능 영문법: 한권에 끝내는 영문법[개정판]
9791163034360,바빠초등영문법56학년용세트,IH-ENG-4687,"바빠 초등 영문법 5, 6학년용 세트"
9791196917319,영어혁명,IH-ENG-4688,영어혁명
9791163034612,바빠초등영문법3,IH-ENG-4689,바빠 초등 영문법 3
9791169831840,3주만에끝내는영문법,IH-ENG-4690,3주 만에 끝내는 영문법(큰글자도서)
9791141021757,원리로배우는최신고교영문법,IH-ENG-4691,원리로 배우는 최신 고교 영문법
9791141019952,휘라노고등영어어법1등급실전편수능내신영문법어법대비,IH-ENG-4692,휘라노 고등 영어 어법 1등급 실전편 - 수능·내신 영문법·어법 대비
9791141021528,한국식영문법말고원어민식그림영문법,IH-ENG-4693,한국식 영문법 말고 원어민식 그림 영문법
9791197618550,의미순영문법도감,IH-ENG-4694,의미순 영문법 도감
9791192530178,중등영문법기출7300제volume1,IH-ENG-4695,중등 영문법 기출 7300제 volume 1(교사용)
9791192530185,중등영문법기출7300제volume2,IH-ENG-4696,중등 영문법 기출 7300제 volume 2(학생용)
9791192530215,중등영문법기출7300제volume3,IH-ENG-4697,중등 영문법 기출 7300제 volume 3(교사용)
9788971729663,탁상용초등영문법완전정복,IH-ENG-4698,탁상용 초등 영문법 완전정복
9791191609837,물고기영어,IH-ENG-4699,물고기 영어
9788991064072,영어개념guide,IH-ENG-4700,영어개념 Guide
9791190945660,테이크아웃기초영문법,IH-ENG-4701,테이크아웃 기초영문법
9791163922155,대치동1등급영문법1640제,IH-ENG-4702,대치동 1등급 영문법 1640제
9791195561728,5시간영문법,IH-ENG-4703,5시간 영문법
9791141012960,하루3문장회화잡는영문법,IH-ENG-4704,하루 3문장 회화 잡는 영문법
9791163034384,바빠초등영문법56학년용2,IH-ENG-4705,"바빠 초등 영문법: 5, 6학년용 2"
9791163034377,바빠초등영문법56학년용1,IH-ENG-4706,"바빠 초등 영문법: 5, 6학년용 1"
9791198127907,영문법이시급합니다,IH-ENG-4707,영문법이 시급합니다
9791191292862,엄배영basicgrammar기초영문법,IH-ENG-4708,엄배영 Basic Grammar 기초 영문법
9791141008246,영문법우리말통그래머,IH-ENG-4709,영문법 우리말 통 그래머
9791141005696,읽으면이해되는영문법,IH-ENG-4710,읽으면 이해되는 영문법
9791169190633,위듀영문법,IH-ENG-4711,위듀 영문법
9791167912800,the쉽다2종합영문법중등고1,IH-ENG-4712,THE 쉽다 2: 종합영문법 중등~고1
9791167912794,the쉽다1종합영문법중등고1,IH-ENG-4713,THE 쉽다 1: 종합영문법 중등~고1
9791197652042,고딸영문법3문장5형식부터가정법까지정복,IH-ENG-4714,고딸영문법 3: 문장 5형식부터 가정법까지 정복
9791169172677,보카그래머영단어로아주쉽게배우는영문법,IH-ENG-4715,"보카 그래머, 영단어로 아주 쉽게 배우는 영문법"
9791137299986,영문법과영어쓰기,IH-ENG-4716,영문법과 영어쓰기
9791188507948,중학영문법50003학년,IH-ENG-4717,중학 영문법 5000 3학년(2023)
9791188507931,중학영문법50002학년,IH-ENG-4718,중학 영문법 5000 2학년(2023)
9791188507924,중학영문법50001학년,IH-ENG-4719,중학 영문법 5000 1학년(2023)
9791137299795,중고교공무원토익토플영어교사강사를위한명쾌한영문법총정리4,IH-ENG-4720,"중고교, 공무원, 토익, 토플 영어 교사, 강사를 위한 명쾌한 영문법 총정리 4"
9791137299771,중고교공무원토익토플영어교사강사를위한명쾌한영문법총정리3,IH-ENG-4721,"중고교, 공무원, 토익, 토플 영어 교사, 강사를 위한 명쾌한 영문법 총정리 3"
9791137299757,중고교공무원토익토플영어교사강사를위한명쾌한영문법총정리2,IH-ENG-4722,"중고교, 공무원, 토익, 토플 영어 교사, 강사를 위한 명쾌한 영문법 총정리 2"
9791137299733,중고교공무원토익토플영어교사강사를위한명쾌한영문법총정리1,IH-ENG-4723,"중고교, 공무원, 토익, 토플 영어 교사, 강사를 위한 명쾌한 영문법 총정리 1"
9791190818179,세상쉬운영문법,IH-ENG-4724,세상 쉬운 영문법
9791186924839,grammarjoy중등영문법3b,IH-ENG-4725,Grammar Joy 중등영문법 3b
9791186924822,grammarjoy중등영문법3a,IH-ENG-4726,Grammar Joy 중등영문법 3a
9791139206999,반란의영문법,IH-ENG-4727,반란의 영문법
9791137297869,정상의고교영문법2,IH-ENG-4728,정상의 고교 영문법 2
9791137297708,정상의고교영문법1,IH-ENG-4729,정상의 고교 영문법 1
9791197986505,metagrammar메타그래머,IH-ENG-4730,Meta Grammar 메타 그래머
9788971729625,프랭크쌤영문법,IH-ENG-4731,프랭크 쌤 영문법
9791186924815,grammarjoy중등영문법2b,IH-ENG-4733,Grammar Joy 중등영문법 2b
9788994282169,통grammarlevel1,IH-ENG-4734,통 Grammar Level 1
9791197039331,비주얼로공부하는mz세대영문법,IH-ENG-4736,비주얼로 공부하는 MZ세대 영문법
9791185719030,영문법사전,IH-ENG-4739,영문법 사전
9791168220775,englishgrammarformatriductivelearners,IH-ENG-4740,English Grammar for Matriductive Learners
9788907915559,welcometobasicgrammar1,IH-ENG-4743,Welcome to BASIC Grammar 1
9791196403249,12시간만에끝내는기초영문법,IH-ENG-4748,12시간 만에 끝내는 기초 영문법
9791125970101,바로문장쓰는문법level1,IH-ENG-4749,바로 문장 쓰는 문법 Level 1
9791125970118,바로문장쓰는문법level2,IH-ENG-4750,바로 문장 쓰는 문법 Level 2
9791125970125,바로문장쓰는문법level3,IH-ENG-4751,바로 문장 쓰는 문법 Level 3
9791125970132,바로문제푸는문법1450제level1,IH-ENG-4752,바로 문제 푸는 문법 1450제 Level 1
9791125970149,바로문제푸는문법1460제level2,IH-ENG-4753,바로 문제 푸는 문법 1460제 Level 2
9791197652035,고딸영문법2시제부터의문문까지개념확장,IH-ENG-4754,고딸영문법 2: 시제부터 의문문까지 개념 확장
9791137278288,심층개념영문법기본동사,IH-ENG-4756,심층개념 영문법 기본동사
9791137278325,심층개념영문법기능어,IH-ENG-4757,심층개념 영문법 기능어
9791137278301,심층개념영문법전치사and문장구조,IH-ENG-4758,심층개념 영문법 전치사 AND 문장구조
9791130314709,keygram중급영문법,IH-ENG-4759,Key Gram: 중급영문법
9791188762422,30일완성중1핵심영문법,IH-ENG-4760,30일 완성 중1 핵심 영문법
9791197410178,grammarclueintensive,IH-ENG-4761,Grammar CLUE Intensive
9791168220485,나혼자만알고싶은영어책매운맛vol2매운맛,IH-ENG-4762,나 혼자만 알고 싶은 영어책 매운맛 Vol 2: 매운맛
9791168220478,나혼자만알고싶은영어책매운맛vol1매운맛,IH-ENG-4763,나 혼자만 알고 싶은 영어책 매운맛 Vol 1: 매운맛
9791137276826,심층개념영문법,IH-ENG-4764,심층개념 영문법
9791165344795,바나나쌤의1달완성영문법2,IH-ENG-4765,바나나쌤의 1달 완성 영문법 2
9791165344788,바나나쌤의1달완성영문법1,IH-ENG-4766,바나나쌤의 1달 완성 영문법 1
9791159018886,뉴에센스영문법,IH-ENG-4770,뉴 에센스 영문법
9791157687756,어션영어의진짜기초영어완결편,IH-ENG-4771,어션영어의 진짜 기초영어: 완결편
9791187634232,멘토링영문법,IH-ENG-4772,멘토링 영문법
9791137273269,기초영문법1200제,IH-ENG-4773,기초영문법 1200제
9791197681042,혼공기초영문법level2,IH-ENG-4774,혼공 기초 영문법 Level 2
9791197681059,혼공기초영문법level3,IH-ENG-4775,혼공 기초영문법 Level.3
9791197681035,혼공기초영문법level1,IH-ENG-4776,혼공 기초 영문법 Level 1
9788920041136,영문법의기초,IH-ENG-4778,영문법의기초
9791167045157,2023진가영단기합격영문법,IH-ENG-4779,2023 진가영 단기합격 영문법
9791196261788,영문법확인글의논리완성정통영작문,IH-ENG-4780,영문법 확인 글의 논리 완성: 정통 영작문
9791139202182,heaven영문법,IH-ENG-4782,Heaven 영문법
9791188228485,longmangrammarhouse초등영문법2,IH-ENG-4783,Longman GRAMMAR HOUSE 초등영문법 2
9791188228522,longmangrammarhouse초등영문법4,IH-ENG-4784,Longman GRAMMAR HOUSE 초등영문법 4
9791188228560,longmangrammarhouse초등영문법6,IH-ENG-4785,Longman GRAMMAR HOUSE 초등영문법 6
9791188228461,longmangrammarhouse초등영문법1,IH-ENG-4786,Longman GRAMMAR HOUSE 초등영문법 1
9791188228508,longmangrammarhouse초등영문법3,IH-ENG-4787,Longman GRAMMAR HOUSE 초등영문법 3
9791189204945,만만하게시작하는왕초보영문법패턴회화편,IH-ENG-4789,만만하게 시작하는 왕초보 영문법 패턴: 회화편
9791189204952,만만하게시작하는왕초보영문법레슨독해편,IH-ENG-4790,만만하게 시작하는 왕초보 영문법 레슨: 독해편
9791197020421,다담은영문법,IH-ENG-4792,다담은 영문법
9788963919386,쓰면서강해지는초등영문법3,IH-ENG-4793,쓰면서 강해지는 초등 영문법 3
9788963919393,쓰면서강해지는초등영문법4,IH-ENG-4794,쓰면서 강해지는 초등 영문법 4
9788963919379,쓰면서강해지는초등영문법2,IH-ENG-4795,쓰면서 강해지는 초등 영문법 2
9788963919362,쓰면서강해지는초등영문법1,IH-ENG-4796,쓰면서 강해지는 초등 영문법 1
9788992008938,손안에쏙고등영문법,IH-ENG-4797,손 안에 쏙 고등 영문법
9788971729458,nice기초영문법완전정복,IH-ENG-4798,Nice 기초 영문법 완전정복
9791189045487,쌩기초영문법,IH-ENG-4799,쌩기초 영문법
9791191042474,중등교과서별영문법중1통합본,IH-ENG-4800,중등 교과서별 영문법 중1 통합본(상)
9791197480706,다중구조영문법,IH-ENG-4808,다중 구조 영문법
9791162215845,소방그래머바이블grammarbible,IH-ENG-4810,소방 그래머 바이블 Grammar Bible(공무원 편)
9791165529383,다들아는척하지만사실은모르고있는영문법이야기,IH-ENG-4811,다들 아는 척하지만 사실은 모르고 있는 영문법 이야기
9788962818741,영문법문장훈련,IH-ENG-4812,영문법 문장훈련
9788971729380,중학필수영문법plus,IH-ENG-4813,중학 필수 영문법 Plus
9788972187240,영문법숨겨진일반성을찾아서,IH-ENG-4814,"영문법, 숨겨진 일반성을 찾아서"
9791157687107,초등영문법이것만하면된다2,IH-ENG-4815,초등 영문법 이것만 하면 된다 2
9791157687084,초등영문법이것만하면된다1,IH-ENG-4816,초등 영문법 이것만 하면 된다 1
9791191244151,초등영문법진짜진짜쓰기문법점프2,IH-ENG-4817,초등 영문법 진짜진짜 쓰기 문법 점프 2
9791191244144,초등영문법진짜진짜쓰기문법점프1,IH-ENG-4818,초등 영문법 진짜진짜 쓰기 문법 점프 1
9791185719290,마지막기초영문법,IH-ENG-4819,마지막 기초영문법
9791191244113,초등영문법진짜진짜쓰기문법basic2,IH-ENG-4828,초등 영문법 진짜 진짜 쓰기 문법 Basic 2
9791191244106,초등영문법진짜진짜쓰기문법basic1,IH-ENG-4829,초등 영문법 진짜 진짜 쓰기 문법 Basic 1
9788961095204,2시간영문법,IH-ENG-4830,2시간 영문법
9791191293128,톡톡영문법4,IH-ENG-4831,톡톡영문법 4
9791191293111,톡톡영문법3,IH-ENG-4832,톡톡영문법 3
9791191293104,톡톡영문법2,IH-ENG-4833,톡톡영문법 2
9791191293098,톡톡영문법1,IH-ENG-4834,톡톡영문법 1
9788931581676,기초영문법7일만에끝내기,IH-ENG-4835,기초 영문법 7일 만에 끝내기(워크북)
9791197103353,영어그림책으로배우는저절로영문법품사편,IH-ENG-4836,영어 그림책으로 배우는 저절로 영문법: 품사편
9791165672546,벼락치기영문법,IH-ENG-4837,벼락치기 영문법
9788988675854,닥공miracle영문법기본편,IH-ENG-4838,닥공 Miracle 영문법 기본편(2021)
9788988675861,닥공miracle영문법실전편,IH-ENG-4839,닥공 Miracle 영문법 실전편(2021)
9788925589022,딱50일압축영문법,IH-ENG-4840,딱 50일 압축 영문법
9788957268520,영어성경영문법요한복음,IH-ENG-4841,영어성경영문법: 요한복음
9791186608081,주니어고릴라영문법level1,IH-ENG-4842,주니어 고릴라 영문법 Level 1
9791197312304,한장으로보는영문법지도,IH-ENG-4843,한장으로 보는 영문법 지도(2024)
9791165395483,내마음의영문법5형식뛰어넘기,IH-ENG-4846,"내 마음의 영문법, 5형식 뛰어넘기"
9788980997343,이해와터득다른영문법,IH-ENG-4847,이해와 터득 다른 영문법
9791190347068,영문법기초시제누적복습,IH-ENG-4849,영문법 기초시제 누적복습
9788962818642,대한민국영문법0교시,IH-ENG-4850,대한민국 영문법 0교시
9788980997336,기본영문법,IH-ENG-4851,기본영문법
9791190739276,실력쑥쑥중학영문법3900제level3,IH-ENG-4852,실력쑥쑥 중학 영문법 3900제 Level 3
9791190739269,자신만만중학영문법3900제level2,IH-ENG-4853,자신만만 중학영문법 3900제 Level 2
9791164407255,최소영문법,IH-ENG-4854,최소영문법
9791164407231,체계영문법,IH-ENG-4856,체계 영문법(Systematic English Grammar)
9791137202191,색으로이해하는가장쉬운영문법,IH-ENG-4857,색으로 이해하는 가장 쉬운 영문법 (컬러판)
9791190347051,영문법기초품사누적복습,IH-ENG-4859,영문법 기초품사 누적복습
9791196394745,네이티브도헷갈리는영어습관,IH-ENG-4861,네이티브도 헷갈리는 영어 습관
9791166490088,자신있는표현을위한영문법,IH-ENG-4862,자신있는 표현을 위한 영문법
9788917236842,그래머킹1,IH-ENG-4864,그래머킹 1
9788917236859,그래머킹2,IH-ENG-4865,그래머킹 2
9791188994939,팬덤영문법,IH-ENG-4866,팬덤 영문법(입문편)
9788961849609,탄탄기초영문법,IH-ENG-4876,탄탄 기초 영문법
9791188561063,대학고급영문법,IH-ENG-4877,대학 고급 영문법
9791190283991,기초영문법핵심정리,IH-ENG-4878,기초 영문법 핵심정리
9791165523459,살아숨쉬는영문법,IH-ENG-4879,살아 숨 쉬는 영문법
9788955189841,다시시작하는영어그래머,IH-ENG-4880,다시 시작하는 영어 그래머
9791197110306,대치동영문법강의,IH-ENG-4882,대치동 영문법 강의(하)
9791137210905,새영문법4권,IH-ENG-4883,새영문법 4권
9791137210899,새영문법3권,IH-ENG-4884,새영문법 3권
9791137210882,새영문법2권,IH-ENG-4885,새영문법 2권
9791137210875,새영문법1권,IH-ENG-4886,새영문법 1권
9788930211437,고딸영문법왕필수편2,IH-ENG-4887,고딸 영문법 왕필수 편 2
9791137207851,한권으로영문법영어회화끝내기,IH-ENG-4888,한 권으로 영문법 영어회화 끝내기
9791196597597,톡톡톡말하기영문법,IH-ENG-4890,톡톡톡 말하기 영문법
9788962818444,신기하게영어뇌가만들어지는영문법,IH-ENG-4891,신기하게 영어 뇌가 만들어지는 영문법
9791165521585,원리영문법,IH-ENG-4892,원리 영문법
9791197039409,완벽독해로가는완벽영문법구문,IH-ENG-4893,완벽 독해로 가는 완벽 영문법 구문
9788968178771,새로운영문법해설4,IH-ENG-4895,새로운 영문법 해설 4
9788968178764,새로운영문법해설3,IH-ENG-4896,새로운 영문법 해설 3
9788968178757,새로운영문법해설2,IH-ENG-4897,새로운 영문법 해설 2
9788968178740,새로운영문법해설1,IH-ENG-4898,새로운 영문법 해설 1
9791197020407,영문법의마지막정리,IH-ENG-4899,영문법의 마지막 정리
9791137200319,괜찮은영문법,IH-ENG-4901,괜찮은 영문법
9788992652414,thebetter문제만있는문법책level3,IH-ENG-4902,The Better 문제만 있는 문법책 Level 3
9791196037598,원활한의사소통을위한구어영문법,IH-ENG-4903,원활한 의사소통을 위한 구어 영문법
9791188426171,서술형잡는중학영문법중3level4동사편,IH-ENG-4905,서술형 잡는 중학 영문법 중3 Level 4: 동사편
9791188426188,서술형잡는중학영문법중3level5품사편,IH-ENG-4906,서술형 잡는 중학 영문법 중3 Level 5: 품사편
9791186608845,주니어고릴라영문법level3,IH-ENG-4908,주니어 고릴라 영문법 Level 3
9791186608791,주니어고릴라영문법level2,IH-ENG-4912,주니어 고릴라 영문법 Level 2
9791190347013,쓸수있을때까지,IH-ENG-4913,쓸 수 있을 때까지(영문법은 통문장)
9791196922603,영문법길잡이,IH-ENG-4915,영문법 길잡이
9791164401048,영문법도훈련이다,IH-ENG-4917,영문법도 훈련이다
9788992652407,thebetter문제만있는문법책level2,IH-ENG-4918,The Better 문제만 있는 문법책 Level 2
9791190179140,나혼자만알고싶은영어책순한맛,IH-ENG-4920,나 혼자만 알고 싶은 영어책: 순한 맛
9791188005604,미치도록친절한고등영문법,IH-ENG-4921,미치도록 친절한 고등영문법
9788980997022,바로바로쏙쏙중학내신영문법level33900제,IH-ENG-4922,바로바로 쏙쏙 중학 내신 영문법 Level 3 3900제
9791190205191,교사를위한영문법,IH-ENG-4924,교사를 위한 영문법
9791160491449,김태은영문법핵심총정리,IH-ENG-4928,김태은 영문법 핵심 총정리(2020)
9788983963529,대학생을위한기본영문법,IH-ENG-4930,대학생을 위한 기본영문법
9791130307947,영문법특강,IH-ENG-4934,영문법 특강
9791189122157,손진숙영문법기적의40point,IH-ENG-4935,손진숙 영문법 기적의 40 Point(2020)
9791163480921,문법만렙을위한실전영문법,IH-ENG-4937,문법 만렙을 위한 실전 영문법
9791189673413,한국인은왜영어로말하기가안될까,IH-ENG-4938,한국인은 왜 영어로 말하기가 안 될까
9791161700625,윤재남의첫걸음영문법,IH-ENG-4939,윤재남의 첫걸음 영문법(2020)
9791163030959,바쁜34학년을위한빠른영문법초등영문법2,IH-ENG-4940,바쁜 3·4학년을 위한 빠른 영문법: 초등 영문법 2
9791163030973,바쁜34학년을위한빠른초등영문법세트,IH-ENG-4941,바쁜 3 4학년을 위한 빠른 초등 영문법 세트
9791163030942,바쁜34학년을위한빠른영문법초등영문법1,IH-ENG-4942,바쁜 3 4학년을 위한 빠른 영문법: 초등 영문법 1
9791163030966,바쁜56학년을위한빠른영문법세트,IH-ENG-4943,"바쁜 5, 6학년을 위한 빠른 영문법 세트"
9791127277963,공무원공인영어시험영문법,IH-ENG-4944,공무원 공인영어 시험 영문법
9788980996834,바로바로쏙쏙중학내신영문법level23600제,IH-ENG-4945,바로바로 쏙쏙 중학 내신 영문법 level 2 3600제
9791187664055,바로통원리폭발영문법중심단어1,IH-ENG-4946,바로통 원리폭발 영문법 중심단어 1
9788983963420,영문법독립,IH-ENG-4947,영문법독립
9791189788193,대한민국공무원비법한공비영문법워크북세트,IH-ENG-4950,대한민국 공무원비법 한공비: 영문법+워크북 세트
9788980996810,중학내신영문법level13200제,IH-ENG-4953,중학 내신 영문법 level 1 3200제
9791156351146,말하기영문법grammarforspeaking,IH-ENG-4954,말하기 영문법: Grammar for Speaking
9791195452484,영문법다시읽기명사,IH-ENG-4955,영문법 다시 읽기: 명사
9791196484910,웃어라영문법심화편,IH-ENG-4956,웃어라 영문법: 심화편
9788983963376,영문법독립동사명사,IH-ENG-4984,영문법 독립: 동사 명사
9791162730324,그램그램영문법원정대27,IH-ENG-4985,그램그램 영문법 원정대 27
9791127263072,영어회화가되는최소한의영문법,IH-ENG-4986,영어회화가 되는 최소한의 영문법
9788968177361,학교영문법,IH-ENG-4987,학교 영문법
9788976419859,대학기초영문법,IH-ENG-4988,대학 기초 영문법
9791127261252,큰그림영문법,IH-ENG-4989,큰그림 영문법
9788955185850,김대균영문법문제집,IH-ENG-4991,김대균 영문법 문제집
9791186608579,이야기영문법끝판왕편,IH-ENG-4992,이야기 영문법: 끝판왕편
9791196347123,스탠다드영문법,IH-ENG-4994,스탠다드 영문법
9791163341673,중학영어중2교과서영문법,IH-ENG-4996,중학 영어 중2 교과서 영문법(금성 최인철)(2019)
9791163341765,grammar중학영어중3교과서영문법,IH-ENG-4998,Grammar 중학 영어 중3 교과서 영문법(천재 정사열)(2019)
9791163341772,중학영어중3교과서영문법,IH-ENG-4999,중학 영어 중3 교과서 영문법(동아 김성곤)(2019)
9791187803584,대치동중학영문법3600제3,IH-ENG-5002,대치동 중학영문법 3600제 3
9791162228913,반도의흔한영문법기초편,IH-ENG-5003,반도의 흔한 영문법: 기초편
9788966376285,교양인의영문법,IH-ENG-5004,교양인의 영문법
9791187803577,대치동중학영문법3600제2,IH-ENG-5005,대치동 중학영문법 3600제 2
9791188005383,중학영문법총정리한권으로끝내기,IH-ENG-5006,중학영문법 총정리 한권으로 끝내기
9791187803560,대치동중학영문법3600제1,IH-ENG-5007,대치동 중학영문법 3600제 1
9788966535545,기초탄탄grammar3,IH-ENG-5009,기초탄탄 Grammar 3
9791196156848,yola쉬운영문법,IH-ENG-5010,Yola 쉬운 영문법
9791196484903,딱2주웃어라영문법,IH-ENG-5011,딱! 2주 웃어라 영문법
9791127250645,영어시험에나오니꼭알아야할시험영문법,IH-ENG-5012,영어 시험에 나오니 꼭 알아야 할 시험 영문법
9791196486020,중1에게꼭필요한문법책3,IH-ENG-5017,중1에게 꼭 필요한 문법책 3(품사편)
9791196486013,중1에게꼭필요한문법책2,IH-ENG-5018,중1에게 꼭 필요한 문법책 2(동사편)
9791196486006,중1에게꼭필요한문법책1문장의기본구성편,IH-ENG-5019,중1에게 꼭 필요한 문법책 1: 문장의 기본 구성 편
9791169666442,2027공단기정재현공무원영어독해,IH-ENG-5020,2027 공단기 정재현 공무원 영어 독해
9791199457058,수능빌드업변형문제집영어독해,IH-ENG-5021,수능 빌드업 변형문제집 영어독해
9791199457010,올림포스변형문제집영어독해기본1,IH-ENG-5022,올림포스 변형문제집 영어 독해 기본 1
9791199457027,올림포스변형문제집영어독해기본2,IH-ENG-5023,올림포스 변형문제집 영어 독해 기본 2
9791199457034,올림포스변형문제집영어독해기본12,IH-ENG-5024,올림포스 변형문제집 영어 독해 기본 1+2
9791199457041,올림포스변형문제집영어독해9대변별유형,IH-ENG-5025,올림포스 변형문제집 영어독해 9대 변별 유형
9791136042606,2027에듀윌9급공무원기본서영어독해,IH-ENG-5026,2027 에듀윌 9급공무원 기본서 영어 독해(생활영어·어휘 포함)
9791194320357,성정혜영어독해gs전략,IH-ENG-5027,성정혜 영어 독해 GS 전략
9791199795129,수능특강영어독해연습변형문제,IH-ENG-5028,수능특강 영어독해연습 변형문제(2026)
9791176021197,e변은없다수능특강변형문제영어독해연습,IH-ENG-5029,E변은 없다 수능특강 변형문제 영어독해연습(2026)(2027수능대비)
9791175851993,e기적내신대비수능특강light영어독해연습,IH-ENG-5030,E기적 내신 대비 수능특강 light 영어독해연습(2026)
9791199861909,수능기마병고등영어독해,IH-ENG-5031,수능 기마병 고등 영어독해(대의파악)(2026)(2027 수능대비)
9791124015360,올바른책변형문제수능특강영어영역영어독해연습,IH-ENG-5032,올바른책 변형문제 수능특강 영어영역 영어독해연습 (하) (2026년)
9791124015193,올바른책분석노트수능특강영어영역영어독해연습,IH-ENG-5033,올바른책 분석노트 수능특강 영어영역 영어독해연습 (2026년)
9791175852884,e기적수능특강변형문제영어영역영어독해연습,IH-ENG-5034,E기적 수능특강 변형문제 영어영역 영어독해연습(2026)(2027 수능대비)
9791124010051,e기적올림포스고등영어독해기본1,IH-ENG-5035,E기적 올림포스 고등 영어독해 기본1(2026)
9791124010037,e기적올림포스고등영어독해기본12통합본,IH-ENG-5036,E기적 올림포스 고등 영어독해 기본1+2 통합본(2026)
9791124010075,e기적올림포스고등영어독해기본2,IH-ENG-5037,E기적 올림포스 고등 영어독해 기본2(2026)
9791124010112,e기적올림포스고등영어독해9대변별유형,IH-ENG-5038,E기적 올림포스 고등 영어독해 9대 변별유형(2026)
9791124015230,올바른책변형문제수능특강영어독해연습,IH-ENG-5039,올바른책 변형문제: 수능특강 영어독해연습(상)(2026)(2027 수능대비)
9791194104476,올바른책올림포스변형문제고등영어독해의기본1,IH-ENG-5040,올바른책 올림포스 변형문제 고등 영어독해의 기본 1(2026)
9791194104469,올바른책올림포스변형문제고등영어독해의기본2,IH-ENG-5041,올바른책 올림포스 변형문제 고등 영어독해의 기본 2(2026)
9791176230452,logicalmindcontext영어독해입문서,IH-ENG-5042,Logical Mind Context : 영어독해 입문서
9788968212406,할손수능영어독해실력,IH-ENG-5043,할손 수능영어 독해 실력
9791124015131,올바른책분석노트수능특강light영어독해연습,IH-ENG-5044,올바른책 분석노트: 수능특강 light 영어독해연습(2026)
9791189098315,e모든변형문제수능특강영어독해연습,IH-ENG-5045,E 모든 변형문제 수능특강 영어독해연습(2026)(2027 수능대비)
9791124152089,연계소문수능특강영어독해연습서술형변형문제,IH-ENG-5046,연계소문 수능특강 영어독해연습 서술형 변형문제(2026)(2027 수능대비)
9791124015063,올바른책올림포스전국연합평가기출문제집분석노트영어독해고1,IH-ENG-5047,올바른책 올림포스 전국연합평가 기출문제집 분석노트 영어독해 고1(2026)
9791124015070,올바른책올림포스전국연합평가기출문제집분석노트영어독해고2,IH-ENG-5048,올바른책 올림포스 전국연합평가 기출문제집 분석노트 영어독해 고2(2026)
9791197556326,영어독해오아시스,IH-ENG-5049,영어독해 오아시스
9791175871038,하루6개1등급영어독해지문분석고2,IH-ENG-5050,하루 6개 1등급 영어독해 지문분석 고2 (상)
9791192563312,올림포스영어독해기본2싸인분석서변형문제서술형,IH-ENG-5051,올림포스 영어독해 기본2 싸인 분석서 변형문제 서술형(2026)
9791174681133,indepth영어독해개념서,IH-ENG-5052,InDePTh 영어 독해 개념서(2026)(2027 수능대비)
9791175870499,하루6개1등급영어독해지문분석고1상,IH-ENG-5053,하루 6개 1등급 영어독해 [지문분석] 고1 상 (스프링) (2026년)
9791175870505,하루6개1등급영어독해지문분석고1하,IH-ENG-5054,하루 6개 1등급 영어독해 [지문분석] 고1 하 (스프링) (2026년)
9791192563305,올림포스영어독해기본1싸인분석서변형문제서술형,IH-ENG-5055,올림포스 영어독해 기본1 싸인 분석서·변형문제 서술형(2026)
9791175851047,올림포스영어독해기본12변형문제특강통합본신개정판,IH-ENG-5057,올림포스 영어 독해 기본1+2 변형문제 특강 통합본 신개정판(2026)
9788968984051,리얼오리지널전국연합학력평가기출문제집1612회고2영어독해,IH-ENG-5058,리얼 오리지널 전국연합 학력평가 기출 문제집 16+12회 고2 영어 독해 (2026년)
9788968984044,리얼오리지널전국연합학력평가기출문제집1612회고1영어독해,IH-ENG-5059,리얼 오리지널 전국연합 학력평가 기출 문제집 16+12회 고1 영어 독해 (2026년)
9791175193611,2026박문각공무원김세현영어전혀다른개념독해,IH-ENG-5060,2026 박문각 공무원 김세현 영어 전혀 다른 개념 독해
9791175192164,2026박문각공무원진가영영어독해끝판왕500제후반부독판왕,IH-ENG-5061,2026 박문각 공무원 진가영 영어 독해 끝판왕 500제 후반부[독판왕]
9791175192157,2026박문각공무원진가영영어독해끝판왕500제전반부,IH-ENG-5062,2026 박문각 공무원 진가영 영어 독해 끝판왕 500제 전반부(독판왕)
9791167436672,이얼신유형영어독해역습,IH-ENG-5063,이얼 신유형 영어 독해역습
9791194132301,수능특강light라이트영어독해연습변형문제특강,IH-ENG-5064,수능특강 light 라이트 영어독해연습 변형문제특강(2025)(2026수능대비)
9791124010068,올림포스영어독해의기본2변형문제특강,IH-ENG-5065,올림포스 영어 독해의 기본2 변형문제 특강(2025)(2026수능대비)
9791124010105,올림포스영어독해9대변별유형변형문제특강,IH-ENG-5066,올림포스 영어독해 9대 변별유형 변형문제 특강(2025)(2026수능대비)
9791136038494,2026에듀윌9급공무원유형별문제집영어독해생활영어,IH-ENG-5067,2026 에듀윌 9급 공무원 유형별 문제집 영어 독해 생활영어
9791173490729,김영편입영어독해기출2단계,IH-ENG-5068,김영편입 영어 독해 기출 2단계
9791173490699,김영편입영어독해워크북1단계,IH-ENG-5069,김영편입 영어 독해 워크북 1단계
9791187152422,5초영어독해,IH-ENG-5070,5초 영어독해
9791173490675,김영편입영어독해기출1단계,IH-ENG-5071,김영편입 영어 독해 기출 1단계
9791169664431,김수환신경향영어독해signature,IH-ENG-5072,김수환 신경향 영어독해 Signature
9791166082733,유형씨뮬수능기출문제집고3영어독해,IH-ENG-5074,유형+ 씨뮬 수능 기출문제집 고3 영어 독해
9791166082719,유형씨뮬전국연합학력평가기출문제집고2영어독해,IH-ENG-5075,유형+ 씨뮬 전국연합학력평가 기출문제집 고2 영어 독해
9791166082696,유형씨뮬전국연합학력평가기출문제집고1영어독해,IH-ENG-5076,유형+ 씨뮬 전국연합학력평가 기출문제집 고1 영어 독해
9788924156829,pod영어독해솔루션,IH-ENG-5077,[POD] 영어독해솔루션
9788968212314,2025the친절한수능영어독해,IH-ENG-5078,2025 The 친절한 수능영어 독해
9791193357521,수능영어1등급공부법,IH-ENG-5079,수능영어 1등급 공부법
9791160184044,이동기영어친절한꿀독해공시영어독해스타트,IH-ENG-5080,이동기 영어 친절한 꿀독해: 공시 영어 독해 스타트
9791194104261,올바른책분석노트올림포스영어독해의기본2,IH-ENG-5085,올바른책 분석노트: 올림포스 영어독해의 기본2(2025)
9791194104254,올바른책분석노트올림포스영어독해의기본1,IH-ENG-5086,올바른책 분석노트: 올림포스 영어독해의 기본1(2025)
9791198347053,2025사다리수능사관학교경찰대학1등급대비사다리영어독해고난도200제,IH-ENG-5087,2025 사다리 수능/사관학교/경찰대학 1등급 대비 사다리 영어독해 고난도 200제
9791167931627,2025손진숙영어독해260제,IH-ENG-5092,2025 손진숙 영어 독해 260제
9791187158707,고등영어독해비급,IH-ENG-5093,고등영어 독해비급
9791198439192,리딩이노베이터기본편,IH-ENG-5095,리딩 이노베이터: 기본편
9791141087173,수적천석,IH-ENG-5098,수적천석 (고등 영어 독해문법 멘토링 전용 교재)
9788968983528,리얼오리지널20일완성영어독해빈칸순서삽입기본,IH-ENG-5099,리얼 오리지널 20일 완성 영어 독해 빈칸·순서·삽입 기본(2024)
9788968983535,리얼오리지널20일완성영어독해빈칸순서삽입완성,IH-ENG-5100,리얼 오리지널 20일 완성 영어 독해 빈칸·순서·삽입 완성(2024)
9788968983542,리얼오리지널20일완성영어독해빈칸순서삽입실전,IH-ENG-5101,리얼 오리지널 20일 완성 영어 독해 빈칸·순서·삽입 실전(2024)
9791198758705,똑똑한초등영어독해점프1,IH-ENG-5102,똑똑한 초등 영어독해 점프 1
9791198758712,똑똑한초등영어독해점프2,IH-ENG-5103,똑똑한 초등 영어독해 점프 2
9791193778012,영어독해연습5,IH-ENG-5104,영어 독해 연습 5
9791191926637,영어독해연습3,IH-ENG-5105,영어 독해 연습 3
9791191926606,영어독해연습2,IH-ENG-5106,영어 독해 연습 2
9791193778005,영어독해연습4,IH-ENG-5107,영어 독해 연습 4
9791191926576,영어독해연습1,IH-ENG-5108,영어 독해 연습 1
9791197920325,똑똑한초등영어독해업그레이드,IH-ENG-5113,똑똑한 초등 영어독해 업그레이드
9791197920370,똑똑한초등영어독해스타터2,IH-ENG-5114,똑똑한 초등 영어독해 스타터 2
9788965126294,김영편입영어독해워크북2단계,IH-ENG-5119,김영편입 영어 독해 워크북 2단계
9791192895000,5분구이영어독해의비법step5직독직해실전,IH-ENG-5120,5분구이 영어독해의비법 Step5 직독직해실전(2)
9791192108322,5분구이영어독해의비법step4직독직해실전,IH-ENG-5122,5분구이 영어독해의비법 Step 4: 직독직해실전(1)
9791155433430,2024정수현영어독해이론,IH-ENG-5123,2024 정수현 영어 독해이론
9791169660556,2024이동기영어독해12공식,IH-ENG-5125,2024 이동기 영어 독해 12공식
9788963919980,밥영밥먹듯이매일매일영어독해,IH-ENG-5126,밥영 밥 먹듯이 매일매일 영어독해(2023)
9791169640138,수능킹ebs수능변형특강영어영역영어독해,IH-ENG-5131,수능킹 EBS 수능변형특강 영어영역 영어독해(2023)(2024 수능대비)
9791192414126,대치동리딩플렉스level3,IH-ENG-5145,대치동 리딩 플렉스 Level 3
9791192414102,대치동리딩플렉스level1,IH-ENG-5146,대치동 리딩 플렉스 Level 1
9791187158394,중학영어독해비급,IH-ENG-5147,중학영어 독해비급
9791192414119,대치동리딩플렉스level2,IH-ENG-5148,대치동 리딩 플렉스 Level 2
9791192725055,올바른책수능특강light영어독해연습변형문제,IH-ENG-5149,올바른책 수능특강 Light 영어독해연습 변형문제(2022)
9791197920318,똑똑한초등영어독해starter1,IH-ENG-5150,똑똑한 초등영어독해 Starter 1
9791165544638,김수환공시영어독해500제,IH-ENG-5153,김수환 공시 영어독해 500제
9791167047847,2023박문각공무원진가영단기합격영어독해,IH-ENG-5154,2023 박문각 공무원 진가영 단기합격 영어독해
9788963919546,수능기출영어독해1등급빈칸추론,IH-ENG-5159,수능기출 영어독해 1등급 빈칸추론(2022)
9791165753962,100발100중ebs수능특강평가문제집영어독해연습,IH-ENG-5160,100발100중 EBS 수능특강 평가문제집 영어독해연습(하)(2022)
9788959686858,ebs올림포스전국연합학력평가기출문제집사용설명서영어독해고1,IH-ENG-5161,EBS 올림포스 전국연합학력평가 기출문제집 사용설명서 영어독해 고1(2022)
9788963366784,장대영어독해의재구성104,IH-ENG-5164,장대영어 독해의 재구성 104
9788952639172,권쌤영어독해원리독해의시작과끝,IH-ENG-5165,권쌤영어 독해원리: 독해의 시작과 끝
9791167730268,2022손재석영어독해노트,IH-ENG-5166,2022 손재석 영어 독해 노트
9791197658204,티오피클래스topclass전국연합학력평가기출문제집고등영어독해실력,IH-ENG-5170,티오피 클래스 T.O.P CLASS 전국연합 학력평가 기출문제집 고등 영어 독해 실력(2022)
9791197620591,티오피클래스topclass전국연합학력평가기출문제집고등영어독해기본,IH-ENG-5171,티오피 클래스 T.O.P CLASS 전국연합 학력평가 기출문제집 고등 영어 독해 기본(2022)
9791186608098,수능x내신고등영어독해기본지식편,IH-ENG-5175,수능X내신 고등 영어 독해: 기본 지식편
9791167041340,문덕영어독해,IH-ENG-5183,문덕 영어 독해
9791190911887,참쉬운이솔소방영어독해,IH-ENG-5184,참 쉬운 이솔 소방영어 독해
9791196347185,고백서고급영어백서basic,IH-ENG-5188,고백서: 고급영어백서 Basic(기초편)
9791127225032,응답하라영어독해컬러본,IH-ENG-5195,응답하라 영어독해[컬러본]
9791190437264,캐칭영어독해편,IH-ENG-5198,캐칭영어 독해 편
9791165762230,영어독해mri,IH-ENG-5199,영어 독해 M.R.I.(9급 공무원)(2021)
9791196351465,영어첫문장의비밀,IH-ENG-5201,"영어, 첫-문장의 비밀"
9791187245988,리딩스킬,IH-ENG-5203,리딩 스킬(Reading Skills)
9791188935291,중학영어공부혼자하기100일2,IH-ENG-5207,중학 영어 공부 혼자하기 100일 2
9791188935284,중학영어공부혼자하기100일1,IH-ENG-5208,중학 영어 공부 혼자하기 100일 1
9791189423131,기적의100문장영어독해,IH-ENG-5211,기적의 100문장 영어독해
9791189120177,단기특강고등영어영어독해분석노트,IH-ENG-5214,단기 특강 고등 영어 영어독해 분석노트(유형편)(2020)
9788924065954,신학영어독해,IH-ENG-5216,신학영어독해
9791196731984,김태형영어독해편,IH-ENG-5219,김태형 영어 독해편(2020)
9791190346023,송아영소방영어독해,IH-ENG-5221,송아영 소방영어 독해(2020)
9791159627620,제니스영어독해reading,IH-ENG-5224,제니스 영어독해 Reading(2020)
9791185351162,꿈이당영어독해예상문제고난도240제,IH-ENG-5232,꿈이당 영어독해 예상문제 고난도 240제
9788980996711,프랙티컬영어독해,IH-ENG-5236,프랙티컬 영어독해
9791187803287,대치동1등급영어독해,IH-ENG-5237,대치동 1등급 영어독해
9791161700205,readingj공무원영어독해기본편,IH-ENG-5239,Reading J 공무원 영어독해 기본편(2018)
9788986744828,케임브리지공무원영어독해,IH-ENG-5242,케임브리지 공무원 영어 독해
9788980996582,영어독해개념이해,IH-ENG-5243,영어독해 개념이해
9791187158059,top10연설문,IH-ENG-5244,TOP10 연설문
9791187168522,왕초보영어독해,IH-ENG-5252,왕초보 영어독해
9788998811105,애로우잉글리시공무원영어독해의기술,IH-ENG-5256,애로우 잉글리시 공무원 영어 독해의 기술(2016)
9791187446071,고교영어독해기술하나하나알기쉽게,IH-ENG-5257,고교 영어 독해기술 하나하나 알기 쉽게
9788963917290,yes영어독해2,IH-ENG-5261,Yes! 영어 독해 2
9788963917283,yes영어독해1,IH-ENG-5262,Yes! 영어 독해 1
9788963917306,yes영어독해3,IH-ENG-5263,Yes! 영어 독해 3
9791157302819,현대무역실무영어독해와작성,IH-ENG-5268,현대 무역실무영어 독해와 작성
9788960984356,5배빠른영어독해법,IH-ENG-5269,5배 빠른 영어 독해법
9791155284902,영어독해의답답함이희열로바뀐다,IH-ENG-5271,영어독해의 답답함이 희열로 바뀐다
9791170060734,영어독해8주마스터,IH-ENG-5275,영어 독해 8주 마스터
9791185650821,영어독해파워2,IH-ENG-5278,영어 독해 파워 2
9791185650814,영어독해파워1,IH-ENG-5279,영어 독해 파워 1
9788963915593,yes영어독해종합,IH-ENG-5287,Yes 영어독해 종합(2014)
9788968171680,영어독해의전략과실제,IH-ENG-5289,영어 독해의 전략과 실제
9788991940864,ibs교육방송고등영어독해편,IH-ENG-5292,IBS 교육방송 고등 영어 독해 편
9788959472277,영어독해,IH-ENG-5294,영어독해
9788985772761,영상영어독해와번역,IH-ENG-5295,영상영어 독해와 번역
9788955655476,영어독해를통한글로벌비즈니스이해,IH-ENG-5303,영어독해를 통한 글로벌비즈니스 이해
9788996790679,timebilingualreading영어독해안젤리나,IH-ENG-5304,Time Bilingual Reading 영어독해 안젤리나
9788996790648,영어독해워런버핏,IH-ENG-5306,영어독해 워런버핏
9788997091263,고급실용시사영어독해,IH-ENG-5314,고급실용 시사영어 독해
9788962923179,영어독해력교육의이론과실제,IH-ENG-5316,영어 독해력 교육의 이론과 실제
9788962893465,영어독해를위한영어특수구문,IH-ENG-5317,영어독해를 위한 영어특수구문
9788961835862,항공관광영어독해,IH-ENG-5324,항공관광영어독해
9788957268544,영어독해의원리와실제,IH-ENG-5326,영어 독해의 원리와 실제
9788996469292,영어독해연습,IH-ENG-5327,영어 독해 연습
9788909148870,영어독해자습서,IH-ENG-5330,영어독해 자습서(고등학교)(2010)
9788996490395,영어독해문제풀이집,IH-ENG-5333,영어독해 문제풀이집
9788957286418,레디고영어독해,IH-ENG-5334,레디고 영어독해
9788933253465,영어독해매니아step3,IH-ENG-5335,영어독해매니아 STEP. 3 (심화편)
9788991502710,초급영어독해와말하기,IH-ENG-5336,초급 영어 독해와 말하기
9788991945111,하루30분텔미영어독해,IH-ENG-5341,「하루 30분」텔미~ 영어독해
9788992521154,englishclinic,IH-ENG-5342,(중급 영어독해력 향상을 위한) English clinic
9788992478052,스파르타영어독해,IH-ENG-5343,스파르타 영어독해
9788981520908,영어독해너는끊어서생각하니나는한번에이해한다,IH-ENG-5344,영어독해! 너는 끊어서 생각하니 나는 한번에 이해한다
8960486930,기적의영어독해,IH-ENG-5345,(8주 완성!) 기적의 영어독해 (794)
8995729023,영어독해30일강좌,IH-ENG-5346,(고급문장과 함께하는) 영어독해 30일 강좌
9788968984167,리얼오리지널수능기출문제집고3영어듣기,IH-ENG-5347,리얼 오리지널 수능기출 문제집 고3 영어 듣기(2026)
9788968984068,리얼오리지널전국연합학력평가기출문제집고1영어듣기,IH-ENG-5348,리얼 오리지널 전국연합 학력평가 기출 문제집 고1 영어 듣기 (2026년)
9788968984075,리얼오리지널전국연합학력평가기출문제집고2영어듣기,IH-ENG-5349,리얼 오리지널 전국연합 학력평가 기출 문제집 고2 영어 듣기 (2026년)
9791172250744,감정평가사를위한영어듣기실력키우는학습법,IH-ENG-5350,감정평가사를 위한 영어 듣기 실력 키우는 학습법
9791141925024,유아영어듣기훈련실천전략,IH-ENG-5351,유아영어 듣기훈련 실천전략
9791194467533,다시영영어듣기편,IH-ENG-5352,다시영: 영어듣기편
9791198874368,미드스크린영어단숨에따라듣기,IH-ENG-5355,미드 스크린 영어 단숨에 따라 듣기
9788920050107,드라마와영어듣기,IH-ENG-5356,드라마와 영어 듣기
9788920050503,영어듣기연습,IH-ENG-5357,영어듣기연습
9791172250133,법무사를위한영어듣기실력향상공부법,IH-ENG-5358,법무사를 위한 영어 듣기 실력 향상 공부법
9791193023846,의료인을위한영어듣기와말하기실력향상공부법,IH-ENG-5359,의료인을 위한 영어 듣기와 말하기 실력 향상 공부법
9791193023594,행정사를위한영어듣기실력올리는방법,IH-ENG-5362,행정사를 위한 영어 듣기 실력 올리는 방법
9788920045981,현대세계의이해와영어듣기,IH-ENG-5363,현대세계의 이해와 영어듣기
9791193023389,은행직원을위한영어듣기와말하기업그레이드공부법,IH-ENG-5364,은행직원을 위한 영어 듣기와 말하기 업그레이드 공부법
9791193023228,기업간부들을위한영어듣기능력업그레이드방법,IH-ENG-5365,기업 간부들을 위한 영어 듣기 능력 업그레이드 방법
9791192288833,pd작가들을위한영어듣기와말하기수준업공부법,IH-ENG-5366,"PD, 작가들을 위한 영어 듣기와 말하기 수준업 공부법"
9788968983047,리얼오리지널전국연합학력평가기출모의고사6개년24회고2영어듣기,IH-ENG-5368,리얼 오리지널 전국연합 학력평가 기출 모의고사 6개년 24회 고2 영어 듣기(2023)
9791188228621,listeningmentorjoy5,IH-ENG-5370,Listening Mentor Joy 5
9791188228614,listeningmentorjoy4,IH-ENG-5371,Listening Mentor Joy 4
9791188228607,listeningmentorjoy3,IH-ENG-5372,Listening Mentor Joy 3
9791188228591,listeningmentorjoy2,IH-ENG-5373,Listening Mentor Joy 2
9791188228584,listeningmentorjoy1,IH-ENG-5374,Listening Mentor Joy 1
9791192288543,경영지도사를위한영어듣기와말하기수준올리는공부법,IH-ENG-5375,경영지도사를 위한 영어 듣기와 말하기 수준 올리는 공부법
9791192288383,관세사를위한영어듣기심화학습법,IH-ENG-5376,관세사를 위한 영어 듣기 심화 학습법
9791192288291,관세사를위한영어듣기와말하기수준업비법가이드,IH-ENG-5377,관세사를 위한 영어 듣기와 말하기 수준업 비법 가이드
9788968177965,영어듣기교육론,IH-ENG-5382,영어 듣기 교육론
9791188935062,영어듣기100일완성,IH-ENG-5383,영어듣기 100일 완성
9791188935024,정용재의영어독설,IH-ENG-5384,정용재의 영어독설
9791187632115,받아쓰기로끝내는영어듣기,IH-ENG-5391,받아쓰기로 끝내는 영어듣기
9791185160085,영어듣기추론vol4,IH-ENG-5422,영어듣기 추론 Vol 4(2015)
9788963915531,yes영어듣기말하기level3,IH-ENG-5433,Yes 영어듣기 말하기 Level 3(2014)
9788963915524,yes영어듣기말하기level2,IH-ENG-5434,Yes 영어듣기 말하기 Level 2(2014)
9788963915517,yes영어듣기말하기level1,IH-ENG-5435,Yes 영어듣기 말하기 Level 1(2016)
9788996897910,문장완성형영어듣기,IH-ENG-5441,문장 완성형 영어 듣기(Making Sentence Listening)
9788996782292,귀막힌한국인이여귀를뚫어라,IH-ENG-5452,귀막힌 한국인이여 귀를 뚫어라(2012)
9788946791701,power영어듣기평가listening완전정복편,IH-ENG-5455,POWER 영어듣기평가(종합): LISTENING 완전정복편(NEAT 대비)
9788946791695,power영어듣기평가listening핵심전략편,IH-ENG-5456,POWER 영어듣기평가(중급): LISTENING 핵심전략편(NEAT 대비)
9788946791688,power영어듣기평가listening기본전략편,IH-ENG-5457,POWER 영어듣기평가(초급): LISTENING 기본전략편(NEAT 대비))
9788955186864,영어듣기공식33,IH-ENG-5474,영어 듣기공식 33 (New Edition)
9788992736060,영어듣기이래도모르겠니,IH-ENG-5475,영어듣기 이래도 모르겠니
9788996102403,영어듣기그착한방법,IH-ENG-5476,영어 듣기 그 착한 방법
9788953454347,영어의억양구조및해석,IH-ENG-5477,영어의 억양구조 및 해석 (학생들의 영어 듣기/말하기 능력에 실질적 도움을 주는)
9788973182800,영어듣기이것부터마스터하자,IH-ENG-5478,영어듣기 이것부터 마스터하자
9788946782778,영어듣기와회화작문사전,IH-ENG-5479,영어듣기와 회화작문사전
9788990763075,영어듣기급소잡기5,IH-ENG-5483,영어듣기 급소잡기 5
8957261877,초등영어듣기말하기교육,IH-ENG-5484,초등영어 듣기·말하기교육
9788986175868,영어듣기연습을위한인터넷활용법,IH-ENG-5487,영어 듣기 연습을 위한 인터넷 활용법
9791140718849,영어회화x원리도감,IH-ENG-5489,영어회화 X 원리 도감
9788971721339,초보탈출실전영어회화시추에이션100,IH-ENG-5490,초보탈출 실전 영어회화 시추에이션 100
9791124143148,요만큼만알아도영어패턴내맘대로쓴다,IH-ENG-5491,요만큼만 알아도 영어패턴 내맘대로 쓴다!
9791176212045,원데이영어회화50,IH-ENG-5492,‘원데이’ 영어회화 50
9788971721292,잼잼쉬운영어회화,IH-ENG-5493,잼잼 쉬운 영어 회화
9791124143063,상황별영어회화,IH-ENG-5494,상황별 영어회화
9788971721230,바로바로영어회화1800,IH-ENG-5495,바로바로 영어회화 1800
9788931686067,간호영어회화,IH-ENG-5496,간호영어회화
9788949307138,포켓영어회화사전,IH-ENG-5497,포켓 영어회화사전
9791194368854,김재우의기본동사100,IH-ENG-5498,김재우의 기본 동사 100
9791172101442,가장쉬운new영어회화따라쓰기30일완성,IH-ENG-5499,가장 쉬운 NEW 영어회화 따라쓰기 30일 완성
9791197168253,병원영어회화,IH-ENG-5500,병원영어회화
9791139228397,알쏭달쏭영어표현100,IH-ENG-5501,알쏭달쏭 영어 표현 100
9791199359321,하이빅쌤의팡팡터지는한단어영어회화,IH-ENG-5502,하이빅쌤의 팡팡 터지는 한 단어 영어회화
9791194467922,상황별미드대표문장3500,IH-ENG-5503,상황별미드 대표문장 3500
9791194467939,영어회화정답노트,IH-ENG-5504,영어회화 정답노트
9788975676666,현지에서찐으로통하는영어회화,IH-ENG-5505,현지에서 찐으로 통하는 영어회화
9788924174656,podrealenglish실전영어회화100,IH-ENG-5506,[POD] Real English 실전영어회화 100
9788924172058,podbusinessenglish글로벌비즈니스영어회화,IH-ENG-5507,[POD] Business English 글로벌 비즈니스 영어회화
9791194467885,영어회화기본공식500,IH-ENG-5508,영어회화 기본공식 500+
9791194467892,영어회화암기노트,IH-ENG-5509,영어회화 암기노트
9788972441670,영어회화사전,IH-ENG-5510,영어회화 사전
9791173850455,현장실무중심호텔영어회화,IH-ENG-5511,현장 실무 중심 호텔영어회화
9791173951497,pod4단어로아주쉽게말하는샬라샬라영어회화,IH-ENG-5512,[POD] 4단어로 아주 쉽게 말하는 샬라샬라 영어회화
9791112028037,pod당신이잘모르는영어회화1002권,IH-ENG-5513,[POD] 당신이 잘 모르는 영어 회화 100 2권
9791112018014,pod당신이잘모르는영어회화1001권,IH-ENG-5514,[POD] 당신이 잘 모르는 영어 회화 100 1권
9791199273931,스프링여행영어회화,IH-ENG-5515,스프링 여행 영어회화
9791198002952,키위엔영어회화하루5분의기적,IH-ENG-5516,키위엔 영어회화 하루 5분의 기적
9791171420865,학원을이기는독학영어회화2,IH-ENG-5517,학원을 이기는 독학 영어회화 2
9791171420858,학원을이기는독학영어회화1,IH-ENG-5518,학원을 이기는 독학 영어회화 1
9788975676659,여행영어회화,IH-ENG-5519,여행 영어 회화
9791194467724,영어말하는데꼭필요한핵심동사113개로네이티브와말문트기세트,IH-ENG-5520,영어말하는데 꼭 필요한 핵심동사 113개로 네이티브와 말문트기 세트
9791194467748,영어말하는데꼭필요한핵심동사113개로네이티브와말문트기2,IH-ENG-5521,영어말하는데 꼭 필요한 핵심동사 113개로 네이티브와 말문트기 2
9791194467755,영어말하는데꼭필요한핵심동사113개로네이티브와말문트기3,IH-ENG-5522,영어말하는데 꼭 필요한 핵심동사 113개로 네이티브와 말문트기 3
9791194467731,영어말하는데꼭필요한핵심동사113개로네이티브와말문트기1,IH-ENG-5523,영어말하는데 꼭 필요한 핵심동사 113개로 네이티브와 말문트기 1
9791138486354,던전밥영어회화,IH-ENG-5524,던전밥 영어회화
9791173572814,3초5단어영어회화,IH-ENG-5525,3초 5단어 영어회화
9791199019577,영어회화영단어도감,IH-ENG-5526,영어회화 영단어 도감
9791194467656,영어회화핵심문장,IH-ENG-5527,영어회화 핵심문장
9791194467687,영어회화비법노트,IH-ENG-5528,영어회화 비법노트
9791194500032,트렌드기초영어회화,IH-ENG-5529,트렌드 기초 영어 회화
9788974534929,왕초보total영어회화사전,IH-ENG-5530,왕초보 Total 영어회화 사전
9791194467557,다시영구동사편,IH-ENG-5531,다시영: 구동사편
9791194467564,다시영실용영단어편,IH-ENG-5532,다시영: 실용영단어편
9791194223481,실전여행영어,IH-ENG-5533,실전 여행 영어
9791194467489,영어회화speakingskills221,IH-ENG-5534,"영어회화, Speaking Skills 221"
9791168331723,enjoylearningbasicenglishconversation,IH-ENG-5535,Enjoy Learning Basic English Conversation(즐겁게 배우는 초급영어회화)
9791194467298,영어회화만능수첩,IH-ENG-5536,영어회화 만능수첩
9791194467335,영어회화필수구문1500,IH-ENG-5537,영어회화 필수구문 1500
9791194467359,영어회화필수표현1500,IH-ENG-5538,영어회화 필수표현 1500
9791194467373,allnew영어회화공식패턴3300,IH-ENG-5539,All New 영어회화 공식패턴 3300
9791169192736,physiotalk물리치료영어회화실전편,IH-ENG-5540,Physio TALK 물리치료 영어회화 실전편
9791194467090,newsmarat영어회화구동사301,IH-ENG-5541,New SMARAT 영어회화 구동사 301
9791198854384,김재우의기초영어회화100,IH-ENG-5542,김재우의 기초 영어회화 100
9791198966742,영어회화핵심패턴,IH-ENG-5543,영어회화 핵심패턴
9791194467014,영어회화표현사전5000,IH-ENG-5544,영어회화 표현사전 5000
9791198801005,magic어린이패턴영어회화,IH-ENG-5545,Magic(매직) 어린이 패턴 영어회화
9791187158714,신호등영작200,IH-ENG-5546,신호등 영작 200
9791141963569,여행영어회화의모든것,IH-ENG-5547,여행 영어회화의 모든 것
9791193937280,영국아빠피터의하루3분영어대화,IH-ENG-5548,영국 아빠 피터의 하루 3분 영어 대화
9791191401981,주아쌤의툭치면탁나오는영어회화,IH-ENG-5549,주아쌤의 툭 치면 탁 나오는 영어회화
9791189170134,thebest영어회화핵심문형,IH-ENG-5550,THE BEST 영어회화 핵심문형
9791198895509,영어회화내가먼저말하기,IH-ENG-5551,영어회화 내가 먼저 말하기
9791192431758,다시영200패턴영어회화,IH-ENG-5552,다시영 200패턴 영어회화
9791198874344,영어회화필수표현3000,IH-ENG-5553,영어회화 필수표현 3000
9791198874306,영어회화대표문장2500,IH-ENG-5554,영어회화 대표문장 2500
9788972441649,생활속의영어회화,IH-ENG-5555,생활 속의 영어회화
9791198084873,영어회화대표패턴1500,IH-ENG-5556,영어회화 대표패턴 1500
9791193715482,미용영어회화,IH-ENG-5557,미용영어회화
9791198758743,초등영어회화36,IH-ENG-5558,초등 영어회화 36
9791185980423,일상영어회화영작하고말하기,IH-ENG-5559,일상 영어회화 영작하고 말하기
9791170681243,병원영어회화help,IH-ENG-5560,병원 영어회화 HELP
9791141083861,제나영어회화데일리북,IH-ENG-5561,제나 영어회화 데일리북
9791190227353,따라읽으면되는여행영어,IH-ENG-5562,따라 읽으면 되는 여행 영어
9791141081423,1천동사5천문장을듣고따라하면저절로암기되는영어회화,IH-ENG-5563,1천 동사 5천 문장을 듣고 따라 하면 저절로 암기되는 영어 회화(MP3)
9791198343628,여행회화로배우는시니어영어회화첫걸음,IH-ENG-5564,여행회화로 배우는 시니어 영어회화 첫걸음
9791156352174,new레전드영어회화사전englishkoreanconversationdictionary,IH-ENG-5565,NEW 레전드 영어 회화사전: English-Korean Conversation Dictionary
9791197618567,a4한장영어공부법영어회화편,IH-ENG-5566,A4 한 장 영어 공부법 영어회화편
9788991064461,열공영어회화첫걸음go,IH-ENG-5567,열공 영어회화 첫걸음 Go
9788920031588,영어회화1,IH-ENG-5568,영어회화1
9791198343611,트랜디북여행회화로배우는영어회화첫걸음,IH-ENG-5569,트랜디북 여행회화로 배우는 영어회화 첫걸음
9791189729882,한두단어로유창해지는영어회화,IH-ENG-5570,한두 단어로 유창해지는 영어회화(큰글자책)
9791157689934,영어가입에서튀어나오는어션영어의진짜기초영어패턴영어편,IH-ENG-5571,영어가 입에서 튀어나오는 어션영어의 진짜 기초영어: 패턴영어편
9791192055299,청크스토리워크북,IH-ENG-5572,청크 스토리 워크북
9791192055282,청크스토리메인북,IH-ENG-5573,청크 스토리 메인북
9791197920455,abc초등영어회화첫걸음,IH-ENG-5574,ABC 초등 영어회화 첫걸음
9791187158486,유레카팝송영어회화200,IH-ENG-5575,유레카 팝송 영어회화 200
9791169518451,파이잉글리시,IH-ENG-5576,파이 잉글리시(pie English)
9791197182372,나만알고싶은교정영어회화8주홈트workbook,IH-ENG-5577,나만 알고 싶은 교정영어 회화 8주 홈트 WORKBOOK
9791189686925,야나두영어회화베이직,IH-ENG-5578,야나두 영어회화 베이직
9791192999234,ebs영어강사지원쌤의초등영어회화일력365,IH-ENG-5579,EBS 영어 강사 지원쌤의 초등영어회화 일력 365
9791192486093,100일완성생활영어광내기,IH-ENG-5580,100일 완성 생활영어 광내기(표현으로 정복하는 셀프스터디 영어회화 100일)
9791191926750,영어회화이정도는해야죠,IH-ENG-5581,"영어회화, 이 정도는 해야죠"
9791158190958,성민기억법영어회화,IH-ENG-5582,성민 기억법 영어회화
9788972441618,활용하기좋은일상영어회화,IH-ENG-5583,활용하기 좋은 일상 영어회화
9791193132333,유창한영어회화를꼭원하는분2,IH-ENG-5584,유창한 영어회화를 꼭 원하는 분 2
9791192932248,챗gpt영어회화,IH-ENG-5585,챗GPT 영어회화
9791156012177,현지에서바로통하는여행영어회화,IH-ENG-5586,현지에서 바로 통하는 여행 영어회화
9791192389172,김재우의영어회화100,IH-ENG-5587,김재우의 영어회화 100
9791192771922,유창한영어회화를꼭원하는분1,IH-ENG-5588,유창한 영어회화를 꼭 원하는 분 1
9791185345284,영어로이야기,IH-ENG-5589,영어로 이야기
9791197618505,딱30패턴으로잡는영어회화,IH-ENG-5590,딱! 30패턴으로 잡는 영어회화
9791125494249,원어민게이지100살리는스펜서쌤의미국영어대화의격을높이는감각영어회화,IH-ENG-5591,원어민 게이지 100% 살리는 스펜서쌤의 미국 영어: 대화의 격을 높이는 감각 영어 회화
9791156012207,동시통역영어회화,IH-ENG-5592,동시통역 영어회화
9791160183566,우보현의백이영,IH-ENG-5593,우보현의 백이영
9791191156959,myenglishchecklist3768,IH-ENG-5594,My English Check List 3768
9788971729687,일상생활영어회화급상승,IH-ENG-5595,일상생활 영어 회화 급상승
9788971729670,캐티리의병원영어회화,IH-ENG-5599,캐티 리의 병원 영어 회화
9791197920363,magic초등영어회화,IH-ENG-5600,Magic 초등 영어 회화
9791138342810,제시카의힙한톡톡영어표현,IH-ENG-5601,제시카의 힙한 톡톡 영어 표현
9791169830591,저절로터지는영어스피킹,IH-ENG-5602,저절로 터지는 영어 스피킹(큰글자도서)
9791192431116,128편영화로배우는615실전영어회화,IH-ENG-5603,128편 영화로 배우는 615 실전영어회화
9788975676420,찐초보영어회화,IH-ENG-5604,찐초보 영어회화
9791192199191,왕초보영어회화첫걸음,IH-ENG-5605,왕초보 영어회화 첫걸음
9788992473200,아이작의테마토크플러스,IH-ENG-5607,아이작의 테마토크 플러스
9788967151539,애슐리쌤의톡톡영어회화비즈니스편,IH-ENG-5608,애슐리 쌤의 톡톡(Talk! Talk!) 영어회화: 비즈니스 편
9791156011958,네이티브영어회화사전,IH-ENG-5609,네이티브 영어회화사전
9791197390531,justlisten210분에150문장듣기,IH-ENG-5610,Just Listen 2: 10분에 150문장 듣기
9791159019098,게임으로배우는영어회화,IH-ENG-5611,게임으로 배우는 영어 회화
9788924099676,영어회화문장best10,IH-ENG-5612,영어 회화 문장 BEST 10
9788992473231,영어회화감각을키우는대단한영어속담,IH-ENG-5613,영어회화감각을 키우는 대단한 영어속담
9788920043024,영어회화2,IH-ENG-5614,영어회화2(2학기)
9791192199139,회화잡는스피킹영어회화사전,IH-ENG-5615,회화잡는 스피킹 영어회화 사전
9791191055153,영어회화공식23172핵심,IH-ENG-5616,영어회화공식 231+72 핵심
9791191055139,영어회화공식23154기본,IH-ENG-5617,영어회화공식 231+54 기본
9791137283060,9천여단어를듣고따라하면저절로암기되는영어회화단어장,IH-ENG-5618,9천여 단어를 듣고 따라하면 저절로 암기되는 영어 회화 단어장(한국어와 영어 MP3 파일)
9791137283121,3천여문장을듣고따라하면저절로암기되는영어회화문장들,IH-ENG-5619,3천여 문장을 듣고 따라하면 저절로 암기되는 영어 회화 문장들(한국어와 영어 MP3 파일)
9791138319867,매일매일떠나는하루10분어학연수영어회화롤플레이코칭,IH-ENG-5620,매일매일 떠나는 하루 10분 어학연수: 영어회화 롤플레이 코칭
9791185345260,미니바이블영어회화총60분,IH-ENG-5621,미니바이블영어 회화 총60분
9788924094688,영어회화문장best8,IH-ENG-5622,영어 회화 문장 BEST 8 (컬러판)
9791166472008,사무영어회화,IH-ENG-5623,사무영어회화
9788980104956,착한팝송에서배우는영어회화,IH-ENG-5624,착한 팝송에서 배우는 영어회화
9788971729519,바로바로병원영어회화,IH-ENG-5625,바로바로 병원 영어 회화
9788971729526,초등영어독학단어장,IH-ENG-5626,초등 영어 독학 단어장
9791125494232,원어민게이지100살리는스펜서쌤의미국영어,IH-ENG-5627,원어민 게이지 100% 살리는 스펜서쌤의 미국 영어
9788964767771,관광가이드영어회화,IH-ENG-5628,관광가이드 영어회화
9788949306520,상황영어회화,IH-ENG-5629,상황 영어회화
9791167600158,원어민처럼말하는올쏘의일상영어한국인의영어습관,IH-ENG-5630,원어민처럼 말하는 올쏘의 일상 영어: 한국인의 영어 습관
9791167600165,원어민처럼말하는올쏘의일상영어원어민의일상표현,IH-ENG-5631,원어민처럼 말하는 올쏘의 일상 영어: 원어민의 일상 표현
9788949306445,정통무역영어회화,IH-ENG-5632,정통 무역 영어 회화
9791190101745,거침없이말하는2080실전영어회화,IH-ENG-5633,거침없이 말하는 2080 실전 영어회화
9791190462228,하루영어5문장,IH-ENG-5634,하루 영어 5 문장
9791166375781,입이터질수밖에없는영어회화,IH-ENG-5635,입이 터질 수밖에 없는 영어회화
9791191347470,초등영어회화일력365,IH-ENG-5637,초등영어회화 일력 365
9788971729465,기적의영어회화스타트32,IH-ENG-5639,기적의 영어회화 스타트 32
9791185980409,영어회화아웃풋트레이닝,IH-ENG-5640,영어회화 아웃풋 트레이닝
9791166373817,박스만채우면영어회화가되는boxenglish,IH-ENG-5641,박스만 채우면 영어회화가 되는 Box English
9788924082593,영어회화문장best7,IH-ENG-5644,영어 회화 문장 BEST 7 (컬러판)
9791185980393,이디엄으로배우는찐미국사람영어회화,IH-ENG-5645,이디엄으로 배우는 찐 미국 사람 영어회화
9788962818734,스피킹코치영어회화패턴100,IH-ENG-5646,스피킹 코치 영어회화 패턴 100
9791197390517,justlisten110분에150문장듣기,IH-ENG-5647,Just Listen 1: 10분에 150문장 듣기
9788983797346,쏙쏙들리고술술말하는쏙술영어회화,IH-ENG-5648,쏙쏙 들리고 술술 말하는 쏙술 영어회화
9788962818710,왕초보스피킹코치영어회화,IH-ENG-5649,왕초보 스피킹 코치 영어회화
9791189204846,쓰면서말해봐영어회화세트기본편여행편일상편,IH-ENG-5650,"쓰면서 말해봐 영어회화 세트: 기본편, 여행편, 일상편"
9791185980362,영어회화가술술나온다,IH-ENG-5651,영어회화가 술술 나온다
9791156351603,레전드영어회화첫걸음,IH-ENG-5652,레전드 영어회화 첫걸음
9791157955879,관광호텔영어,IH-ENG-5653,관광 호텔 영어
9791165396497,속성기본영어회화4주,IH-ENG-5654,속성 기본 영어회화 4주
9788980104895,업그레이드된착한기초영어회화,IH-ENG-5655,업그레이드 된 착한 기초영어회화
9791190278591,알아두면쓸모있는영어회화잡학사전,IH-ENG-5656,알아두면 쓸모 있는 영어 회화 잡학사전
9788964767450,관광여행영어회화,IH-ENG-5657,관광여행 영어회화
9788968173042,happyenglish1,IH-ENG-5658,Happy English 1
9788959595372,영영영어회화500,IH-ENG-5659,영영 영어회화 500
9788962184983,실전비서실무및사무영어회화,IH-ENG-5660,실전 비서실무 및 사무 영어회화
9791157686858,기초영어회화순간패턴100,IH-ENG-5661,기초영어회화 순간패턴 100
9788963221731,딱쓰리영어회화세트,IH-ENG-5662,딱! 쓰리 영어회화 세트
9788963221748,딱쓰리영어회화기초편,IH-ENG-5663,딱! 쓰리 영어회화: 기초편
9788963221755,딱쓰리영어회화활용편,IH-ENG-5664,딱! 쓰리 영어회화: 활용편
9788961310635,서비스기본영어회화,IH-ENG-5665,서비스 기본영어회화
9788962818635,스몰톡영어회화,IH-ENG-5666,스몰톡 영어회화
9791190931182,올리버쌤의영어회화일력365,IH-ENG-5667,올리버쌤의 영어회화 일력 365
9788980997312,독특한영어회화,IH-ENG-5668,독특한 영어회화
9791195864072,엄친아딸초등영어회화,IH-ENG-5669,엄친아딸 초등영어 회화
9791190278416,영어회화한국에서도되던데요,IH-ENG-5670,"영어 회화, 한국에서도 되던데요?"
9791185980355,미쿡영어회화,IH-ENG-5671,미쿡 영어회화
9788998171933,급이다른영어회화,IH-ENG-5672,급이 다른 영어 회화
9791164406685,창의적인미국식영어,IH-ENG-5673,창의적인 미국식 영어
9791137209732,초급한권으로영어회화영단어끝내기,IH-ENG-5675,[초급] 한 권으로 영어회화 영단어 끝내기
9791190347037,혼자역할극영어회화,IH-ENG-5676,혼자 역할극 영어회화
9788971729199,기적의영어회화트레이닝180,IH-ENG-5677,기적의 영어회화 트레이닝 180
9788962818451,파고다오분톡영어회화동사별,IH-ENG-5678,파고다 오분톡 영어회화: 동사별
9788962818468,파고다오분톡영어회화패턴별,IH-ENG-5679,파고다 오분톡 영어회화: 패턴별
9788962818475,파고다오분톡영어회화상황별,IH-ENG-5680,파고다 오분톡 영어회화: 상황별
9788973585250,latte영어회화,IH-ENG-5681,Latte 영어 회화
9791189204648,왕초보영어회화패턴,IH-ENG-5682,왕초보 영어회화 패턴
9791185980324,영어회화필수패턴자동암기,IH-ENG-5683,영어회화 필수패턴 자동암기
9791189686208,야나두영어회화마스터패키지,IH-ENG-5685,야나두 영어회화마스터 패키지
9791189713034,englishgrammarforspeaking1,IH-ENG-5686,English Grammar for speaking 1
9791196776602,진짜네이티브영어회화일상패턴,IH-ENG-5688,진짜 네이티브 영어회화: 일상패턴
9791157686070,10문장영어회화,IH-ENG-5689,10문장 영어회화
9788956544984,스포츠영어회화,IH-ENG-5690,스포츠 영어회화
9788971729076,동사로유창해지는영어회화,IH-ENG-5691,동사로 유창해지는 영어회화
9791189204570,독학영어회화,IH-ENG-5692,독학 영어회화
9791196861100,영어는입으로1,IH-ENG-5693,영어는 입으로 1
9788938704535,실용영어회화사전,IH-ENG-5694,실용영어회화사전
9791189686116,야나두영어회화패턴31,IH-ENG-5695,야나두 영어회화 패턴31
9791189204532,쓰면서말하는영어회화워크북,IH-ENG-5696,쓰면서 말하는 영어회화 워크북
9791190283656,해외여행영어회화,IH-ENG-5697,해외여행 영어회화
9791190048453,ashley의사춘기친구들을위한영어회화책,IH-ENG-5698,Ashley의 사춘기 친구들을 위한 영어 회화 책
9791190101127,이번엔영어다0순위스크린영어회화,IH-ENG-5699,이번엔 영어다! 0순위 스크린영어회화
9791160576214,이근철tv영어회화1,IH-ENG-5700,이근철TV 영어회화 1
9791196568085,영어발음한글로풀다,IH-ENG-5701,영어발음 한글로 풀다
9788955186871,미국사람들이가장많이쓰는영어회화코어패턴50,IH-ENG-5702,미국 사람들이 가장 많이 쓰는 영어회화 코어 패턴 50
9788949305851,영어회화뉴사전,IH-ENG-5704,영어회화 뉴 사전
9791185980300,일상영어회화섀도잉,IH-ENG-5705,일상 영어회화 섀도잉
9788971728994,왕초보영어회화급상승,IH-ENG-5707,왕초보 영어 회화 급상승
9791156351177,레전드하루3분영어,IH-ENG-5708,레전드 하루 3분 영어
9791156857853,글로벌영어,IH-ENG-5709,글로벌 영어
9791196758813,왕초보도때려잡는영어회화basic1,IH-ENG-5710,왕초보도 때려잡는 영어회화 Basic 1
9791196758820,왕초보도때려잡는영어회화basic2,IH-ENG-5711,왕초보도 때려잡는 영어회화 Basic 2
9791196758837,왕초보도때려잡는영어회화upgrade1,IH-ENG-5712,왕초보도 때려잡는 영어회화 Upgrade 1
9791196758844,왕초보도때려잡는영어회화upgrade2,IH-ENG-5713,왕초보도 때려잡는 영어회화 Upgrade 2
9791195864058,99단영어회화33일에정복하기,IH-ENG-5716,99단 영어회화 33일에 정복하기
9791160542912,나만의영어비법,IH-ENG-5717,나만의 영어 비법
9788955189964,착붙는여행영어,IH-ENG-5718,착! 붙는 여행영어
9788991068490,anytime영어회화,IH-ENG-5719,Anytime 영어회화
9791188935246,영어회화후알파벳영어단어,IH-ENG-5720,영어회화 후 알파벳 영어단어
9788955626230,바보도트는소리,IH-ENG-5721,바보 도트는 소리
9791127272630,초급영어회화만큼은하는영작문기술,IH-ENG-5722,초급영어회화 만큼은 하는 영작문 기술
9791127271497,카우잉글리쉬소도이해하는영어회화키워드30,IH-ENG-5723,카우 잉글리쉬 - 소도 이해하는 영어회화 키워드30
9791127270384,가성비갑영어회화대화대박많은책,IH-ENG-5724,가성비갑 영어회화 대화 대박 많은책
9791188935192,영어회화후알파벳패턴영어,IH-ENG-5725,영어회화 후 알파벳 패턴영어
9791189204365,포켓북왕초보일상영어회화,IH-ENG-5726,포켓북 왕초보 일상 영어회화
9791127266097,쉬운영어한번써보기영어회화문장거저먹는젤쉬운방법,IH-ENG-5727,쉬운 영어 한번 써보기 - 영어회화 문장 거저먹는 젤 쉬운 방법
9791163400141,영어회화첫걸음100일만에끝장내기,IH-ENG-5728,영어회화첫걸음 100일만에 끝장내기
9788964180563,영어회화첫걸음,IH-ENG-5729,영어 회화 첫걸음
9791127226497,일상대화90가해결되는영어회화500문장,IH-ENG-5730,일상대화 90%가 해결되는 영어회화 500문장
9791127265229,영어회화단어만바꾸면되는데그러니까패턴이다,IH-ENG-5731,"영어회화 단어만 바꾸면 되는데, 그러니까 패턴이다"
9791127262631,영어로스트레스받는직장인을위한거의모든상황영어회화,IH-ENG-5732,영어로 스트레스 받는 직장인을 위한 거의 모든 상황 영어회화
9791127263171,알고도못쓰는영어회화패턴,IH-ENG-5733,알고도 못쓰는 영어회화패턴
9791188935178,영어회화후알파벳이솝우화,IH-ENG-5734,영어회화 후 알파벳 이솝우화
9791156857440,관광실무영어회화,IH-ENG-5735,관광 실무 영어 회화
9791127258696,영어회화가되는가장빠른방법즉문즉답,IH-ENG-5736,영어회화가 되는 가장 빠른 방법 즉문즉답
9791127258665,영어회화패턴대박많은책,IH-ENG-5737,영어회화 패턴 대박 많은 책
9791127261030,다안들려도이런질문만듣고답하면영어회화바로된다,IH-ENG-5738,다 안들려도 이런 질문만 듣고 답하면 영어회화 바로 된다
9791127260453,초급에서중급까지영어회화실력점검,IH-ENG-5739,초급에서 중급까지 영어회화 실력점검
9791127261047,한번에잡는영어회화영어문법,IH-ENG-5740,한번에 잡는 영어회화 영어문법
9791187158257,유럽여행영어회화,IH-ENG-5741,유럽여행 영어회화
9791163400103,매일10분으로끝장내는기적의영어회화패턴,IH-ENG-5742,매일 10분으로 끝장내는 기적의 영어회화패턴
9788971728864,일상생활유창영어회화450,IH-ENG-5743,일상생활 유창영어회화 450
9791189686024,야나두영어회화,IH-ENG-5744,야나두 영어회화
9791127257415,비즈니스영어회화써먹기좋은대화많은책,IH-ENG-5745,비즈니스 영어회화 써먹기 좋은 대화 많은 책
9791189204280,왕초보여행영어회화,IH-ENG-5748,왕초보 여행 영어 회화
9791127256432,도전암기왕영어회화패턴외우고또외우면못외울영어표현없다,IH-ENG-5749,도전! 암기왕 영어회화 패턴: 외우고 또 외우면 못 외울 영어표현 없다
9791127255565,미국에서통하는영어회화통째로암기하기,IH-ENG-5750,미국에서 통하는 영어회화 통째로 암기하기
9791127256302,직장인의24시비즈니스영어회화,IH-ENG-5751,직장인의 24시 비즈니스 영어회화
9791127256357,영어회화공부하기딱좋은영어패턴,IH-ENG-5752,영어회화 공부하기 딱좋은 영어패턴
9788975825798,영어회화표현up생활편,IH-ENG-5754,영어회화 표현 UP: 생활편
9788949305516,오케이영어회화,IH-ENG-5755,오케이영어회화
9791127255244,네이티브가매일쓰는영어회화패턴,IH-ENG-5756,네이티브가 매일 쓰는 영어회화 패턴
9791127255251,네이티브가진짜많이쓰는영어회화패턴,IH-ENG-5757,네이티브가 진짜 많이 쓰는 영어회화 패턴
9791127255343,영어회화1일1패턴60일완성,IH-ENG-5758,영어회화 1일1패턴 60일완성
9791189204228,왕초보영어회화사전,IH-ENG-5759,왕초보 영어회화 사전
8809481060167,영어회화다이어리365,IH-ENG-5760,영어 회화 다이어리 365
9791127250829,대화에물꼬를트는영어회화문답연습3단대화,IH-ENG-5761,대화에 물꼬를 트는 영어회화 문답연습-3단대화
9788975825781,영어회화표현up처음편,IH-ENG-5762,영어회화 표현 UP: 처음편(카카오톡 1:1상담)
9791127246662,영어회화표현사전아는사람묘사하기딱좋은영어문장,IH-ENG-5763,영어 회화 표현 사전 - 아는 사람 묘사하기 딱 좋은 영어 문장
9791127250348,대화에물꼬를트는영어회화대화연습,IH-ENG-5764,대화에 물꼬를 트는 영어회화 대화연습
9791127248499,외국인인맥이생기는영어회화5분말하기,IH-ENG-5765,외국인 인맥이 생기는: 영어회화 5분 말하기
9791127248581,목적이분명한영어말하기영어회화3분말하기,IH-ENG-5766,목적이 분명한 영어말하기: 영어회화 3분말하기
9791162227459,영어회화메타인지가답이다,IH-ENG-5767,"영어회화, 메타인지가 답이다"
9791127247683,스피킹리스닝잡기영어회화대화편,IH-ENG-5768,스피킹&리스닝 잡기 영어회화 대화편
9791127248161,대화의물꼬를트는영어회화문답연습,IH-ENG-5769,대화의 물꼬를 트는 영어회화 문답연습
9791155550953,영어회화요것만알면,IH-ENG-5770,영어회화 요것만 알면!
9791127247331,스피킹리스닝잡는영어회화패턴,IH-ENG-5771,스피킹&리스닝 잡는 영어회화 패턴
9791158462529,오늘의반말영어,IH-ENG-5772,오늘의 반말 영어
9791196260729,bb의패턴영어,IH-ENG-5773,BB의 패턴 영어
9788936626273,영어회화완성,IH-ENG-5775,영어 회화 완성
9791160574296,사용빈도1위영어회화30일의기적,IH-ENG-5778,사용빈도 1위 영어회화 30일의 기적
9791195301164,madfor영어회화lite3,IH-ENG-5779,Mad For 영어회화 Lite 3
9791157683888,비즈니스영어회화이메일순간패턴200,IH-ENG-5781,비즈니스 영어회화 & 이메일 순간패턴 200
9791157953509,영어회화척척척기초의기초편,IH-ENG-5782,영어회화 척척척: 기초의 기초편
9791185980225,영어회화표현300,IH-ENG-5784,영어회화 표현 300
9788997260997,여행영어,IH-ENG-5785,여행 영어
9788998025113,뷰티영어회화,IH-ENG-5786,뷰티 영어 회화
9791185980218,영어회화표현사전perfectphrases,IH-ENG-5787,영어회화 표현사전 Perfect Phrases
9791127237110,병원에서유용하게쓰이는영어회화,IH-ENG-5789,병원에서 유용하게 쓰이는 영어회화
9791188112692,이렇게말해봐여행영어,IH-ENG-5790,이렇게 말해봐 여행영어
9791188112708,이렇게말해봐일상영어,IH-ENG-5791,이렇게 말해봐 일상영어
9791196289416,기초탄탄왕초보영어회화,IH-ENG-5793,기초탄탄 왕초보 영어회화
9791186533819,50패턴으로여행하는랜드마크영어회화,IH-ENG-5794,50패턴으로 여행하는 랜드마크 영어회화
9791160573176,엄마표생활영어회화사전,IH-ENG-5796,엄마표 생활영어 회화사전
9788958095996,청천영어회화,IH-ENG-5798,청천 영어회화
9788974828882,토닥토닥영어회화,IH-ENG-5799,토닥토닥 영어 회화
9788968176081,실용영어회화,IH-ENG-5800,실용영어회화
9791185345130,with20verbs영어회화,IH-ENG-5801,With 20 Verbs 영어회화
9791186796153,영어탈피라이브영어회화에린스티브편세트,IH-ENG-5803,영어탈피 라이브 영어회화 에린 스티브편 세트
9791195301140,madfor영어회화lite1,IH-ENG-5807,Mad for 영어회화 Lite 1
9791195301157,madfor영어회화lite2,IH-ENG-5808,Mad for 영어회화 Lite 2
9791188112517,더베스트영어회화표현사전,IH-ENG-5809,더베스트 영어회화 표현사전
9788924051421,고급영어회화문장양장,IH-ENG-5811,고급 영어 회화 문장 (제3판) [양장]
9791170061793,야나두리얼스피킹6,IH-ENG-5812,야나두 리얼 스피킹 6
9791170061786,야나두리얼스피킹5,IH-ENG-5813,야나두 리얼 스피킹 5
9791170061762,야나두리얼스피킹3,IH-ENG-5814,야나두 리얼 스피킹 3
9791196216504,왕초보영어회화voca,IH-ENG-5818,왕초보 영어회화 VOCA
9788980104888,토마스와앤더스의착한미국영어회화,IH-ENG-5819,토마스와 앤더스의 착한 미국영어회화
9791188112319,쓰면서말해봐영어회화여행편,IH-ENG-5820,쓰면서 말해봐 영어회화 여행편
9791188112326,쓰면서말해봐영어회화일상편,IH-ENG-5821,쓰면서 말해봐 영어회화 일상편
9791188112302,쓰면서말해봐영어회화기본편,IH-ENG-5822,쓰면서 말해봐 영어회화 기본편
9791130614403,300단어영어회화의기적말문늘리기편,IH-ENG-5824,300단어 영어회화의 기적: 말문 늘리기편
9791170061748,야나두리얼스피킹2,IH-ENG-5825,야나두 리얼 스피킹 2
9791170061731,야나두리얼스피킹1,IH-ENG-5826,야나두 리얼 스피킹 1
9791170061724,야나두기초영어회화트레이닝북,IH-ENG-5827,야나두 기초영어회화 트레이닝북
9791170061717,야나두왕기초이론basicgrammar,IH-ENG-5828,야나두 왕기초이론 Basic Grammar
9791195651085,신생활영어회화사전,IH-ENG-5830,신 생활영어 회화사전
9791188508013,한국인만알아듣는영어외국인도알아듣는영어,IH-ENG-5831,한국인만 알아듣는 영어 외국인도 알아듣는 영어
9788971728451,프리토킹영어회화완전정복,IH-ENG-5833,프리토킹 영어회화 완전정복
9788975675911,초보자도자신있게원어민처럼말하는영어회화,IH-ENG-5834,초보자도 자신있게 원어민처럼 말하는 영어회화
9788983799418,비즈니스영어회화핵심패턴,IH-ENG-5835,비즈니스 영어회화 핵심 패턴
9791188363056,당신의마지막영어회화왕초보설명서1,IH-ENG-5837,당신의 마지막 영어회화 왕초보 설명서 1
9791185160535,sos서바이벌여행영어회화,IH-ENG-5838,SOS 서바이벌 여행영어회화
9791187158035,생활영어회화천사전치사접속사조동사의문문,IH-ENG-5839,생활영어 회화천사: 전치사 접속사 조동사 의문문
9791195113446,작심보카2,IH-ENG-5841,작심보카 2
9791195113439,작심보카1,IH-ENG-5842,작심보카 1
9791195113453,작심보카3,IH-ENG-5843,작심보카 3
9788962818000,어쩌다영어터짐,IH-ENG-5844,어쩌다 영어터짐
9791159616273,명령문만알아도영어회화기본은한다,IH-ENG-5847,명령문만 알아도 영어회화 기본은 한다
9791195595655,비지니스영어이메일비즈니스영어회화,IH-ENG-5849,비지니스 영어이메일 비즈니스 영어회화
9791195301126,madfor영어회화vol2,IH-ENG-5850,Mad for 영어회화 Vol 2
9791195724758,바로쓰는영화속72가지영어회화여섯번째브리짓존스의베이비편,IH-ENG-5852,바로 쓰는 영화 속 72가지 영어 회화: 여섯 번째 '브리짓 존스의 베이비' 편
9791196012700,이보영의여행영어회화,IH-ENG-5853,이보영의 여행영어회화
9788991209800,품에영,IH-ENG-5855,품에영
9791186656440,영어회화가무지무지쉬워진다,IH-ENG-5856,영어회화가 무지무지 쉬워진다
9791125413028,헷갈리는영어회화표현200,IH-ENG-5857,헷갈리는 영어회화 표현 200
9788971866573,에티켓영어회화,IH-ENG-5858,에티켓 영어 회화
9788972293446,essence관광영어회화,IH-ENG-5859,Essence 관광영어회화
9791170061779,야나두리얼스피킹4,IH-ENG-5861,야나두 리얼 스피킹 4
9791157682232,영어회화순간패턴200,IH-ENG-5862,영어회화 순간패턴 200
9788924044935,고급영어회화문장모음집,IH-ENG-5863,고급영어회화문장 모음집(제2판)
9791187152033,원어민처럼말하기,IH-ENG-5866,원어민처럼 말하기
9791195877768,핵심임상실무의학용어영어회화,IH-ENG-5867,핵심 임상실무 의학용어 & 영어회화
9791187244035,내생애마지막영어,IH-ENG-5868,내 생애 마지막 영어
9791195047574,왕초보외국인친구에게영어로전도하기,IH-ENG-5878,"왕초보, 외국인 친구에게 영어로 전도하기"
9791187158011,생활영어회화천사,IH-ENG-5879,생활영어 회화천사(5형식/준동사)
9791195724741,바로쓰는영화속72가지영어회화다섯번째마이펫의이중생활편,IH-ENG-5880,바로 쓰는 영화 속 72가지 영어 회화: 다섯 번째 마이펫의 이중생활 편
9788964147122,실전cpa영어회화100선,IH-ENG-5881,실전 CPA 영어회화 100선
9788993688498,나만의여행영어회화,IH-ENG-5882,나만의 여행영어회화
9791195724734,바로쓰는영화속72가지영어회화네번째미비포유편,IH-ENG-5884,바로 쓰는 영화 속 72가지 영어 회화: 네 번째 미 비포 유 편
9791186533413,1분에5문장영어회화,IH-ENG-5885,1분에 5문장 영어회화
9791156350477,히어로왕초보영어회화,IH-ENG-5888,히어로 왕초보 영어 회화
9788983798992,호주현지영어회화한권으로끝,IH-ENG-5890,호주 현지 영어회화 한 권으로 끝!
9791185980164,기적의영어회화스피킹1,IH-ENG-5891,기적의 영어회화 스피킹 1
9791185160306,10년해도안되는일상영어회화첫걸음끝장내기1,IH-ENG-5892,10년해도 안되는 일상영어회화 첫걸음 끝장내기 1
9791187168171,만만하게시작하는왕초보영어회화일상편,IH-ENG-5893,만만하게 시작하는 왕초보 영어회화: 일상편
9791185799131,해사실무영어회화항해사기관사행정업무실무영어,IH-ENG-5894,해사실무영어회화: 항해사 기관사 행정업무 실무영어
9788993340532,실전에서바로적용할수있는임상영어회화국제학회편,IH-ENG-5895,실전에서 바로 적용할 수 있는 임상영어 회화: 국제학회편
9788993340525,실전에서바로적용할수있는임상영어회화외래진료편,IH-ENG-5896,실전에서 바로 적용할 수 있는 임상영어회화: 외래진료편
9791186796085,영어탈피라이브영어회화4너는신의존재를믿니,IH-ENG-5897,영어탈피 라이브 영어회화 4: 너는 신의 존재를 믿니?
9791186796047,영어탈피라이브영어회화세트에린스티브편,IH-ENG-5901,영어탈피 라이브 영어회화 세트: 에린 스티브편
9791195724710,바로쓰는영화속72가지영어회화두번째인턴편,IH-ENG-5903,바로 쓰는 영화 속 72가지 영어 회화: 두번째 인턴 편
9788980104857,토마스와앤더스의착한여행영어회화,IH-ENG-5904,토마스와 앤더스의 착한 여행영어회화(교재용)(Pure and Simple Travel English Conversation)
9791185980140,팟캐스트영어스터디,IH-ENG-5905,팟캐스트 영어 스터디
9788962257175,해외건설실무영어회화,IH-ENG-5906,해외건설 실무영어회화
9791195724703,바로쓰는영화속72가지영어회화첫번째프렌즈시즌1편,IH-ENG-5908,바로 쓰는 영화 속 72가지 영어 회화: 첫번째 프렌즈 시즌 1편
9788949304830,초보자도쉽게배울수있는기초영어회화,IH-ENG-5909,초보자도 쉽게 배울 수 있는 기초 영어 회화
9788983798800,thisisspeaking,IH-ENG-5911,This is Speaking!(이것이 스피킹이다!)
9788977245082,100가지상황별무작정따라하는초보탈출영어회화,IH-ENG-5914,100가지 상황별 무작정 따라하는 초보탈출 영어회화
9788998469931,왕초보1일30분영어회화,IH-ENG-5915,왕초보 1일 30분 영어회화
9788983798749,영어가톡튀어나오는영어회화,IH-ENG-5917,영어가 톡 튀어나오는 영어회화
9791185160252,표현력을10배로확장시켜주는베스트영어회화패턴공식,IH-ENG-5918,표현력을 10배로 확장시켜주는 베스트 영어회화 패턴공식
9791186495117,혼자서배우는일공일영어회화,IH-ENG-5919,혼자서 배우는 일공일 영어회화
9788980995738,2030영어회화,IH-ENG-5920,2030 영어회화
9791195170289,8시간에끝내는기초영어미드천사기초회화패턴,IH-ENG-5921,8시간에 끝내는 기초영어 미드천사: 기초회화 패턴
9788992197748,초등영어회화한번에끝내기,IH-ENG-5922,초등영어회화 한번에 끝내기(Level 1-4학년 초중급)
9788975825514,유창한영어회화를위한싱싱초간단영작문,IH-ENG-5923,유창한 영어회화를 위한 싱싱 초간단 영작문+(플러스)
9791195396061,foxyenglish19초급영어회화,IH-ENG-5924,Foxy English +19 초급 영어회화
9788991068704,회화를위한영문법,IH-ENG-5925,회화를 위한 영문법
9791185419176,일빵빵스토리가있는영어회화4,IH-ENG-5926,일빵빵 스토리가 있는 영어회화 4
9788934114864,선교영어회화영어기도법,IH-ENG-5929,선교영어회화&영어기도법
9788998469832,만만하게시작하는왕초보영어회화,IH-ENG-5933,만만하게 시작하는 왕초보 영어회화(기초편)
9788996904267,영어대화의비법을익히는뉴패러다임영어회화,IH-ENG-5935,영어 대화의 비법을 익히는 뉴패러다임 영어회화
9791195595617,한권으로끝내는해외여행영어회화,IH-ENG-5937,한 권으로 끝내는 해외여행 영어회화
9791186656068,이렇게쉬운동사로영어회화가가능할줄몰랐다,IH-ENG-5938,이렇게 쉬운동사로 영어회화가 가능할 줄 몰랐다!
9788975825491,영어개념으로이해하는영어회화,IH-ENG-5939,영어개념으로 이해하는 영어 회화
9788992683678,왕초보실생활영어회화기본패턴,IH-ENG-5941,왕초보 실생활 영어회화+기본패턴
9791185980041,영어회화필수패턴,IH-ENG-5943,영어회화 필수 패턴(Essential English Patterns)
9791186089262,간호사를위한임상실무영어회화,IH-ENG-5946,간호사를 위한 임상실무영어회화
9788983798503,초보탈출영어회화,IH-ENG-5947,초보탈출 영어회화
9791185160221,아줌마영어회화첫걸음,IH-ENG-5950,아줌마 영어회화 첫걸음(포켓판)
9791195250110,우리말로배우는기초여행영어회화,IH-ENG-5953,우리말로 배우는 기초 여행영어회화
9791195140459,베이직영어회화,IH-ENG-5955,베이직 영어회화
9791195170241,4시간에끝내는영화영작응용패턴,IH-ENG-5957,4시간에 끝내는 영화영작: 응용패턴
9788996904236,배낭여행영어회화,IH-ENG-5959,배낭여행 영어회화
9788991068650,꼭필요한영어회화베스트표현900,IH-ENG-5960,꼭 필요한 영어회화 베스트표현 900(일상회화편)
9788964760178,관광호텔실무영어회화,IH-ENG-5961,관광 호텔 실무 영어 회화
9788990811523,가장많이사용하는25단어로시작하는영어회화,IH-ENG-5967,가장 많이 사용하는 25단어로 시작하는 영어회화
9788996577881,대박영어회화표현4051,IH-ENG-5968,대박 영어회화표현 405 1(무료 음성 강의)
9788992683616,매출대박으로이끄는판매왕영어회화,IH-ENG-5970,매출 대박으로 이끄는 판매왕 영어회화
9788998469306,스피킹영어패턴300알파,IH-ENG-5971,스피킹 영어패턴 300+알파
9788958075219,3일뒤외국인을만납니다,IH-ENG-5975,3일 뒤 외국인을 만납니다
9788958081333,눈으로보고입으로말하는ok영어회화,IH-ENG-5976,눈으로 보고 입으로 말하는 OK 영어회화
9791156340225,해외비즈니스실전영어회화기본기완전터득비법,IH-ENG-5977,해외비즈니스 실전영어회화 기본기 완전터득 비법
9791155900178,의사간호사의대생을위한실전임상영어회화,IH-ENG-5980,의사 간호사 의대생을 위한 실전 임상영어회화
9788998469269,우리말만알아도바로통하는왕초보일상영어회화,IH-ENG-5981,우리말만 알아도 바로 통하는 왕초보 일상 영어 회화
9788967620707,talkingdna,IH-ENG-5982,Talking DNA(토킹 디엔에이)
9788983798091,소설영어회화,IH-ENG-5983,소설 영어회화
9791185650142,선교영어회화,IH-ENG-5985,선교영어회화
9788961838221,의료관광실무영어회화,IH-ENG-5987,의료관광 실무영어회화
9788917222081,완전초보영어회화,IH-ENG-5989,완전초보 영어회화
9791195146413,특허받은영어발음리스닝모음편자음편세트,IH-ENG-5990,특허받은 영어발음 리스닝 모음편 + 자음편 세트
9788996577874,대박영어회화표현405,IH-ENG-5991,(네이티브처럼 말하게 해주는) 대박 영어회화표현 405 (set)
9788990811516,왕초보포켓영어회화사전,IH-ENG-5993,왕초보 포켓 영어회화사전
9791195140404,101가지상황으로배우는생활영어회화,IH-ENG-5994,101가지 상황으로 배우는 생활영어 회화
9788991068575,꼭필요한영어회화베스트패턴66주제별핵심패턴,IH-ENG-5999,꼭 필요한 영어회화 베스트 패턴 66: 주제별 핵심패턴
9788930232944,할머니도쉽게배우는why그랜마영어영어회화편,IH-ENG-6000,할머니도 쉽게 배우는 Why 그랜마 영어: 영어 회화 편
9788996895176,스토리가있는일빵빵영어회화3,IH-ENG-6003,스토리가 있는 일빵빵 영어회화 3
9788997221141,영어회화표현ranking1530,IH-ENG-6004,영어회화표현 Ranking 1-530
9788998469184,쓰면서배우는영어회화첫걸음book,IH-ENG-6005,쓰면서 배우는 영어회화 첫걸음 BOOK
9788990811493,뉴스마트영어회화사전,IH-ENG-6006,뉴 스마트영어 회화사전
9788994145914,직독직해를통한영어회화트레이닝,IH-ENG-6007,직독직해를 통한 영어회화 트레이닝
9788983797926,엄마표카톡영어,IH-ENG-6009,엄마표 카톡 영어
9788995935071,영어회화공식4개2,IH-ENG-6011,영어회화 공식4개 2
9788962787467,오지은의메디컬영어회화수술편,IH-ENG-6012,오지은의 메디컬영어회화: 수술편
9788992179652,잘못된영어회화올바른영어회화,IH-ENG-6013,잘못된 영어회화 올바른 영어회화
9788991298651,기본표현형매일10분이면왕초보도영어회화술술한다,IH-ENG-6014,기본표현형 매일 10분이면 왕초보도 영어회화 술술한다
9788963243023,weekly영어회화,IH-ENG-6018,Weekly 영어회화
9788998469139,우리말만알아도바로통하는왕초보영어회화표현사전,IH-ENG-6019,우리말만 알아도 바로 통하는 왕초보 영어회화 표현사전
9788992215824,하루에1분일상생활영어회화,IH-ENG-6020,하루에 1분 일상생활 영어회화
9788974825492,영어회화백과,IH-ENG-6021,영어회화 백과
9788998811006,책장만넘기면거침없이영어회화되는책,IH-ENG-6022,책장만 넘기면 거침없이 영어회화 되는 책
9788994145297,별별표현쉽게따라하는영어회화,IH-ENG-6023,별별표현 쉽게 따라하는 영어 회화
9788949304120,한번만읽어도척척말할수있는실용영어회화,IH-ENG-6024,한번만 읽어도 척척 말할 수 있는 실용 영어회화(129가지)
9788949304090,3마디로끝내주는상황별영어회화,IH-ENG-6025,3마디로 끝내주는 상황별 영어회화
9788990370938,영어회화줄기패턴164,IH-ENG-6031,영어회화 줄기패턴 164
9788992179607,영어회화패턴200,IH-ENG-6032,영어회화 패턴200
9788998469016,혼자가도당당한왕초보여행영어회화,IH-ENG-6033,혼자가도 당당한 왕초보 여행 영어 회화
9788957001158,영어회화의정석입문편,IH-ENG-6034,영어회화의 정석: 입문편
9788991068520,영어회화베스트표현1200상황회화편,IH-ENG-6035,영어회화 베스트 표현 1200: 상황회화 편
9788925548524,김영철의펀펀투데이,IH-ENG-6036,김영철의 펀펀 투데이
9788996895114,일빵빵영어회화2,IH-ENG-6037,일빵빵 영어회화 2
9788990811400,상황영어회화101가지,IH-ENG-6038,상황 영어회화 101가지
9788960379992,포텐영어회화2,IH-ENG-6039,포텐 영어회화 2
9788993394900,명화를보며배우는영어회화3,IH-ENG-6040,명화를 보며 배우는 영어회화 3
9788993394894,명화를보며배우는영어회화2,IH-ENG-6041,명화를 보며 배우는 영어회화 2
9788993394887,명화를보며배우는영어회화1,IH-ENG-6042,명화를 보며 배우는 영어회화 1
9788960379985,포텐영어회화1,IH-ENG-6043,포텐 영어회화 1
9788993417449,엄마와함께하는초등영어회화첫걸음,IH-ENG-6045,엄마와 함께하는 초등 영어회화 첫걸음
9788992683487,테마별영어회화단어2300,IH-ENG-6046,테마별 영어회화&단어 2300
9788960512382,월스트리트비즈니스영어회화,IH-ENG-6047,월스트리트 비즈니스 영어회화
9788964891506,영어회화로미국간다,IH-ENG-6048,영어회화로 미국 간다(Brian's Easy English)
9788993394856,명화를보며배우는영어회화,IH-ENG-6051,명화를 보며 배우는 영어회화(명화해설집)
9788972441137,입이열리는영어회화,IH-ENG-6053,입이 열리는 영어회화
9788960981850,영어회화패턴이건기본이야,IH-ENG-6055,영어회화 패턴 이건 기본이야
9788997888320,10주완성영어회화,IH-ENG-6056,10주완성 영어회화
9788997693047,신규식영어회화,IH-ENG-6057,신규식 영어회화
9788993417944,미드스크린영어회화패턴사전,IH-ENG-6060,미드 스크린 영어회화 패턴사전
9788996895107,스토리가있는일빵빵영어회화1,IH-ENG-6061,스토리가 있는 일빵빵 영어회화 1
9788991324497,글로벌사서를위한도서관영어회화,IH-ENG-6062,글로벌 사서를 위한 도서관영어회화
9788996743613,원어민에대처하는3단멘토링영어회화,IH-ENG-6067,원어민에 대처하는 3단 멘토링 영어회화
9788985322294,초등학생을위한처음으로배우는영어회화,IH-ENG-6068,초등학생을 위한 처음으로 배우는 영어회화
9788955188493,베이직토크영어회화3,IH-ENG-6069,베이직 토크 영어회화. 3
9788955188479,베이직토크영어회화1,IH-ENG-6071,베이직 토크 영어회화. 1
9788977235410,크루즈실무영어회화,IH-ENG-6072,크루즈실무 영어회화
9788992308731,미국인들이가장많이쓰는상황별패턴영어회화,IH-ENG-6074,미국인들이 가장 많이 쓰는 상황별 패턴 영어회화
9788975823572,판매달인영어회화,IH-ENG-6076,판매달인 영어회화
9788925546025,출퇴근길텐미닛영어회화,IH-ENG-6077,출퇴근길 텐미닛 영어회화
9788966301560,물리치료상황별영어회화,IH-ENG-6079,물리치료 상황별 영어회화
9788992683449,판매영어회화,IH-ENG-6080,판매 영어 회화
9788993417906,speakingbibleenglish,IH-ENG-6081,Speaking Bible English(스피킹 바이블 잉글리시)
9788990811325,왕초보생활영어회화118,IH-ENG-6082,왕초보 생활영어회화 118
9788961842570,릴레이영어회화,IH-ENG-6083,릴레이 영어 회화
9788962900675,글로벌호텔실무영어회화,IH-ENG-6084,글로벌 호텔 실무 영어회화
9788920009808,영어회화ii,IH-ENG-6085,영어회화 II
9788996895121,일빵빵스토리가있는영어회화,IH-ENG-6086,일빵빵 + 스토리가 있는 영어회화 (SET)
9788996790621,itsmy회화스타일,IH-ENG-6087,(상황에 따른 영어 회화) It's my 회화스타일 (1)
9788993688177,미드영어전치사트레이닝,IH-ENG-6088,미드 영어 전치사 트레이닝
9788992308588,하루30분wakeup영어회화,IH-ENG-6090,하루 30분 Wake Up 영어회화
9788964806456,영어회화대박패턴사전,IH-ENG-6091,영어회화 대박 패턴사전
9788956164717,오지은의메디컬영어회화part3,IH-ENG-6092,오지은의 메디컬 영어회화 Part 3
9788983796943,영어회화꼭성공하기,IH-ENG-6096,영어회화 꼭 성공하기
9788955189971,문단열의영어회화englishdna,IH-ENG-6097,문단열의 영어회화 ENGLISH DNA
9788990370907,필수기본영어회화,IH-ENG-6098,필수 기본 영어회화(Power Talking Training)
9788970438382,임상영어회화중급및고급,IH-ENG-6099,임상영어회화 중급 및 고급
9788961837446,관광호텔영어회화,IH-ENG-6101,관광호텔영어회화
9788956164472,오지은의메디컬영어회화part2,IH-ENG-6102,오지은의 메디컬 영어회화 Part. 2
9788992683388,왕초보를위한영어회화핵심패턴153,IH-ENG-6105,왕초보를 위한 영어회화 핵심패턴 153
9788957001059,영어회화이지패턴300,IH-ENG-6106,영어회화 이지패턴 300
9788979100877,임상영어회화중급,IH-ENG-6107,임상영어회화 중급
9788994145396,신영어회화핵심패턴224,IH-ENG-6109,신 영어회화 핵심패턴 224
9788956164335,오지은의메디컬영어회화part1,IH-ENG-6110,오지은의 메디컬 영어회화 PART 1
9788947247689,의료영어회화,IH-ENG-6111,의료 영어회화
9788971866672,패턴영어회화,IH-ENG-6112,패턴 영어회화
9788926819586,열린영어회화1,IH-ENG-6113,열린영어회화 1
9788926819609,열린영어회화2,IH-ENG-6114,열린영어회화 2
9788996672449,영어회화의열쇠영작이그해답이다,IH-ENG-6120,"영어회화의 열쇠, 영작이 그 해답이다!"
9788926819562,열린영어회화,IH-ENG-6121,열린 영어회화 (세트)
9788996586708,통상영어회화,IH-ENG-6122,(고등학교) 통상 영어회화
9788960235007,한권으로끝내는영어회화,IH-ENG-6124,한 권으로 끝내는 영어회화
9788988213292,영어회화완전정복교과서,IH-ENG-6125,영어회화 완전정복 교과서
9788996296157,영어회화고수되다,IH-ENG-6127,영어회화 고수되다
9788926206324,letshavefun,IH-ENG-6128,LETS HAVE FUN
9788926206317,myday,IH-ENG-6129,MY DAY
9788996381143,혼자배우는비즈영어회화첫걸음,IH-ENG-6130,혼자 배우는 비즈 영어회화 첫걸음
9788992433730,한두마디로통하는영어회화,IH-ENG-6131,한두 마디로 통하는 영어회화(BASIC)
9788993812213,영어회화는뻔한패턴의반복으로4주면된다,IH-ENG-6134,영어회화는 뻔한 패턴의 반복으로 4주면 된다
9788992683357,처음가는런던,IH-ENG-6135,처음 가는 런던
9788996431350,민병철영어회화시트콘603라이프스타일,IH-ENG-6136,민병철 영어회화 시트콘 60 3: 라이프스타일
9788996431336,민병철영어회화시트콘601리얼라이프,IH-ENG-6138,민병철 영어회화 시트콘 60 1: 리얼 라이프
9788957001042,영어회화는패턴이다,IH-ENG-6139,영어회화는 패턴이다
9788993417586,letstalk기초영어회화,IH-ENG-6143,LETS TALK 기초영어회화
9788955188608,영어회화핵심표현233,IH-ENG-6147,영어회화 핵심표현 233
9788991759947,체험영어회화1000장면,IH-ENG-6148,체험영어회화 1000장면
9788993162080,땡큐부터시작하는왕기초영어회화,IH-ENG-6150,땡큐부터 시작하는 왕기초 영어회화
9788959111152,현지인들이가장많이쓰는영어회화표현,IH-ENG-6152,현지인들이 가장 많이 쓰는 영어회화표현
9788993812121,영어회화표현모음집,IH-ENG-6153,영어회화 표현 모음집
9788960371606,이지윤의비즈니스영어회화,IH-ENG-6154,이지윤의 비즈니스 영어회화
9788975813917,영어회화트레이닝,IH-ENG-6156,영어회화 트레이닝
9788993812077,영어회화를위한네이티브현지영어표현집,IH-ENG-6157,영어회화를 위한 네이티브 현지영어 표현집
9788996215240,20일완성입문영어회화내맘대로돼라,IH-ENG-6158,20일완성 입문 영어회화 내맘대로 돼라
9788963560472,관광영어회화,IH-ENG-6159,관광영어회화
9788980593620,기본병원영어회화,IH-ENG-6161,기본 병원 영어 회화
9788957001011,40장면영어회화필수표현,IH-ENG-6162,40장면 영어회화 필수표현
9788992736213,우주에서제일쉬운영어회화,IH-ENG-6164,우주에서 제일 쉬운 영어회화(하)
9788992179348,엣지있는영어회화,IH-ENG-6165,엣지 있는 영어회화
9788957000984,쉬워서좋은독학영어회화첫걸음,IH-ENG-6167,쉬워서 좋은 독학 영어회화 첫걸음
9788988108291,뉴패턴영어회화사전,IH-ENG-6169,뉴 패턴 영어 회화 사전
9788971725818,한줄영어회화start5,IH-ENG-6171,한줄 영어회화 START. 5
9788971725801,한줄영어회화start4,IH-ENG-6172,한줄 영어회화 START. 4
9788971725795,한줄영어회화start3,IH-ENG-6173,한줄 영어회화 START. 3
9788971725788,한줄영어회화start2,IH-ENG-6174,한줄 영어회화 START. 2
9788950921781,영어회화모질게끝내기스피킹핵심문형120,IH-ENG-6177,영어회화 모질게 끝내기: 스피킹 핵심문형 120
9788996456827,영어회화훔치기,IH-ENG-6178,영어회화 훔치기
9788992197458,quickspeaking초간단영어회화,IH-ENG-6179,Quick Speaking 초간단 영어회화
9788996215233,나는이미영어회화를잘하고있었다,IH-ENG-6180,나는 이미 영어회화를 잘하고 있었다
9788977241442,5세부터엄마와함께시작하는유치원영어회화,IH-ENG-6181,5세부터 엄마와 함께 시작하는 유치원 영어 회화
9788993417371,영어회화단숨에따라잡기1,IH-ENG-6185,영어회화 단숨에 따라잡기 1
9788993417388,영어회화단숨에따라잡기2,IH-ENG-6186,영어회화 단숨에 따라잡기 2
9788992836814,초등영어기본회화,IH-ENG-6188,초등영어 기본회화
9788993812022,4주완성패턴영어회화이정도면되겠니,IH-ENG-6190,4주 완성 패턴 영어 회화 이 정도면 되겠니
9788992984553,왕초보영어회화pattern119,IH-ENG-6191,왕초보 영어회화 PATTERN 119
9788971725481,즉석에서바로바로활용하는영어회화완전정복2442,IH-ENG-6192,즉석에서 바로바로 활용하는 영어회화 완전정복 2442
9788993279306,초등학생을위한영어회화첫걸음,IH-ENG-6194,초등학생을 위한 영어회화 첫걸음
9788972440970,일상생활영어회화,IH-ENG-6198,일상생활 영어회화
9788996215226,오석태의스크린미드영어회화,IH-ENG-6200,오석태의 스크린 미드 영어회화
9788975675201,입으로소문난영어회화,IH-ENG-6206,입으로 소문난 영어회화
9788993688016,영어회화문장만들기30일만에끝내기,IH-ENG-6207,영어회화 문장 만들기 30일만에 끝내기
9788960374300,언제떠나도자신있는이보영의어학연수영어회화,IH-ENG-6208,언제 떠나도 자신있는 이보영의 어학연수 영어회화
9788970340906,영어회화가저절로되는순간영작문중급셔플트레이닝,IH-ENG-6211,영어회화가 저절로 되는 순간 영작문 중급 셔플 트레이닝
9788974531713,영어초보자를위한왕초보3step패턴영어회화300,IH-ENG-6213,영어 초보자를 위한 왕초보 3-STEP 패턴영어회화 300
9788973183203,느낌팍팍왕초보영어회화,IH-ENG-6214,느낌팍팍 왕초보 영어회화
9788996215202,오석태의영어회화내맘대로돼라,IH-ENG-6215,오석태의 영어회화 내맘대로돼라
9788970699622,알기쉬운의학용어및영어회화,IH-ENG-6216,알기쉬운 의학용어 및 영어회화
9788947241045,호텔레스토랑영어회화,IH-ENG-6217,호텔 레스토랑 영어회화
9788960373563,문단열의만만한패턴으로영어회화사로잡기,IH-ENG-6221,문단열의 만만한 패턴으로 영어회화 사로잡기
9788972440949,다시처음부터배우는영어회화,IH-ENG-6222,다시 처음부터 배우는 영어회화
9788971725283,램영어회화,IH-ENG-6223,(오래 기억되고 쉽게 말할 수 있는) 램 영어회화
9788963560205,초급영어회화,IH-ENG-6227,초급영어회화
9788988026991,다시시작하는왕초보단박영어회화,IH-ENG-6229,다시 시작하는 왕초보 단박 영어회화
9788959111015,톡talk톡talk영어회화,IH-ENG-6231,(생각대로 해봐!) 톡talk 톡talk 영어회화
9788993336771,의료관광코디네이터followup의료영어회화,IH-ENG-6232,의료관광 코디네이터 follow up 의료 영어회화
9788991068278,초보자를위한영어회화기본표현완전마스터,IH-ENG-6233,초보자를 위한 영어회화 기본표현 완전 마스터
9788990384263,왕초보영어회화누워서말문트기,IH-ENG-6235,왕초보 영어회화 누워서 말문트기
9788992018357,30일만에끝내는왕초보핵심best영어회화일상회화편,IH-ENG-6236,30일 만에 끝내는 왕초보 핵심 BEST 영어회화: 일상회화 편
9788959390502,영어가즐거워지는쌤s두루두루영어회화,IH-ENG-6243,영어가 즐거워지는 쌤 S 두루두루 영어회화
9788986607680,초보자에게딱좋은기초영어회화,IH-ENG-6246,초보자에게 딱 좋은 기초영어회화
9791187158844,자동암기고등필수영단어119,IH-ENG-6249,자동암기 고등 필수 영단어 119
9791187158851,자동암기수능필수영단어119,IH-ENG-6250,자동암기 수능 필수 영단어 119
9791187158837,자동암기중학필수영단어119,IH-ENG-6251,자동암기 중학 필수 영단어 119
9791187158790,음악과퍼즐로자동암기고등영단어800,IH-ENG-6252,음악과 퍼즐로 자동암기 고등 영단어 800
9791187158783,음악과퍼즐로자동암기중등영단어700,IH-ENG-6253,음악과 퍼즐로 자동암기 중등 영단어 700
9791194462552,한글발음이있는기초영단어600,IH-ENG-6254,한글 발음이 있는 기초 영단어 600
9788927781295,voca탄탄1입문,IH-ENG-6255,VOCA 탄탄 1: 입문
9788927781301,voca탄탄2기본,IH-ENG-6256,VOCA 탄탄 2: 기본
9791189902247,경선식의토익영단어초스피드암기비법,IH-ENG-6257,경선식의 토익 영단어 초스피드 암기비법
9791172570262,왕초보필수영단어960,IH-ENG-6258,왕초보 필수 영단어 960
9788994037172,pod영단어공부가이렇게쉬워초등,IH-ENG-6259,[POD] 영단어공부가 이렇게 쉬워? 초등
9791175158801,지적대화를위한정확한영어표현,IH-ENG-6260,지적 대화를 위한 정확한 영어표현
9788975676680,방구석영단어,IH-ENG-6261,방구석 영단어
9791194500117,나는첫알파벳쓰기천재,IH-ENG-6262,나는 첫 알파벳 쓰기 천재
9791112186577,pod일상생활필수영단어2048,IH-ENG-6263,[POD] 일상생활 필수 영단어 2048
9788994037202,pod영단어공부가이렇게쉬워toeic,IH-ENG-6264,[POD] 영단어공부가 이렇게 쉬워? TOEIC
9788994037219,pod영단어공부가이렇게쉬워중학생기본,IH-ENG-6265,[POD] 영단어공부가 이렇게 쉬워? 중학생기본
9791124130124,기적의코어영단어어휘력10x,IH-ENG-6266,기적의 코어 영단어 어휘력 10X
9791189902223,경선식의수능영단어초스피드암기비법연상만화기본,IH-ENG-6267,경선식의 수능영단어 초스피드 암기비법 연상만화 기본
9791189902230,경선식의수능영단어초스피드암기비법연상만화완성,IH-ENG-6268,경선식의 수능영단어 초스피드 암기비법 연상만화 완성
9791185600611,리딩으로끝내는영단어수능2000vol1,IH-ENG-6269,리딩으로 끝내는 영단어 수능 2000 Vol.1
9791185600628,리딩으로끝내는영단어수능2000vol2,IH-ENG-6270,리딩으로 끝내는 영단어 수능 2000 Vol.2
9791175158900,영어스피킹기적의영단어100,IH-ENG-6271,영어 스피킹 기적의 영단어 100
9788994283852,슬슬영단어level6,IH-ENG-6272,슬슬 영단어 Level 6
9791194347217,하루한장미묘한영단어,IH-ENG-6273,"하루 한장, 미묘한 영단어"
9788994283845,슬슬영단어level5,IH-ENG-6274,슬슬 영단어 Level 5
9791185600574,리딩으로끝내는영단어중학1기본,IH-ENG-6275,리딩으로 끝내는 영단어 중학1 기본
9791185600581,리딩으로끝내는영단어중학2중급,IH-ENG-6276,리딩으로 끝내는 영단어 중학2 중급
9791185600598,리딩으로끝내는영단어중학3실력,IH-ENG-6277,리딩으로 끝내는 영단어 중학3 실력
9791185600604,리딩으로끝내는영단어고등기본,IH-ENG-6278,리딩으로 끝내는 영단어 고등 기본
9788994283838,슬슬영단어level4,IH-ENG-6279,슬슬 영단어 Level 4
9788992197007,알쏭달쏭헷갈리는영단어,IH-ENG-6280,알쏭달쏭 헷갈리는 영단어
9791167701473,영어어감사전,IH-ENG-6281,영어 어감 사전
9791194600930,문장으로술술초등필수영단어800,IH-ENG-6282,문장으로 술술 초등 필수영단어 800
9788994283821,슬슬영단어level3,IH-ENG-6283,슬슬 영단어 Level 3
9791199169241,초등영단어크로스워드워크북1,IH-ENG-6284,초등영단어 크로스워드 워크북 1
9788994283807,슬슬영단어level1,IH-ENG-6285,슬슬 영단어 Level 1
9788994283814,슬슬영단어level2,IH-ENG-6286,슬슬 영단어 Level 2
9791164804061,초등영단어쓰기,IH-ENG-6287,초등 영단어 쓰기
9791199593800,중학어원영단어도감입문,IH-ENG-6288,중학 어원 영단어 도감 입문
9788924180169,pod딱30일당신의영어가달라진다,IH-ENG-6289,"[POD] 딱 30일, 당신의 영어가 달라진다"
9791194583752,중학교과서영단어영영풀이토핑보카중21통합편,IH-ENG-6290,"중학교과서 영단어, 영영풀이 토핑보카 중2-1 통합편(2026)"
9791171420940,대치동기적의중학영어영단어18003단계,IH-ENG-6291,대치동 기적의 중학영어 영단어 1800 3단계
9791187158769,자동암기초등영단어500,IH-ENG-6292,자동암기 초등 영단어 500
9788968984020,리얼오리지널전국연합학력평가3개년기출모의고사1212회고2영어,IH-ENG-6293,리얼 오리지널 전국연합 학력평가 3개년 기출 모의고사 12+12회 고2 영어 (2026년)
9788968983993,리얼오리지널전국연합학력평가3개년기출모의고사1212회고1영어,IH-ENG-6294,리얼 오리지널 전국연합 학력평가 3개년 기출 모의고사 12+12회 고1 영어 (2026년)
9791193666388,공감영어최빈출영단어,IH-ENG-6295,공감영어 최빈출 영단어
9791199374676,코알라식의외로잘모르는영단어도감,IH-ENG-6296,코알라식 의외로 잘 모르는 영단어 도감
9791198950338,빽빽이중학생필수영단어3,IH-ENG-6297,빽빽이 중학생 필수 영단어 3
9791138847957,에빙하우스수능만점영단어courseh2,IH-ENG-6298,에빙하우스 수능만점 영단어 COURSE H-2
9791171420933,대치동기적의중학영어영단어18002단계,IH-ENG-6299,대치동 기적의 중학영어 영단어 1800_2단계
9788985901284,영단어세계사,IH-ENG-6300,영단어 세계사
9791138846721,에빙하우스수능만점영단어courseh1,IH-ENG-6301,에빙하우스 수능만점 영단어 COURSE H-1
9791171420926,대치동기적의중학영어영단어18001단계,IH-ENG-6302,대치동 기적의 중학영어 영단어 1800 1단계
9788924174410,pod영단어뉘앙스한번에이해하기,IH-ENG-6303,[POD] 영단어 뉘앙스 한 번에 이해하기
9788971721193,초등영단어쓰기노트60day,IH-ENG-6304,초등 영단어 쓰기노트 60 day
9791187158752,자동암기초등영단어400,IH-ENG-6305,자동암기 초등 영단어 400
9788980181001,전학년용실전모의영단어,IH-ENG-6306,전학년용 실전모의 영단어
9791175020054,ai시대10대를위한디지털트렌드영단어교양,IH-ENG-6307,"AI시대, 10대를 위한 디지털 트렌드 영단어 교양"
9791160630749,워드천사수준별영단어학습장wordworkbooklevel1,IH-ENG-6308,워드천사 수준별 영단어학습장 Word Workbook(워드 워크북) Level 1
9791160630756,워드천사수준별영단어학습장wordworkbooklevel2,IH-ENG-6309,워드천사 수준별 영단어학습장 Word Workbook(워드 워크북) Level 2
9791160630763,워드천사수준별영단어학습장wordworkbooklevel3,IH-ENG-6310,워드천사 수준별 영단어학습장 Word Workbook(워드 워크북) Level 3
9791173714559,마인크래프트영단어광물보석대도감세트,IH-ENG-6311,마인크래프트 영단어+광물·보석 대도감 세트
9791173714542,마인크래프트몹왕영단어광물보석대도감세트,IH-ENG-6312,마인크래프트 몹왕+영단어+광물·보석 대도감 세트
9791194583264,토핑보카교과서영단어영영풀이중32통합편,IH-ENG-6313,토핑보카 교과서 영단어·영영풀이 중3-2 통합편
9791194583257,토핑보카교과서영단어영영풀이중22통합편,IH-ENG-6314,토핑보카 교과서 영단어·영영풀이 중2-2 통합편
9791198801067,꼬꼬초등필수영단어따라쓰기,IH-ENG-6315,꼬꼬 초등 필수 영단어 따라쓰기
9791173714511,마인크래프트초등필수영단어대도감,IH-ENG-6316,마인크래프트 초등필수 영단어 대도감
9788928108220,쉽고빠르게익히는영단어쓰기,IH-ENG-6317,쉽고 빠르게 익히는 영단어 쓰기
9788971721131,탁상용1일5분초등영단어,IH-ENG-6318,탁상용 1일 5분 초등 영단어
9791189902216,경선식의공무원영단어초스피드암기비법,IH-ENG-6319,경선식의 공무원 영단어 초스피드 암기비법
9791189902209,경선식의토플영단어초스피드암기비법,IH-ENG-6320,경선식의 토플 영단어 초스피드 암기비법
9791189902193,경선식의수능영단어초스피드암기비법,IH-ENG-6321,경선식의 수능영단어 초스피드 암기비법
9791194583240,토핑보카교과서영단어영영풀이중12통합편,IH-ENG-6322,토핑보카 교과서 영단어·영영풀이 중1-2 통합편
9791194467793,toeic기출영단어이책안에다있다,IH-ENG-6323,TOEIC 기출영단어 이책 안에 다 있다!
8809491600810,알수록재미있는초등영단어따라쓰기,IH-ENG-6324,알수록 재미있는 초등 영단어 따라쓰기
9791198347060,사다리voca기출영단어,IH-ENG-6325,사다리 VOCA & 기출 영단어
9791168223974,교육부지정초등필수영단어800세트,IH-ENG-6326,교육부 지정 초등 필수 영단어 800 세트(단어책+활동책)
9791189902186,경선식편입영단어초스피드암기비법편입텝스sat,IH-ENG-6327,경선식 편입 영단어 초스피드 암기비법: 편입·텝스·SAT
9791167435798,더바른영단어1500,IH-ENG-6328,더 바른 영단어 1500
9791171420834,대치동기적의초등영어영단어통문장1800총정리워크북세트,IH-ENG-6329,"대치동, 기적의 초등영어 영단어 통문장 1800 총정리 워크북 세트"
9791171420810,대치동기적의초등영어영단어1800총정리워크북,IH-ENG-6330,대치동 기적의 초등영어 영단어 1800 총정리 워크북
9791172245597,영단어이미지기억법3,IH-ENG-6331,영단어 이미지 기억법 3
9791194583110,토핑보카교과서영단어영영풀이중11통합편,IH-ENG-6333,토핑보카 교과서 영단어·영영풀이 중1-1 통합편
9791194583134,토핑보카교과서영단어영영풀이중31통합편,IH-ENG-6334,토핑보카 교과서 영단어·영영풀이 중3-1 통합편
9791198939968,pod토플학문별영단어대학영어와융합적사고필수도구,IH-ENG-6335,[POD] 토플 학문별 영단어: 대학영어와 융합적 사고 필수도구 (MP3 제공)
9791170790402,읽으면영어천재가되는만화책영단어퀴즈,IH-ENG-6336,읽으면 영어천재가 되는 만화책 : 영단어 퀴즈 (예비중)
9791191962192,교육부지정초등파닉스영단어800,IH-ENG-6337,교육부 지정 초등파닉스 영단어 800
9791139224009,연상법영단어암기토익텝스토플중급편,IH-ENG-6338,"연상법 영단어 암기 토익, 텝스, 토플 중급 편"
9791199015876,강철멘탈필사노트,IH-ENG-6339,강철멘탈 필사노트
9791198880376,우리아이첫영단어친해지기,IH-ENG-6340,우리 아이 첫 영단어 친해지기
9791171420742,영어시험만점받는초등영어학습영단어1700,IH-ENG-6341,영어시험 만점받는 초등영어 학습영단어 1700
9791187158776,음악과퍼즐로자동암기중등영단어600,IH-ENG-6342,음악과 퍼즐로 자동암기 중등 영단어 600
9791171420728,교육부지정초등필수영단어800끝장내기,IH-ENG-6343,교육부 지정 초등필수 영단어 800 끝장내기
9791171420735,교육부지정초등필수영단어800따라쓰기,IH-ENG-6344,교육부 지정 초등필수 영단어 800 따라쓰기
9791169213097,재미있고빠른영단어쓰기,IH-ENG-6345,재미있고 빠른 영단어 쓰기
9791194296157,베테랑필수중학영단어21,IH-ENG-6346,베테랑 필수 중학 영단어 2-1(2025)
9791194296140,베테랑필수중학영단어12,IH-ENG-6347,베테랑 필수 중학 영단어 1-2(2025)
9791194296133,베테랑필수중학영단어11,IH-ENG-6348,베테랑 필수 중학 영단어 1-1(2025)
9791141918422,2000개영단어로읽는잠언영어성경,IH-ENG-6349,2000개 영단어로 읽는 잠언 영어성경
9791169518901,세계사로배우는교양영단어,IH-ENG-6350,세계사로 배우는 교양 영단어
9791198381927,필수핵심영단어800따라쓰기,IH-ENG-6351,필수 핵심 영단어800 따라쓰기
9791197993091,5개년ebs수능영단어rescue,IH-ENG-6352,5개년 EBS 수능 영단어 RESCUE
9791141910679,할로윈컬러링북이알려주는인기영단어top20,IH-ENG-6353,할로윈 컬러링북이 알려주는 인기 영단어 TOP 20
9791156012672,왕기초10일영단어,IH-ENG-6354,왕기초 10일 영단어
9791198916952,빽빽이고등학생필수영단어2,IH-ENG-6355,빽빽이 고등학생 필수 영단어 2
9791198916945,빽빽이고등학생필수영단어1,IH-ENG-6356,빽빽이 고등학생 필수 영단어 1
9791198916938,빽빽이중학생필수영단어2,IH-ENG-6357,빽빽이 중학생 필수 영단어 2
9791198916921,빽빽이중학생필수영단어1,IH-ENG-6358,빽빽이 중학생 필수 영단어 1
9791159258930,시험에절대안나오는영단어와하찮고도재미진이야기,IH-ENG-6359,시험에 절대 안 나오는 영단어와 하찮고도 재미진 이야기
9791192431772,인생영단어,IH-ENG-6360,인생 영단어
9791160547139,국어단어잘잡고영어단어꽉잡기,IH-ENG-6361,국어단어 잘 잡고 영어단어 꽉 잡기
9791198758798,그림플러스초등영단어,IH-ENG-6362,그림 플러스 초등영단어
9791198493514,혼공초등영단어basic1,IH-ENG-6363,혼공 초등 영단어 Basic 1
9791198493521,혼공초등영단어basic2,IH-ENG-6364,혼공 초등 영단어 Basic 2
9788996808367,서프림초등영단어,IH-ENG-6365,서프림 초등 영단어
9791198784803,어원으로영단어길들이기기본,IH-ENG-6366,어원으로 영단어 길들이기 기본
9791172241001,영단어이미지기억법1,IH-ENG-6367,영단어 이미지 기억법 1
9791198702975,중학어원영단어기본편,IH-ENG-6368,중학 어원 영단어 기본편
9791191527827,하루한장초등영단어손글씨연습장,IH-ENG-6369,하루 한 장 초등 영단어 손글씨 연습장
9791168622210,한번읽으면절대잊을수없는영단어교과서,IH-ENG-6370,한 번 읽으면 절대 잊을 수 없는 영단어 교과서
9791156352235,하루하루왕초보영단어,IH-ENG-6371,하루하루 왕초보 영단어
9791196823733,중학대비영단어넥스트레벨,IH-ENG-6372,중학 대비 영단어 넥스트 레벨
9791169518512,하루10분어원영단어,IH-ENG-6373,하루 10분 어원 영단어
9791141080570,해리포터영단어장1,IH-ENG-6374,해리포터 영단어장 1
9791141078720,시사경제금융영단어3300,IH-ENG-6375,"시사, 경제금융 ‘영단어 3,300’"
9791163035541,짝단어로끝내는바빠초등영단어34학년용,IH-ENG-6376,"짝 단어로 끝내는 바빠 초등 영단어: 3, 4학년용"
9791163035558,짝단어로끝내는바빠초등영단어56학년용,IH-ENG-6377,"짝 단어로 끝내는 바빠 초등 영단어: 5, 6학년용"
9791133722846,중학생특별한영단어학습법1,IH-ENG-6378,중학생 특별한 영단어 학습법 1
9791133722860,중학생특별한영단어학습법3,IH-ENG-6379,중학생 특별한 영단어 학습법 3
9791133722853,중학생특별한영단어학습법2,IH-ENG-6380,중학생 특별한 영단어 학습법 2
9791156345794,중학영단어암기법,IH-ENG-6381,중학 영단어 암기법
9791171420360,영어시험만점받는초등필수영단어세트,IH-ENG-6382,영어시험 만점받는 초등 필수 영단어 세트
9791171420353,초등파닉스끼리끼리주제별영단어세트,IH-ENG-6383,초등 파닉스 끼리끼리 주제별 영단어 세트
9791198493507,혼공초등영단어starter2,IH-ENG-6385,혼공 초등 영단어 Starter 2
9791197681097,혼공초등영단어starter1,IH-ENG-6386,혼공 초등 영단어 Starter 1
9791170434900,반드시알아야할초등영단어800,IH-ENG-6387,반드시 알아야 할 초등 영단어 800
9788971729861,30일만에끝내는토텝영단어3000,IH-ENG-6388,30일만에 끝내는 토텝 영단어 3000
9791141067434,5초영단어암기법,IH-ENG-6389,5초 영단어 암기법
9788975676529,씬나는스쿨초등영단어,IH-ENG-6390,씬나는 스쿨 초등 영단어
9791161480756,맛있는초등필수영단어,IH-ENG-6391,맛있는 초등 필수 영단어
9791198180216,초바영초등학생이바로쓰는영단어파닉스,IH-ENG-6392,초바영 초등학생이 바로쓰는 영단어: 파닉스
9791198180223,초바영초등학생이바로쓰는영단어실전편1,IH-ENG-6393,초바영 초등학생이 바로쓰는 영단어: 실전편 1
9791198180230,초바영초등학생이바로쓰는영단어실전편2,IH-ENG-6394,초바영 초등학생이 바로쓰는 영단어: 실전편 2
9791198180247,초바영초등학생이바로쓰는영단어600제,IH-ENG-6395,초바영 초등학생이 바로쓰는 영단어: 600제
9791198180254,초바영초등학생이바로쓰는영단어실전편2700제,IH-ENG-6396,초바영 초등학생이 바로쓰는 영단어: 실전편 2 700제
9791193499856,영단어이미지기억법2,IH-ENG-6397,영단어 이미지 기억법 2
9791171420230,대치동기적의초등영어영단어1800시리즈세트,IH-ENG-6398,"대치동, 기적의 초등영어 영단어 1800 시리즈 세트"
9791171420254,대치동기적의초등영어영단어통문장1800시리즈세트,IH-ENG-6399,"대치동, 기적의 초등영어 영단어, 통문장 1800 시리즈 세트"
9791192199504,대치동기적의초등영어영단어18006단계,IH-ENG-6400,대치동 기적의 초등영어 영단어 1800 6단계
9791188228683,초등필수영단어1400,IH-ENG-6401,초등 필수 영단어 1400
9791171730254,고등영단어수능필수어휘형용사420test포함,IH-ENG-6402,고등 영단어 수능 필수어휘 형용사 420 TEST 포함
9791171730247,고등영단어수능필수어휘동사650,IH-ENG-6403,고등 영단어 수능 필수어휘 동사 650
9791192199498,대치동기적의초등영어영단어18005단계,IH-ENG-6404,"대치동, 기적의 초등영어 영단어 1800 5단계"
9788974534912,초등영단어,IH-ENG-6406,초등 영단어
9791192199481,대치동기적의초등영어영단어18004단계,IH-ENG-6407,대치동 기적의 초등영어 영단어 1800 4단계
9791192199474,대치동기적의초등영어영단어18003단계,IH-ENG-6408,"대치동, 기적의 초등영어 영단어 1800 3단계"
9791156352051,하루하루초등영단어,IH-ENG-6409,하루하루 초등 영단어
9791197898334,abc알파벳영단어쓱쓱따라쓰기,IH-ENG-6410,ABC 알파벳 영단어 쓱쓱 따라쓰기
9791192199467,대치동기적의초등영어영단어18002단계,IH-ENG-6411,대치동 기적의 초등영어 영단어 1800 2단계
9791168369634,빽빽이초중등필수영단어1쓰면서반복해서외우는영단어장기기억학습,IH-ENG-6412,빽빽이 초중등 필수 영단어 1: 쓰면서 반복해서 외우는 영단어 장기기억 학습
9791198371003,vocapower,IH-ENG-6413,VOCA POWER
9791196232559,영포자1등급만들기수능영단어,IH-ENG-6414,영포자 1등급 만들기 수능영단어(2023)
9791192967042,고빈출수능영단어총정리,IH-ENG-6415,고빈출! 수능영단어 총정리
9788974534905,초등필수영단어따라쓰기,IH-ENG-6416,초등 필수 영단어 따라쓰기
9791192199450,대치동기적의초등영어영단어18001단계,IH-ENG-6417,대치동 기적의 초등영어 영단어 1800 1단계
9791197618581,필수어원을만화로잡는4컷영단어,IH-ENG-6418,필수 어원을 만화로 잡는 4컷 영단어
9791190347105,wordwise,IH-ENG-6419,WORD WISE
9791163400721,하루한장4skills초등필수영단어저학년,IH-ENG-6420,하루 한장 4 skills 초등 필수 영단어: 저학년
9791192967035,중학영단어총정리한권으로끝내기,IH-ENG-6421,중학영단어 총정리 한권으로 끝내기
9791185719320,topvoca1핵심동사콜로케이션,IH-ENG-6422,Top Voca 1: 핵심동사 콜로케이션
9791170790037,보카큐general,IH-ENG-6423,보카큐 General
9791163034780,바빠초등필수영단어트레이닝,IH-ENG-6424,바빠 초등 필수 영단어 트레이닝
8809477874044,포켓몬영단어쓰기100일마스터,IH-ENG-6425,포켓몬 영단어쓰기 100일 마스터
9791169833776,영단어욕망을삼키다,IH-ENG-6426,"영단어, 욕망을 삼키다 (큰글자도서)"
9788972441571,생활속의영단어,IH-ENG-6427,생활 속의 영단어
9791197920332,초등영단어1600,IH-ENG-6429,초등 영단어 1600
9791198275608,주니어영단어끝판대장1,IH-ENG-6430,주니어 영단어 끝판대장 1
9788928107452,56학년이꼭알아야할영단어,IH-ENG-6431,5․6학년이 꼭 알아야 할 영단어
9791191962147,2024공무원직렬별영단어기출100빈출순,IH-ENG-6432,2024 공무원 직렬별 영단어 기출 100% 빈출순
9788994283357,문풀2우선순위영단어,IH-ENG-6433,문풀2 우선순위 영단어
9788965617143,베이직워드샵h5,IH-ENG-6434,베이직 워드샵(Basic Word Sharp) H5
9788993432237,md중학영단어실력편,IH-ENG-6435,MD 중학영단어 실력편
9788928107407,12학년이꼭알아야할영단어,IH-ENG-6436,1ㆍ2학년이 꼭 알아야 할 영단어
9791192199306,알파벳영단어따라쓰기,IH-ENG-6437,알파벳 영단어 따라쓰기
9791198180209,초바영초등학생이바로쓰는영단어패턴편,IH-ENG-6438,초바영 초등학생이 바로쓰는 영단어: 패턴편
9788970506661,ai족집게수능영단어,IH-ENG-6439,AI 족집게 수능영단어
9788928107339,34학년이꼭알아야할영단어,IH-ENG-6440,"3, 4학년이 꼭 알아야 할 영단어"
9791192563114,다보카고등수능영단어,IH-ENG-6441,다보카 고등 수능 영단어
9791192702049,초잉필수영단어46학년과정,IH-ENG-6442,초잉 필수 영단어 4: 6학년 과정
9791192702032,초잉필수영단어35학년과정,IH-ENG-6443,초잉 필수 영단어 3: 5학년 과정
9791192702025,초잉필수영단어24학년과정,IH-ENG-6444,초잉 필수 영단어 2: 4학년 과정
9791192702018,초잉필수영단어13학년과정,IH-ENG-6445,초잉 필수 영단어 1: 3학년 과정
9791192702001,초잉필수영단어세트,IH-ENG-6446,초잉 필수 영단어 세트
9788978132169,기초영단어660,IH-ENG-6447,기초 영단어 660
9788994283340,문풀2우선순위영단어중학교단어실력쑥쑥,IH-ENG-6448,문풀2 우선순위 영단어: 중학교 단어실력 쑥쑥
9788994283333,문풀2우선순위기초영단어,IH-ENG-6449,문풀2 우선순위 기초 영단어
9791164798537,한권으로끝내는영단어수능2000,IH-ENG-6450,한 권으로 끝내는 영단어 수능 2000
9791165383350,우리집은즐거운영어유치원,IH-ENG-6452,우리 집은 즐거운 영어유치원
9791169518055,영단어인문학,IH-ENG-6453,영단어 인문학
9791192432168,언어혁명영단어의신개념분석,IH-ENG-6454,언어혁명: 영단어의 신개념분석
9791168018419,영단어지식을삼키다,IH-ENG-6455,"영단어, 지식을 삼키다(큰글자도서)"
9791141001278,공무원영단어프라임100단어,IH-ENG-6457,공무원 영단어 프라임 100단어
9791196044442,도전영작왕수능영단어9900,IH-ENG-6458,도전영작왕 수능영단어9900(보)
9791163034148,바빠초등필수영단어,IH-ENG-6459,바빠 초등 필수 영단어
9788992473262,시사영단어2사회문화과학스포츠,IH-ENG-6460,"시사 영단어 2: 사회,문화,과학,스포츠"
9791137298095,중등영단어기초,IH-ENG-6461,중등 영단어 기초
9791189902148,경선식중학영단어완성,IH-ENG-6462,경선식 중학 영단어 완성
9791189902131,경선식중학영단어기본,IH-ENG-6463,경선식 중학 영단어 기본
9788992473255,시사영단어1정치경제,IH-ENG-6464,"시사 영단어 1: 정치, 경제"
9791192199153,회화잡는스피킹주제별영단어,IH-ENG-6465,회화잡는 스피킹 주제별 영단어
9791196403256,미국인사용빈도1위500위기초영단어,IH-ENG-6466,미국인 사용빈도 1위-500위 기초 영단어
9791168364226,파블로프영단어,IH-ENG-6467,파블로프 영단어
9791196823726,수능에가장많이나오는고교영단어300,IH-ENG-6468,수능에 가장 많이 나오는 고교 영단어 300
9791156011965,중고등학교6년분영단어한권으로마스터하기,IH-ENG-6469,중고등학교 6년분 영단어 한권으로 마스터하기
9791191349504,하루10분초등영단어따라쓰기,IH-ENG-6471,하루 10분 초등 영단어 따라쓰기
9791191188912,americancollegevocabulary101,IH-ENG-6472,AMERICAN COLLEGE VOCABULARY 101
9791197808814,꿈이당사관학교경찰대학수능대비voca기출영단어,IH-ENG-6474,꿈이당 사관학교·경찰대학·수능 대비 VOCA 기출 영단어
9788994283302,우선순위영단어워크북,IH-ENG-6475,우선순위 영단어 워크북(수학능력시험 직결)
9791192199078,포켓북왕초보한영단어사전,IH-ENG-6476,포켓북 왕초보 한영단어 사전
9788994283289,우선순위기초영단어워크북,IH-ENG-6477,우선순위 기초 영단어 워크북(2022)
9791191962031,교육부지정중고등영단어3000,IH-ENG-6478,교육부 지정 중고등 영단어 3000
9791191349382,읽기만해도저절로외워지는초등영단어1,IH-ENG-6479,읽기만 해도 저절로 외워지는 초등 영단어 1
9791191349399,읽기만해도저절로외워지는초등영단어2,IH-ENG-6480,읽기만 해도 저절로 외워지는 초등 영단어 2
9791191349375,읽기만해도저절로외워지는초등영단어세트,IH-ENG-6481,읽기만 해도 저절로 외워지는 초등 영단어 세트
9791163033219,바쁜초등학생을위한빠른영단어starter세트,IH-ENG-6482,바쁜 초등학생을 위한 빠른 영단어 Starter 세트
9791163033349,바쁜초등학생을위한빠른영단어starter2,IH-ENG-6485,바쁜 초등학생을 위한 빠른 영단어 Starter 2
9791197752513,바로알고바로쓰는빵빵한영단어,IH-ENG-6487,바로알고 바로쓰는 빵빵한 영단어
9788975676147,웰컴영단어,IH-ENG-6488,웰컴 영단어
9791190880787,또래퀴즈초등영단어120011300,IH-ENG-6489,또래퀴즈 초등 영단어 1200 1: 1~300
9791190880794,또래퀴즈초등영단어12002301600,IH-ENG-6490,또래퀴즈 초등 영단어 1200 2: 301~600
9791190880800,또래퀴즈초등영단어12003601900,IH-ENG-6491,또래퀴즈 초등 영단어 1200 3: 601~900
9791190880817,또래퀴즈초등영단어120049011200,IH-ENG-6492,또래퀴즈 초등 영단어 1200 4: 901~1200
9791190880824,또래퀴즈초등영단어120014세트,IH-ENG-6493,또래퀴즈 초등 영단어 1200 1~4 세트
9788971729496,초등영단어하루꼭365따라쓰기,IH-ENG-6494,초등 영단어 하루 꼭! 365 따라쓰기
9791164794973,한권으로끝내는영단어고등내신기출1800,IH-ENG-6495,한 권으로 끝내는 영단어: 고등 내신ㆍ기출 1800
9791163033226,바쁜초등학생을위한빠른영단어starter1,IH-ENG-6496,바쁜 초등학생을 위한 빠른 영단어 Starter 1
9791138303590,워드캐스트9급공무원영단어퍼펙트5000,IH-ENG-6497,워드캐스트 9급 공무원 영단어 퍼펙트 5000
9791138303613,워드캐스트9급공무원영단어완성2500,IH-ENG-6498,워드캐스트 9급 공무원 영단어 완성 2500
9791138303606,워드캐스트9급공무원영단어필수2500,IH-ENG-6499,워드캐스트 9급 공무원 영단어 필수 2500
9791196767686,어원으로영단어길들이기,IH-ENG-6502,어원으로 영단어 길들이기(상)
9788974534752,초등필수영단어900,IH-ENG-6503,초등 필수 영단어 900
9791185186962,어린이영단어,IH-ENG-6504,어린이 영단어
9791197408458,ican초등영단어advancedlevel고급3단어1000문장1000,IH-ENG-6505,I Can 초등 영단어 Advanced Level 고급3 단어 1000 + 문장 1000
9791197408441,ican초등영단어intermediatelevel중급2우선순위영단어600,IH-ENG-6506,I Can 초등 영단어 Intermediate Level 중급2 우선순위 영단어 600
9791197408434,ican초등영단어basiclevel초급1주제별영단어학습,IH-ENG-6507,I Can 초등 영단어 Basic Level 초급1 주제별 영단어 학습
9788971729489,탁상용초등영단어하루꼭365,IH-ENG-6508,탁상용 초등 영단어 하루 꼭! 365
9791191156348,우리끼리여행할수있어,IH-ENG-6511,우리끼리 여행할 수 있어?
9788963919409,이지테스트보카콕중등1,IH-ENG-6512,이지 테스트(EASY TEST) 보카 콕 중등 1
9788963919416,이지테스트보카콕중등2,IH-ENG-6513,이지 테스트(EASY TEST) 보카 콕 중등 2
9788963919423,이지테스트보카콕중등3,IH-ENG-6514,이지 테스트(EASY TEST) 보카 콕 중등 3
9791191962000,수능x내신고등영단어,IH-ENG-6515,수능X내신 고등 영단어
9791190818117,파닉스영단어따라쓰기,IH-ENG-6516,파닉스 영단어 따라쓰기
9791165394950,avocado,IH-ENG-6517,A·VOCA·DO
9788917238471,타임포보카어드벤스드,IH-ENG-6518,타임 포 보카 어드벤스드(Time for VOCA Advanced)
9788917238464,타임포보카인터미디어트,IH-ENG-6519,타임 포 보카 인터미디어트(Time for VOCA Intermediate)
9788917238457,타임포보카베이직,IH-ENG-6520,타임 포 보카 베이직(Time for VOCA Basic)
9791189204938,포켓북주제별일상영단어,IH-ENG-6521,포켓북 주제별 일상 영단어
9791191188493,thebodaciousbookofvoluminousvocabulary,IH-ENG-6522,The Bodacious Book of Voluminous VOCABULARY
9791186745533,영단어가로세로낱말퍼즐,IH-ENG-6524,영단어 가로세로 낱말퍼즐
9791167430649,바로영단어3000,IH-ENG-6525,바로 영단어 3000
9791186578919,빙고로재미있게외우는초등영단어,IH-ENG-6526,빙고로 재미있게 외우는 초등영단어
9791190279079,술술읽히는어린이영단어,IH-ENG-6527,술술 읽히는 어린이 영단어
9788971729403,중학필수영단어plus,IH-ENG-6528,중학 필수 영단어 plus
9791189204877,초등주제별영단어,IH-ENG-6529,초등 주제별 영단어
9788983797407,뿌리깊은어원영단어,IH-ENG-6530,뿌리 깊은 어원 영단어
9791165542511,커넥츠공단기김수환공무원영단어,IH-ENG-6531,커넥츠 공단기 김수환 공무원 영단어
9788931557572,비즈니스영어이메일한권으로끝내기,IH-ENG-6533,비즈니스 영어 이메일 한 권으로 끝내기
9788971729373,초등매일영단어plus,IH-ENG-6537,초등 매일 영단어 Plus
9791190347082,중학영단어철자쓸수있을때까지,IH-ENG-6538,중학 영단어 철자 쓸 수 있을 때까지(중학 대비)
9791191244250,진짜진짜짝꿍단어,IH-ENG-6539,진짜 진짜 짝꿍단어
9788927701392,한권으로끝내는초등영어발음기호,IH-ENG-6541,한 권으로 끝내는 초등영어 발음기호
9788927701385,한권으로끝내는초등영단어따라쓰기,IH-ENG-6542,한 권으로 끝내는 초등 영단어 따라쓰기
9791191061017,해결첫영단어쓰기,IH-ENG-6544,해결! 첫 영단어 쓰기
9791197319402,수상한영단어1,IH-ENG-6545,수상한 영단어 1
9791191156119,영단어암기카드b초등46학년,IH-ENG-6546,영단어 암기카드 B: 초등4-6학년
9791191156102,영단어암기카드a초등13학년,IH-ENG-6547,영단어 암기카드 A: 초등1-3학년
9791197126543,쉽게배우는어린이영단어따라쓰기,IH-ENG-6548,쉽게 배우는 어린이 영단어 따라쓰기
9791197404702,만빙고voca실력완성영단어,IH-ENG-6549,만빙고 Voca 실력완성 영단어
9791130312118,어원어원영단어,IH-ENG-6551,어원+어원=영단어
9791185719313,최우선영단어심화동사1ad,IH-ENG-6552,최우선 영단어 심화 동사 1: A~D
9788988675878,닥공voca종합편,IH-ENG-6553,닥공 VOCA 종합편(2021)
9791170481782,고난도영단어,IH-ENG-6557,고난도 영단어
9791125488903,경찰공무원영단어2500필수완성세트,IH-ENG-6561,경찰 공무원 영단어 2500 필수 + 완성 세트
9791157684274,가장쉬운초등영단어따라쓰기하루한장의기적,IH-ENG-6564,가장 쉬운 초등 영단어 따라쓰기 하루 한 장의 기적
9791189204785,만만하게시작하는중학필수영단어,IH-ENG-6565,만만하게 시작하는 중학 필수 영단어
9791189204778,만만하게시작하는중학기본영단어,IH-ENG-6566,만만하게 시작하는 중학 기본 영단어
9791189204761,끼리끼리초등영단어,IH-ENG-6569,끼리끼리 초등 영단어
9791170481560,왕초보영단어복합적암기법,IH-ENG-6575,왕초보 영단어 복합적 암기법
9791166370373,하루딱영단어,IH-ENG-6577,하루 딱! 영단어
9788931589993,박상효의영단어콘서트,IH-ENG-6578,박상효의 영단어 콘서트
9791137216501,영단어최종점검460제,IH-ENG-6579,영단어 최종점검 460제
9791158522926,영단어영숙어기초편,IH-ENG-6580,영단어 영숙어: 기초편
9791158522933,영단어영숙어심화편,IH-ENG-6581,영단어 영숙어: 심화편
9791197156212,오놀라운초등영단어,IH-ENG-6582,오! 놀라운 초등 영단어
9791163400462,초등필수영단어사이트워드따라쓰기,IH-ENG-6583,초등필수영단어+사이트 워드 따라쓰기
9791164382866,신비아파트고스트볼더블x6개의예언신비랑하루10분알파벳영단어쓰기,IH-ENG-6588,신비아파트 고스트볼 더블X 6개의 예언 신비랑 하루 10분 알파벳 영단어 쓰기
9791197083020,진짜진짜사이트워드,IH-ENG-6589,진짜 진짜 사이트 워드
9791189902032,경선식영단어공편토복습용암기장,IH-ENG-6590,경선식 영단어 공편토 복습용 암기장
9791130310558,어원을알면영어가보인다,IH-ENG-6594,어원을 알면 영어가 보인다
9788966378289,혼자영어공부법,IH-ENG-6595,혼자 영어 공부법
9791189952648,주제별영단어4000,IH-ENG-6596,주제별 영단어 4000
9791157769148,올보카어드밴스드,IH-ENG-6597,올보카 어드밴스드(Allvoca Advanced)
9788971729205,초등생활영단어stepbystep,IH-ENG-6598,초등 생활 영단어 Step By Step
9791157769131,올보카베이직,IH-ENG-6599,올보카 베이직(Allvoca Basic)
9788972441502,아침부터밤까지영단어,IH-ENG-6605,아침부터 밤까지 영단어(큰글자책)
8809491600155,초등영단어따라쓰기,IH-ENG-6607,초등 영단어 따라쓰기
9788993432275,md중학영단어,IH-ENG-6609,MD 중학 영단어
9791188994625,만빙고voca기본완성영단어,IH-ENG-6610,만빙고 Voca 기본완성 영단어
9791127299224,응답하라영단어,IH-ENG-6611,응답하라 영단어
9791190107648,하루10분알파벳영단어따라쓰기,IH-ENG-6612,하루 10분 알파벳 영단어 따라쓰기
9791188994618,만빙고voca기초완성영단어,IH-ENG-6614,만빙고 Voca 기초완성 영단어
9791196556914,다른방법보태기초등영단어,IH-ENG-6618,다른방법 보태기 초등영단어
9791196347154,7일만에끝내는영단어실력편,IH-ENG-6619,7일만에 끝내는 영단어: 실력편
9791163400332,초등필수영단어한권으로끝교육부지정800단어주제별영단어어원영단어800단어따라쓰기,IH-ENG-6621,초등 필수 영단어 한 권으로 끝:교육부지정800단어+주제별영단어+어원영단어+800단어 따라쓰기
9791196836207,영단어가문법이다,IH-ENG-6622,영단어가 문법이다
9788938704719,고단수영단어,IH-ENG-6624,고단수 영단어
9788927704447,한권으로끝내는파닉스영단어,IH-ENG-6625,한 권으로 끝내는 파닉스 영단어
9788975676055,무작정외우는중학영단어,IH-ENG-6626,무작정 외우는 중학 영단어
9791196190828,핵보카,IH-ENG-6627,핵보카 (HACK VOCA)
9791188730049,영단어쇼크공편토,IH-ENG-6632,영단어 쇼크 공편토
9791155812457,워드파워메이드이지,IH-ENG-6633,워드 파워 메이드 이지
9791188730056,영단어쇼크공편토세트,IH-ENG-6634,영단어쇼크 공편토 세트
9791185186801,mini왕초보탈출영단어level1,IH-ENG-6635,Mini 왕초보 탈출 영단어 Level 1
9791185186825,mini영단어기본넘기기level3,IH-ENG-6636,Mini 영단어 기본 넘기기 Level 3
9791185186818,mini영단어기본다지기level2,IH-ENG-6637,Mini 영단어 기본 다지기 Level 2
9791186608715,워드퍼펙트중학영단어1800,IH-ENG-6638,워드 퍼펙트 중학 영단어 1800
9791155812365,1400words,IH-ENG-6641,1400 WORDS
9791189204457,포켓북왕초보기본영단어,IH-ENG-6642,포켓북 왕초보 기본 영단어
9791196576813,워드체인중학영단어필수편,IH-ENG-6648,워드체인 중학 영단어 필수편
9791189204433,초등필수영단어1000,IH-ENG-6650,초등필수 영단어 1000
9788972441458,한걸음초등영단어1600,IH-ENG-6651,한걸음 초등 영단어 1600
9788995794814,하나를보면열을아는영단어,IH-ENG-6655,하나를 보면 열을 아는 영단어
9791188292837,나는오늘부터영어단어를읽기로했다,IH-ENG-6656,나는 오늘부터 영어 단어를 읽기로 했다
9788997352982,하루10분알파벳영단어따라쓰기기초영단어,IH-ENG-6659,하루10분 알파벳·영단어 따라쓰기: 기초 영단어
9791187831068,비즈니스절대영단어1000,IH-ENG-6660,비즈니스 절대 영단어1000
9791162996584,펀보카,IH-ENG-6661,펀 보카(Fun Voca)
9791187743668,이해력이쑥쑥스토리가있는영단어100,IH-ENG-6662,이해력이 쑥쑥 스토리가 있는 영단어 100
9791196390471,초등영단어철자쓸수있을때까지1,IH-ENG-6663,초등 영단어 철자 쓸 수 있을 때까지 1
9791196390488,초등영단어철자쓸수있을때까지2,IH-ENG-6664,초등 영단어 철자 쓸 수 있을 때까지 2
9791164351343,생활속외래어로영단어정복하기af,IH-ENG-6665,생활속 외래어로 영단어 정복하기 A-F
9791164351350,생활속외래어로영단어정복하기gp,IH-ENG-6667,생활속 외래어로 영단어 정복하기 G-P
9791164351367,생활속외래어로영단어정복하기qz,IH-ENG-6668,생활속 외래어로 영단어 정복하기 Q-Z
9791189204341,초등영단어사전,IH-ENG-6669,초등 영단어 사전
9791188007240,나도영어잘하면소원이없겠네,IH-ENG-6670,나도 영어 잘하면 소원이 없겠네
9788926382332,스페셜솔져영단어를쏴라4,IH-ENG-6672,스페셜솔져 영단어를 쏴라 4
9788983799791,포켓영단어2000,IH-ENG-6673,포켓 영단어 2000
9788983799814,포켓toeic영단어,IH-ENG-6674,포켓 TOEIC 영단어
9791189902001,초등경선식영단어56학년중학대비,IH-ENG-6675,초등 경선식 영단어 5-6학년&중학대비
9791195495092,초등경선식영단어34학년,IH-ENG-6676,초등 경선식 영단어 3-4학년
9791130620329,영단어자동연상암기법vol1필수단어편,IH-ENG-6680,영단어 자동 연상 암기법 Vol 1: 필수단어 편
9791130620336,영단어자동연상암기법vol2완성단어편,IH-ENG-6681,영단어 자동 연상 암기법 Vol 2: 완성단어 편
9788965616955,베이직워드샵d2,IH-ENG-6687,베이직 워드샵(Basic Word Sharp) D2
9788965616962,베이직워드샵d3,IH-ENG-6688,베이직 워드샵(Basic Word Sharp) D3
9788965616993,베이직워드샵d6,IH-ENG-6690,베이직 워드샵(Basic Word Sharp) D6
9788965617013,워드샵d2중1실력,IH-ENG-6691,워드샵(word sharp) D2 중1 실력
9788965617051,워드샵d6중3실력,IH-ENG-6692,워드샵(word sharp) D6 중3 실력
9788965617006,워드샵d1중1기본,IH-ENG-6693,워드샵(word sharp) D1 중1 기본
9788965617044,워드샵d5중3기본,IH-ENG-6694,워드샵(word sharp) D5 중3 기본
9788965617037,워드샵d4중2실력,IH-ENG-6695,워드샵(word sharp) D4 중2 실력
9791188459070,김마스터영단어기본편2000,IH-ENG-6696,김마스터 영단어 기본편 2000
9791196347116,7일만에끝내는영단어기본편,IH-ENG-6697,7일 만에 끝내는 영단어: 기본편
9791195042289,vocainstorymaster1,IH-ENG-6698,Voca in Story Master 1(보카 인 스토리 마스터. 1)
9791188483105,시사영단어,IH-ENG-6699,시사영단어
9788926379998,스페셜솔져영단어를쏴라3,IH-ENG-6700,스페셜솔져 영단어를 쏴라 3
9788926380031,스페셜솔져영단어를쏴라세트,IH-ENG-6701,스페셜솔져 영단어를 쏴라 세트
9788993557909,새로만든영단어800,IH-ENG-6703,새로만든 영단어 800
9791196390440,만화로외우는영단어5,IH-ENG-6704,만화로 외우는 영단어 5
9791196390457,만화로외우는영단어6,IH-ENG-6705,만화로 외우는 영단어 6
9791196390464,만화로외우는영단어7,IH-ENG-6706,만화로 외우는 영단어 7
9788991064850,초간단영단어1600,IH-ENG-6707,초간단 영단어 1600
9788965616849,워드뱅뱅1,IH-ENG-6708,워드뱅뱅(Word Bang Bang) 1
9788965616863,워드뱅뱅3,IH-ENG-6709,워드뱅뱅(Word Bang Bang) 3
9788965616887,워드뱅뱅5,IH-ENG-6710,워드뱅뱅(Word Bang Bang) 5
9791188935109,중학영단어2000플러스,IH-ENG-6714,중학 영단어 2000 플러스
9791196390433,만화로외우는영단어4,IH-ENG-6716,만화로 외우는 영단어 4
9788917229820,초등필수영단어워드킹1,IH-ENG-6717,초등 필수 영단어 워드킹 1
9788917229837,초등필수영단어워드킹2,IH-ENG-6718,초등 필수 영단어 워드킹 2
9788926379837,스페셜솔져영단어를쏴라세트,IH-ENG-6719,스페셜솔져 영단어를 쏴라 세트
9788926379745,스페셜솔져영단어를쏴라1,IH-ENG-6720,스페셜솔져 영단어를 쏴라 1
9788926379790,스페셜솔져영단어를쏴라2,IH-ENG-6721,스페셜솔져 영단어를 쏴라 2
9788964358320,그램그램영단어원정대18다양한직업을체험하라,IH-ENG-6722,그램그램 영단어 원정대 18: 다양한 직업을 체험하라!
9788924056730,프리픽스서픽스핵심영단어,IH-ENG-6723,프리픽스/서픽스 핵심 영단어
9791185186610,영단어기본다지기level2,IH-ENG-6725,영단어 기본 다지기 Level 2
9791185186627,영단어기본넘기기level3,IH-ENG-6726,영단어 기본 넘기기 Level 3
9791185186603,왕초보탈출영단어level1,IH-ENG-6727,왕초보 탈출 영단어 Level 1
9791196390426,만화로외우는영단어3,IH-ENG-6729,만화로 외우는 영단어 3
9788971728727,30일만에끝내는중학매일영단어완전정복,IH-ENG-6730,30일만에 끝내는 중학 매일 영단어 완전정복
9788924055757,코어영단어9500컴팩트판,IH-ENG-6731,코어 영단어 9500 컴팩트판
9788924055740,코어영단어7500컴팩트판,IH-ENG-6732,코어 영단어 7500 컴팩트판
9791196390419,만화로외우는영단어2,IH-ENG-6736,만화로 외우는 영단어 2
9791195651092,신영단어숙어,IH-ENG-6737,신 영단어 숙어
9791186796238,영어탈피중급편세트,IH-ENG-6738,영어탈피 중급편 세트
9791196390402,만화로외우는영단어1,IH-ENG-6740,만화로 외우는 영단어 1
9791155811504,601words,IH-ENG-6743,601 WORDS
9791186494394,영어단어스도쿠,IH-ENG-6745,영어 단어 스도쿠
9791188112555,회화잡는주제별영단어12000,IH-ENG-6748,회화잡는 주제별 영단어 12000
9791196272630,게임중독단어중독,IH-ENG-6749,게임 중독 단어 중독(하)
8809264180907,듣고배우는우리아이첫영어사전,IH-ENG-6750,듣고 배우는 우리 아이 첫 영어 사전
9791130615219,신상현영단어,IH-ENG-6754,신상현 영단어
9788963917894,밥먹듯이매일매일영단어,IH-ENG-6755,밥 먹듯이 매일매일 영단어
9791160572568,대박어원영단어900,IH-ENG-6758,대박 어원 영단어 900
9791155811320,300words,IH-ENG-6759,300 Words(300 워드)
9791186796092,영어탈피초급편세트,IH-ENG-6760,영어탈피 초급편 세트
9788992018869,top영한한영필수단어사전,IH-ENG-6764,Top 영한+한영 필수단어사전
9791196044411,영작연습청개구리영단어3300,IH-ENG-6766,영작연습 청개구리 영단어 3300
9791195882830,이단아vocagreenlevelseason1,IH-ENG-6767,이단아 VOCA Green Level Season 1
9791195882847,이단아vocagreenlevelseason2,IH-ENG-6768,이단아 VOCA Green Level Season 2
9791196140403,심플보카교육부지정필수영단어3000편,IH-ENG-6769,심플보카: 교육부 지정 필수 영단어 3000편
9788955180831,왕왕영단어,IH-ENG-6770,왕왕 영단어
9788992197823,리스타트영단어,IH-ENG-6772,리스타트 영단어
9788924047707,코어영단어17000컴팩트판,IH-ENG-6774,코어 영단어 17000 컴팩트판
9788992832861,하루에5개씩이야기로술술풀어내는mr범팅샘의영단어암기법tm,IH-ENG-6775,"하루에 5개씩, 이야기로 술술~ 풀어내는 Mr 범팅샘의 영단어 암기법 TM"
9791188112029,시험영단어의모든것,IH-ENG-6778,시험 영단어의 모든 것
9791188015221,김태연아이작초등영단어모바일애니메이션level1,IH-ENG-6779,김태연 아이작 초등 영단어 모바일 애니메이션 Level 1
9791188015238,김태연아이작초등영단어모바일애니메이션level2,IH-ENG-6780,김태연 아이작 초등 영단어 모바일 애니메이션 Level 2
9791188015245,김태연아이작초등영단어모바일애니메이션level3,IH-ENG-6781,김태연 아이작 초등 영단어 모바일 애니메이션 Level 3
9791188015252,김태연아이작초등영단어모바일애니메이션level4,IH-ENG-6782,김태연 아이작 초등 영단어 모바일 애니메이션 Level 4
9788993688542,이미지로배우는영단어트레이닝,IH-ENG-6783,이미지로 배우는 영단어 트레이닝
9788971728376,초등영단어완전정복,IH-ENG-6784,초등 영단어 완전정복
9791195780846,핵심영한단어,IH-ENG-6786,핵심 영한단어
9788973183999,큰글씨영단어,IH-ENG-6787,큰글씨 영단어
9788972441380,왕초보필수영단어,IH-ENG-6788,왕초보 필수 영단어
9788997686742,영포자초등보카,IH-ENG-6791,영포자 초등 보카
9791155811108,504words,IH-ENG-6792,504 Words(504 워드)
9788992473156,스템보카900,IH-ENG-6793,스템보카(Stem Voca) 900
9788966534968,초등필수영단어따라쓰기노트3,IH-ENG-6794,초등 필수 영단어 따라쓰기 노트 3(장소와 위치)
9788966534975,초등필수영단어따라쓰기노트4,IH-ENG-6795,초등 필수 영단어 따라쓰기 노트 4(반대말)
9788966534951,초등필수영단어따라쓰기노트2,IH-ENG-6796,초등 필수 영단어 따라쓰기 노트 2(자연과 활동)
9788966534944,초등필수영단어따라쓰기노트1,IH-ENG-6797,초등 필수 영단어 따라쓰기 노트 1(나와 가족)
9788963917542,라임으로읽는영단어,IH-ENG-6799,"라임으로 읽는 영단어 (최신 교육과정 반영,중등 1300)"
9788958076193,레몬쌤의원서뚫는영단어,IH-ENG-6800,레몬쌤의 원서 뚫는 영단어
9788975675850,super영단어,IH-ENG-6801,Super 영단어
9788972441397,시험에강한한권으로끝내는영단어,IH-ENG-6802,시험에 강한 한권으로 끝내는 영단어
9791130610146,보카텔링솔루션영단어무한지배자초등편워크북,IH-ENG-6803,보카텔링 솔루션 영단어 무한 지배자: 초등편 워크북
9791160020250,60일만에마스터하는중학필수영단어1200,IH-ENG-6805,60일 만에 마스터하는 중학 필수 영단어 1200
9788989922803,영단어3300,IH-ENG-6806,영단어 3300(고급)
9791130608754,영단어무한지배자초등편,IH-ENG-6809,영단어 무한 지배자: 초등편
9791130608778,영단어무한지배자고등편,IH-ENG-6810,영단어 무한 지배자: 고등편
9791195495047,경선식영단어초스피드암기비법신토익,IH-ENG-6811,경선식 영단어 초스피드암기비법: 신토익(TOEIC)
9791130608761,영단어무한지배자중등편,IH-ENG-6812,영단어 무한 지배자: 중등편
9788992018845,top단계별핵심영단어,IH-ENG-6813,TOP 단계별 핵심영단어
9788909197335,내신꽉잡는중학영단어에빠져라advanced,IH-ENG-6814,내신 꽉 잡는 중학 영단어에 빠져라!: Advanced
9788909197328,내신꽉잡는중학영단어에빠져라intermediate,IH-ENG-6815,내신 꽉 잡는 중학 영단어에 빠져라!: Intermediate
9788909197311,내신꽉잡는중학영단어에빠져라basic,IH-ENG-6816,내신 꽉 잡는 중학 영단어에 빠져라!: Basic
9788964358269,그램그램영단어원정대17채널을돌려예체능을배워라,IH-ENG-6817,그램그램 영단어 원정대 17: 채널을 돌려 예체능을 배워라!
9788992683746,초보자를위한컴팩트영한한영단어,IH-ENG-6820,초보자를 위한 컴팩트 영한+한영 단어
9788990324955,중1영단어핸드북,IH-ENG-6822,중1 영단어 핸드북
9791185506777,읽자스토리최우선순위영단어,IH-ENG-6824,읽자 스토리! 최 우선순위 영단어
9791156350293,소문난중학영단어영숙어세트,IH-ENG-6825,소문난 중학 영단어 영숙어 세트
9788990324948,12일이면외울수있는속습영단어1200,IH-ENG-6828,12일이면 외울 수 있는 속습 영단어 1200
9788935917266,고등학교영단어,IH-ENG-6829,고등학교 영단어
9788935917259,중학교영단어,IH-ENG-6830,중학교 영단어
9788973585069,그림으로읽는상황별테마영단어,IH-ENG-6831,그림으로 읽는 상황별 테마 영단어
9791187099536,중학교가서우등생될초등6학년을위한영단어,IH-ENG-6832,중학교 가서 우등생 될 초등 6학년을 위한 영단어
9788975353390,고급영단어10일기억완성법,IH-ENG-6833,고급영단어 10일 기억완성법
9791186222065,어린이를위한헷갈리는영단어100,IH-ENG-6835,어린이를 위한 헷갈리는 영단어 100
9791195695171,첫말잇기초등저학년영단어,IH-ENG-6836,첫말잇기: 초등 저학년 영단어(선행학습겸용)
9791195695119,첫말잇기유치초등저학년영단어,IH-ENG-6837,첫말잇기: 유치 초등 저학년 영단어(선행학습겸용)
9791195695157,첫말잇기초등고학년영단어,IH-ENG-6838,첫말잇기: 초등 고학년 영단어(선행학습겸용)
9791195695140,첫말잇기중등영단어,IH-ENG-6839,첫말잇기: 중등영단어(선행학습겸용)
9791195695133,첫말잇기고등영단어,IH-ENG-6840,첫말잇기: 고등 영단어
9791170061175,굿모닝voca고등영단어step1,IH-ENG-6842,굿모닝 VOCA 고등 영단어 Step 1
9788997408900,에몽의3회독고등영단어,IH-ENG-6843,에몽의 3회독 고등영단어
9788996987758,영단어쇼크,IH-ENG-6844,영단어 쇼크
9791195683208,철자만보면뜻을저절로아는딱보면보이는영단어,IH-ENG-6845,철자만 보면 뜻을 저절로 아는 딱 보면 보이는 영단어(중학생용)
9791187097006,정영한의시사영단어,IH-ENG-6846,정영한의 시사 영단어
9788992018753,탑한영단어사전,IH-ENG-6847,탑 한영 단어사전
9788964358054,그램그램영단어원정대16병원이살아있다,IH-ENG-6851,그램그램 영단어 원정대 16: 병원이 살아 있다!
9788990324917,중학집중영단어10시간,IH-ENG-6852,중학집중 영단어 10시간
9788992018746,빈출영단어를콕콕찍어주는top영한단어사전,IH-ENG-6854,빈출 영단어를 콕콕 찍어주는 Top 영한 단어사전
9788983798688,영화보고원서읽는기초영단어700,IH-ENG-6855,영화보고 원서읽는 기초 영단어 700
9788964357729,그램그램영단어원정대15리나의감정을지켜라,IH-ENG-6863,그램그램 영단어 원정대 15: 리나의 감정을 지켜라!
9788998469801,엄마표유아영단어,IH-ENG-6865,엄마표 유아 영단어
9788988131688,마법영단어600,IH-ENG-6866,마법 영단어 600
9791195405930,smartwordic추론영단어45,IH-ENG-6867,SmartWordic 추론영단어 4.5
9791170180579,자신만만영단어영어잘하는우등생공부법,IH-ENG-6869,자신만만 영단어 영어 잘하는 우등생 공부법
9791195404254,만화경선식영단어초스피드암기비법세트,IH-ENG-6872,만화 경선식 영단어 초스피드 암기비법 세트
9791195495009,만화경선식영단어초스피드암기비법5,IH-ENG-6873,만화 경선식 영단어 초스피드 암기비법 5
9791195404292,만화경선식영단어초스피드암기비법4,IH-ENG-6874,만화 경선식 영단어 초스피드 암기비법 4
9791195404285,만화경선식영단어초스피드암기비법3,IH-ENG-6875,만화 경선식 영단어 초스피드 암기비법 3
9791195404278,만화경선식영단어초스피드암기비법2,IH-ENG-6876,만화 경선식 영단어 초스피드 암기비법 2
9788957001301,회화에강해지는기본영단어,IH-ENG-6878,회화에 강해지는 기본영단어
9788931578423,스크린영단어연상기억술,IH-ENG-6879,스크린 영단어 연상 기억술
9788925555645,보카콘서트2세상을보여주는포토영단어어원이야기,IH-ENG-6880,"보카 콘서트 2: 세상을 보여주는 포토 영단어, 어원 이야기"
9788965727361,공무원영단어끝장voca,IH-ENG-6881,공무원 영단어 끝장 VOCA
9788931814941,영단어와성구암송,IH-ENG-6882,영단어와 성구암송(첫말잇기)
9788925554723,키득키득스쿨영단어,IH-ENG-6884,키득키득 스쿨 영단어
9791155400289,상식이생생한영단어,IH-ENG-6887,상식이 생생한 영단어
9788964357354,그램그램영단어원정대14특명학교의저주를풀어라,IH-ENG-6888,그램그램 영단어 원정대 14: 특명! 학교의 저주를 풀어라!(학교편)
9788993557558,초등영단어500따라쓰기,IH-ENG-6896,초등 영단어 500 따라쓰기
9788988185025,필수영단어딱10일에끝내기,IH-ENG-6898,필수 영단어 딱! 10일에 끝내기
9791156051299,우리말로익히는영단어,IH-ENG-6899,우리말로 익히는 영단어
9788975675669,누구나재미있고쉽게암기하는초특급영단어퍼즐여행,IH-ENG-6900,누구나 재미있고 쉽게 암기하는 초특급 영단어 퍼즐여행
9788927402053,내수준에딱맞는초등영단어초급,IH-ENG-6901,내 수준에 딱 맞는 초등 영단어 초급
9788977912304,한손에ebs영단어총정리60일,IH-ENG-6902,한손에 EBS 영단어 총정리 60일
9791155092989,백점맞는교과서초등영단어2,IH-ENG-6904,백점맞는 교과서 초등영단어. 2
9791155092972,백점맞는교과서초등영단어1,IH-ENG-6905,백점맞는 교과서 초등영단어. 1
9788975675638,입에착착감기는영단어,IH-ENG-6906,입에 착착 감기는 영단어
9791185922003,픽토토익vocafinal,IH-ENG-6907,픽토 토익 Voca Final
9788965882046,경선식ebs영단어초스피드암기비법2,IH-ENG-6908,경선식 EBS 영단어 초스피드 암기비법. 2
9788964357323,그램그램영단어원정대13되돌려라저주받은건의외모를,IH-ENG-6909,그램그램 영단어 원정대 13: 되돌려라! 저주받은 건의 외모를!(외모 편)
9788991945678,1석3조voca,IH-ENG-6911,1석3조 VOCA
9788964498668,영단어고급콘텐츠로익혀라,IH-ENG-6912,영단어 고급콘텐츠로 익혀라
9788958081364,일상생활에꼭필요한필수생활영단어,IH-ENG-6916,일상생활에 꼭 필요한 필수 생활영단어
9788990811592,단계별로끝내는basic영단어,IH-ENG-6917,단계별로 끝내는 BASIC 영단어
9791156230236,30day완성닥치고달달달영단어1800basic,IH-ENG-6918,30 Day 완성 닥치고 달달달 영단어 1800 Basic(2014)
9791156350088,소문난스파이더영단어blue관계편,IH-ENG-6921,소문난 스파이더 영단어 Blue: 관계편
9791156350095,왕초보영단어포켓북,IH-ENG-6923,왕초보 영단어 포켓북
9788950953584,싹쓸이초등영단어6학년,IH-ENG-6925,싹쓸이 초등 영단어 6학년
9788950953577,싹쓸이초등영단어5학년,IH-ENG-6926,싹쓸이 초등 영단어 5학년
9788964357095,그램그램영단어원정대12돌파하라마지막불규칙동사함정을,IH-ENG-6928,그램그램 영단어 원정대 12: 돌파하라 마지막 불규칙동사 함정을
9788950953560,싹쓸이초등영단어,IH-ENG-6929,싹쓸이 초등 영단어(4학년)
9788974532147,고등학생이꼭알아야할포인트업영단어,IH-ENG-6930,고등학생이 꼭 알아야 할 포인트업 영단어
9788974532130,중학생이꼭알아야할pointup영단어,IH-ENG-6931,중학생이 꼭 알아야 할 Point Up(포인트업) 영단어
9788998469221,콤팩트중학기본영단어,IH-ENG-6935,콤팩트 중학 기본 영단어
9788972441250,영어교과서에나오는교과서초등영단어,IH-ENG-6938,영어 교과서에 나오는 교과서 초등 영단어
9788998569082,랩으로통암기하는주제별필수고등영단어기본편,IH-ENG-6940,랩으로 통암기하는 주제별 필수 고등 영단어: 기본편
9788964655450,넝쿨째굴러온중학영단어2400,IH-ENG-6941,넝쿨째 굴러온 중학 영단어 2400(2014)
9788971727195,한글로익히는중학영단어2400,IH-ENG-6946,한글로 익히는 중학 영단어 2400
9788964356920,그램그램영단어원정대11나아가라불규칙동사의우주구름을뚫고,IH-ENG-6947,그램그램 영단어 원정대 11: 나아가라 불규칙동사의 우주 구름을 뚫고
9788998469191,쓰면서익히는테마별초등영단어,IH-ENG-6950,쓰면서 익히는 테마별 초등영단어
9788998569075,랩으로통암기하는교과부지정초등영단어,IH-ENG-6953,랩으로 통암기하는 교과부 지정: 초등 영단어
9791195076802,영단어레전드,IH-ENG-6956,영단어레전드(Legend of vocabulary)
9788965881827,경선식ebs영단어초스피드암기비법세트,IH-ENG-6957,경선식 EBS 영단어 초스피드 암기비법 세트(B형)
9788964356807,그램그램영단어원정대10탈출해라이상한나라의다의어함정,IH-ENG-6959,그램그램 영단어 원정대.10: 탈출해라 이상한 나라의 다의어 함정
9788998914257,스토리가있는카툰영단어,IH-ENG-6961,스토리가 있는 카툰 영단어
9788998469160,회화잡는스피킹영단어3300,IH-ENG-6963,회화잡는 스피킹 영단어 3300
9788997336364,외우지마영단어,IH-ENG-6964,외우지 마 영단어
9788964356630,그램그램영단어원정대9유의어반의어,IH-ENG-6965,그램그램 영단어 원정대 9: 유의어 반의어
9788998569044,랩으로통암기하는주제별필수중학영단어,IH-ENG-6967,랩으로 통암기하는 주제별 필수 중학 영단어
9788998469122,테마별영단어사전,IH-ENG-6968,테마별 영단어 사전
9788974429843,영단어만알아도시작하는스피킹4주혁명,IH-ENG-6969,영단어만 알아도 시작하는 스피킹 4주혁명
9788991495159,이양구대박어사통중2영단어숙어모조리뿌리뽑기,IH-ENG-6970,이양구 대박 어사통 중2 영단어 숙어 모조리 뿌리뽑기
9788973183678,영단어암기에도공식이있다,IH-ENG-6971,영단어 암기에도 공식이 있다
9788998666286,외우는영단어외워지는영단어,IH-ENG-6972,외우는 영단어 외워지는 영단어
9788958482697,monster중학영단어,IH-ENG-6973,Monster 중학영단어
9788934962397,혼자서도술술초등영단어킹,IH-ENG-6975,혼자서도 술술 초등 영단어 킹
9788991495166,이양구대박어사통중1영단어숙어모조리뿌리뽑기,IH-ENG-6976,이양구 대박 어사통 중1 영단어 숙어 모조리 뿌리뽑기
9788995294390,12등급영단어구문문제,IH-ENG-6977,1 2등급 영단어 구문문제(2013)
9788966531004,이건알아야4학년영단어,IH-ENG-6980,이건 알아야 4학년 영단어
9788993557459,신나는영단어배우기,IH-ENG-6983,신나는 영단어 배우기
9788998469115,imword중학필수영단어,IH-ENG-6984,im WORD 중학 필수 영단어
9788998469108,imword중학기본영단어,IH-ENG-6985,im WORD 중학 기본 영단어
9788990811448,분야별로익히고품사별로정리하는toeic영단어,IH-ENG-6986,분야별로 익히고 품사별로 정리하는 TOEIC 영단어
9788991495142,이양구대박어사통중3영단어숙어모조리뿌리뽑기,IH-ENG-6987,이양구 대박 어사통 중3 영단어 숙어 모조리 뿌리뽑기
9788996743620,미국어린이영단어발음비법,IH-ENG-6989,미국 어린이 영단어 발음 비법
9788972441182,그림과함께익히는초등영단어따라쓰기,IH-ENG-6990,그림과 함께 익히는 초등 영단어 따라쓰기
9788927402169,내수준에딱맞는고등영단어고급2,IH-ENG-6991,내 수준에 딱 맞는 고등 영단어 고급 2
9788927402138,내수준에딱맞는고등영단어중급1,IH-ENG-6994,내 수준에 딱 맞는 고등 영단어 중급 1
9788927402121,내수준에딱맞는고등영단어초급2,IH-ENG-6995,내 수준에 딱 맞는 고등 영단어 초급 2
9788927402107,내수준에딱맞는중등영단어고급,IH-ENG-6997,내 수준에 딱 맞는 중등 영단어 고급
9788927402091,내수준에딱맞는중등영단어중급,IH-ENG-6998,내 수준에 딱 맞는 중등영단어 중급
9788927402084,내수준에딱맞는중등영단어초급,IH-ENG-6999,내 수준에 딱 맞는 중등영단어 초급
9788927402060,내수준에딱맞는초등영단어중급,IH-ENG-7001,내 수준에 딱 맞는 초등영단어 중급
9788975675560,초등학교부터시작하는지니초등영단어voca,IH-ENG-7002,초등학교부터 시작하는 지니 초등영단어 VOCA
9788997993048,오성법영단어,IH-ENG-7004,오성법 영단어
9788924010374,영단어뻥튀기,IH-ENG-7005,영단어 뻥튀기 (1권)
9788996988519,보물영단어,IH-ENG-7006,보물 영단어
9788993557442,초등영단어850따라쓰기,IH-ENG-7007,초등 영단어 850 따라쓰기
9788998469078,예비중학필수영단어1340,IH-ENG-7008,예비 중학 필수영단어 1340
9788998469047,왕초보주제별영단어3000,IH-ENG-7009,왕초보 주제별 영단어 3000
9788990811424,수준별업그레이드왕초보영단어,IH-ENG-7010,수준별 업그레이드 왕초보 영단어
9788964356111,그램그램영단어원정대8되돌려라혼돈에힘에물든복합명사의왕과건을,IH-ENG-7011,그램그램 영단어 원정대 8: 되돌려라 혼돈에 힘에 물든 복합명사의 왕과 건을
9788993417432,영어시험만점받는초등영단어800,IH-ENG-7014,영어시험 만점받는 초등 영단어 800
9788964355725,그램그램영단어원정대7구하라어근의성지루트행성을,IH-ENG-7015,그램그램 영단어 원정대 7: 구하라 어근의 성지 루트 행성을
9788925548210,두얼굴의영단어,IH-ENG-7016,두 얼굴의 영단어
9788997653164,한입에톡중학영단어,IH-ENG-7017,한입에 톡 중학영단어(Level 1)
9788901150567,영단어어원100개의기적,IH-ENG-7018,영단어 어원 100개의 기적
9788950939564,50일완성초등필수영단어1000,IH-ENG-7019,50일완성 초등필수 영단어 1000
9788993417418,imword토익기본영단어,IH-ENG-7021,I m Word 토익 기본 영단어
9788993417425,imword텝스기본영단어,IH-ENG-7022,I m Word 텝스 기본 영단어
9788964355718,그램그램영단어원정대6모아라루트행성에숨겨진어근의힘,IH-ENG-7025,그램그램 영단어 원정대 6: 모아라 루트 행성에 숨겨진 어근의 힘
9788981001254,만화애플보이와함께하는초등필수영단어,IH-ENG-7026,만화 애플보이와 함께하는 초등 필수 영단어
9788975352447,솔루션영단어숙어jumpup,IH-ENG-7031,솔루션 영단어 숙어 JUMP UP
9788994145563,김과장만화로영어고수되다3고수편,IH-ENG-7034,김과장 만화로 영어고수되다 3: 고수편
9788994145556,김과장만화로영어고수되다2중수편,IH-ENG-7035,김과장 만화로 영어고수되다 2: 중수편
9788994145549,김과장만화로영어고수되다1초짜편,IH-ENG-7036,김과장 만화로 영어고수되다 1: 초짜편
9788994145570,김과장만화로영어고수되다세트,IH-ENG-7038,김과장 만화로 영어고수되다 세트
9788990811370,가장많이사용하는영한한영단어,IH-ENG-7039,가장 많이 사용하는 영한 한영단어
9788960237902,황용선생의못잊게해줄게수험영단어,IH-ENG-7042,황용 선생의 못 잊게 해줄게 수험 영단어
9788964355190,그램그램영단어원정대5잡아라다양한접미사를관장하는서픽스,IH-ENG-7043,그램그램 영단어 원정대. 5: 잡아라 다양한 접미사를 관장하는 서픽스
9788992018647,왕초보newplus한영단어왕,IH-ENG-7044,왕초보 New Plus 한영단어왕
9788975823589,영단어공통어미편접두어품사편,IH-ENG-7045,영단어: 공통어미편 접두어 품사편
9788975823596,초간단고교영단어,IH-ENG-7046,초간단 고교 영단어
9788961426374,캡슐헌터1치치코의부활,IH-ENG-7048,캡슐헌터 1: 치치코의 부활
9788994632520,똑똑한미국영어,IH-ENG-7051,똑똑한 미국영어
9788986827774,기적의영단어공부법,IH-ENG-7052,기적의 영단어 공부법
9788927702504,네이티브영어어휘력사전,IH-ENG-7053,네이티브 영어어휘력 사전
9791139730524,1일1페이지영어어휘력365,IH-ENG-7054,1일 1페이지 영어 어휘력 365(큰글자책)
9791169193979,영어어휘와어원1,IH-ENG-7055,영어 어휘와 어원 1
9791169193986,영어어휘와어원2,IH-ENG-7056,영어 어휘와 어원 2
9791167437112,2026이얼신유형영어어휘어법독해soar오름2,IH-ENG-7057,2026 이얼 신유형 영어 어휘 어법 독해 Soar : 오름 2
9791173491016,김영편입영어어휘기출2단계,IH-ENG-7058,김영편입 영어 어휘 기출 2단계
9791194500049,트렌드vocapower22000,IH-ENG-7059,트렌드 VOCA POWER 22000
9791191122893,마음에평온을주는영어어휘력필사노트철학자편,IH-ENG-7060,마음에 평온을 주는 영어 어휘력 필사 노트: 철학자편
9791173490347,김영편입영어어휘기출1단계,IH-ENG-7061,김영편입 영어 어휘 기출 1단계
9791172623180,2025박문각공무원newtrend진가영영어어휘끝판왕어판왕,IH-ENG-7062,2025 박문각 공무원 New Trend 진가영 영어 어휘 끝판왕[어판왕]
9791164403936,confusingwords2,IH-ENG-7064,Confusing Words 2
9791191926804,영어어휘력연습,IH-ENG-7067,영어 어휘력 연습
9791169190749,교실이야기를담은영어어휘문법지도,IH-ENG-7068,교실 이야기를 담은 영어 어휘문법 지도
9791197748608,니어케이프영어어휘어드밴스드워즈2896,IH-ENG-7069,니어케이프 영어 어휘 어드밴스드 워즈 2896
9791197748691,니어케이프영어어휘베이직워즈1800,IH-ENG-7071,니어케이프 영어 어휘 베이직 워즈 1800
9791191158809,영어어휘가로세로보기,IH-ENG-7072,영어 어휘 가로세로 보기
9791187642329,thisisit공무원영어어휘생활영어문법220제,IH-ENG-7075,This Is It 공무원영어 어휘·생활영어·문법 220제
9791164447688,문덕영어어휘,IH-ENG-7076,문덕 영어 어휘(2021)
9791155065808,pass통합영어어휘표현생활영어,IH-ENG-7077,Pass 통합영어 어휘 표현 생활영어
9788924062540,공무원영어어휘어원으로마스터,IH-ENG-7079,"공무원 영어 어휘, '어원'으로 마스터!"
9791160491173,김태은영어어휘driver,IH-ENG-7081,김태은 영어 어휘 driver
9788975998676,영어어휘이해,IH-ENG-7082,영어 어휘 이해
9788986744811,공무원영어어휘표현,IH-ENG-7083,공무원 영어 어휘 표현
9791159011863,flex영어어휘,IH-ENG-7084,FLEX 영어어휘
9788975996160,전공영어어휘,IH-ENG-7087,전공영어 어휘
9788968173240,영어어휘학습의원리와실제,IH-ENG-7088,영어 어휘 학습의 원리와 실제
9791186778043,영어어휘학습을위한코퍼스및사전활용,IH-ENG-7089,영어어휘학습을 위한 코퍼스 및 사전활용
9791186169193,영어어휘족보3000제세트,IH-ENG-7090,영어 어휘족보 3000제 세트(공무원 경찰)
9791186169353,리스공공무원경찰영어어휘족보3000제part3,IH-ENG-7092,리스공 공무원 경찰 영어 어휘족보 3000제 Part 3
9791186169339,리스공공무원경찰영어어휘족보3000제2,IH-ENG-7093,리스공 공무원 경찰 영어 어휘족보 3000제 2
9788968171871,영어어휘학습,IH-ENG-7095,영어어휘학습
9788975352638,englishvocabularystory,IH-ENG-7098,English Vocabulary Story(영어 어휘 이야기)
9788957815281,담화에서의어휘패턴과영어어휘지도,IH-ENG-7099,담화에서의 어휘패턴과 영어 어휘지도
9788957268810,영어어휘변천사연구,IH-ENG-7100,영어어휘 변천사 연구
9788959710737,영어어휘storytelling,IH-ENG-7101,영어어휘 STORY TELLING
9788983965875,instantwordpower,IH-ENG-7102,INSTANT WORD POWER(영어 어휘력 사전)
9788992836791,초등영단어길라잡이,IH-ENG-7103,초등영단어 길라잡이
9788957266847,영어어휘학습지도,IH-ENG-7104,영어어휘 학습지도
9788996073543,영어어휘길들이기,IH-ENG-7107,(어원 분석에 기초한 영어학 박사 김성봉의) 영어어휘 길들이기 (세트)
9788996117100,영어어휘편람,IH-ENG-7108,영어어휘편람
9788959316823,영어어휘검색프로그램연구,IH-ENG-7109,영어 어휘 검색 프로그램 연구
9788978060486,영어어휘교육론,IH-ENG-7110,영어 어휘 교육론
8977358922,초등영어어휘교육,IH-ENG-7113,초등영어 어휘 교육
8988972244,당신의영어어휘숙어실력은,IH-ENG-7114,당신의 영어 어휘·숙어 실력은?
8989084075,시사영어어휘연구,IH-ENG-7115,시사영어 어휘연구
9791199835214,pod영어자막을끄게만드는엄마표소리훈련,IH-ENG-7117,[POD] 영어 자막을 끄게 만드는 엄마표 소리 훈련
9791199280595,영어그림책으로배우는영어말하기쓰기level2,IH-ENG-7118,영어 그림책으로 배우는 영어 말하기 쓰기 Level 2
9791112155610,pod성인을위한영어읽기,IH-ENG-7119,[POD] 성인을 위한 영어 읽기(파닉스)
9791194500087,나는파닉스천재가될거야,IH-ENG-7120,나는 파닉스 천재가 될 거야 (스프링북)
9791194543503,모두의파닉스,IH-ENG-7121,모두의 파닉스
9791168224810,소리로시작하는영어그림책,IH-ENG-7122,소리로 시작하는 영어 그림책
9791199567702,pod파닉스어학당,IH-ENG-7123,[POD] 파닉스어학당
9788924176537,pod파닉스위너1권phonicswinner1,IH-ENG-7124,[POD] 파닉스위너1권 PHONICSWINNER 1
9788924176520,pod파닉스위너2권phonicswinner2,IH-ENG-7125,[POD] 파닉스위너2권 PHONICSWINNER 2
9788924176513,pod파닉스위너3권phonicswinner3,IH-ENG-7126,[POD] 파닉스위너3권 PHONICSWINNER 3
9791173553226,진짜쉬운선샤인파닉스step1,IH-ENG-7127,진짜 쉬운 선샤인 파닉스 STEP 1
9791141952136,너영어읽고싶니첫파닉스한걸음,IH-ENG-7128,"너, 영어 읽고 싶니 ? 첫 파닉스 한 걸음"
9791198801029,점프업파닉스1,IH-ENG-7129,점프업 파닉스(Jump Up Phonics) 1
9791198801050,점프업파닉스4,IH-ENG-7130,점프업 파닉스(Jump Up Phonics) 4
9791198801036,점프업파닉스2,IH-ENG-7131,점프업 파닉스(Jump Up Phonics) 2
9791198801043,점프업파닉스3,IH-ENG-7132,점프업 파닉스(Jump Up Phonics) 3
9791198859686,아이큐업파닉스2,IH-ENG-7133,아이큐업 파닉스 2
9791198859679,아이큐업파닉스1,IH-ENG-7134,아이큐업 파닉스 1
9791163864257,119phonics,IH-ENG-7135,119 Phonics(파닉스)
9791173550379,진짜쉬운파닉스는이렇게배웁니다,IH-ENG-7137,진짜 쉬운 파닉스는 이렇게 배웁니다
9791191244670,아이can파닉스,IH-ENG-7138,아이 can 파닉스
9791193357385,영어진짜잘하는아이는파닉스합니다,IH-ENG-7139,영어 진짜 잘하는 아이는 파닉스합니다
9791141914035,파닉스abc라임스토리,IH-ENG-7140,파닉스 ABC 라임스토리(펠트)
9791171420711,독학영어알파벳파닉스쓰기노트,IH-ENG-7141,"독학, 영어 알파벳 파닉스 쓰기노트"
9791160038088,우리엄마의파닉스를부탁해,IH-ENG-7142,우리 엄마의 파닉스를 부탁해
9791198721426,영어그림책으로배우는영어말하기쓰기level1,IH-ENG-7143,영어 그림책으로 배우는 영어 말하기 쓰기 Level 1
9791139220124,초등영어하루1단계파닉스왕2이중자음과이중모음문장속단어읽기발음기호문장읽고쓰기,IH-ENG-7144,초등 영어 하루 1단계 파닉스왕 2 [이중자음과 이중모음+문장 속 단어 읽기+발음기호+문장 읽고 쓰기]
9788965915782,초등영어읽기독립파닉스21단계,IH-ENG-7145,초등영어 읽기독립: 파닉스2 1단계
9788965915775,초등영어읽기독립파닉스11단계,IH-ENG-7146,초등영어 읽기독립: 파닉스1 1단계
8809316334067,1일1장한달완성도레미프렌즈첫파닉스,IH-ENG-7148,1일 1장! 한 달 완성! 도레미 프렌즈 첫 파닉스
9791187158578,2시간에끝내는한글영어발음천사,IH-ENG-7149,2시간에 끝내는 한글영어 발음천사
9791139216622,초등영어하루1단계파닉스왕1,IH-ENG-7150,초등 영어 하루 1단계 파닉스왕 1
8809747040179,길맥파닉스게임응용편,IH-ENG-7151,길맥파닉스 게임 응용편
9788927790655,waytogophonics5,IH-ENG-7152,Way to Go! Phonics 5
9788927790648,waytogophonics4,IH-ENG-7153,Way to Go! Phonics 4
9788927790631,waytogophonics3,IH-ENG-7154,Way to Go! Phonics 3
9788927790624,waytogophonics2,IH-ENG-7155,Way to Go! Phonics 2
9788927790617,waytogophonics1,IH-ENG-7156,Way to Go! Phonics 1
9791198024244,펀알파벳펀파닉스1funalphabetfunphonics1,IH-ENG-7159,펀 알파벳 + 펀 파닉스1: Fun Alphabet + Fun Phonics 1
9791192769165,키즈를위한알파벳파닉스세트,IH-ENG-7160,키즈를 위한 알파벳 파닉스 세트
9791187158455,초등영어파닉스119,IH-ENG-7161,초등영어 파닉스 119
9791197920394,magic초등영어파닉스,IH-ENG-7162,Magic 초등 영어 파닉스
9791161480695,맛있는초등영어파닉스,IH-ENG-7163,맛있는 초등 영어 파닉스
9791163034285,바빠초등파닉스리딩세트,IH-ENG-7164,바빠 초등 파닉스 리딩 세트
9791163034490,바빠초등파닉스리딩2,IH-ENG-7165,바빠 초등 파닉스 리딩 2
9791163034292,바빠초등파닉스리딩1,IH-ENG-7166,바빠 초등 파닉스 리딩 1
9791192427102,idicphonics1,IH-ENG-7167,iDic Phonics(아이딕 파닉스) 1
9791192427119,idicphonics2,IH-ENG-7168,iDic Phonics(아이딕 파닉스) 2
9791192427126,idicphonics3,IH-ENG-7169,iDic Phonics(아이딕 파닉스) 3
9791192199221,파닉스단숨에따라잡기,IH-ENG-7170,파닉스 단숨에 따라잡기
9791198024237,펀파닉스3,IH-ENG-7171,펀 파닉스(Fun Phonics) 3
9791198024220,펀파닉스2,IH-ENG-7172,펀 파닉스(Fun Phonics) 2
9791198024213,펀파닉스1,IH-ENG-7173,펀 파닉스(Fun Phonics) 1
9791198024206,펀파닉스세트,IH-ENG-7174,펀 파닉스(Fun Phonics) 세트
9791139207286,30일간의파닉스여행,IH-ENG-7175,30일간의 파닉스 여행
9791163034049,7살첫영어파닉스,IH-ENG-7176,7살 첫 영어: 파닉스(알파벳 소리)
9791188005994,영쌤의초등파닉스2패턴익히기와문장읽기,IH-ENG-7177,영쌤의 초등 파닉스 2: 패턴 익히기와 문장 읽기
9788998693695,스마트이지파닉스level3,IH-ENG-7178,스마트 이지파닉스 Level 3
9788969160201,파닉스알파벳따라쓰기level1알파벳편,IH-ENG-7179,파닉스 알파벳 따라쓰기 LEVEL 1: 알파벳편
9788969160218,파닉스알파벳따라쓰기세트,IH-ENG-7180,파닉스 알파벳 따라쓰기 세트
9788969160188,파닉스발음기호포켓북,IH-ENG-7181,파닉스 발음기호 포켓북
9788998693688,스마트이지파닉스level2,IH-ENG-7182,스마트 이지파닉스 Level 2
9788998693671,스마트이지파닉스level1,IH-ENG-7183,스마트 이지파닉스 Level 1
9791197906527,재잘재잘파닉스,IH-ENG-7184,재잘재잘파닉스(워크북)
9791197906534,도란도란파닉스,IH-ENG-7185,도란도란파닉스
9791188403288,구구와토비이야기2,IH-ENG-7186,구구와 토비 이야기 2
9788981406752,파닉스학습영어단어따라쓰기,IH-ENG-7187,파닉스 학습 영어단어 따라쓰기
9791157683413,가장쉬운초등필수파닉스하루한장의기적,IH-ENG-7188,가장 쉬운 초등 필수 파닉스 하루 한장의 기적
9791188915545,초3전에파닉스떼고챕터북읽기,IH-ENG-7189,초3 전에 파닉스 떼고 챕터북 읽기
9791163400554,하루한장초등영어파닉스발음기호,IH-ENG-7190,하루 한장 초등 영어 파닉스+발음기호
9781951423933,파닉스쿡북,IH-ENG-7191,파닉스 쿡 북(Phonics Cook Book)
9791188005888,영쌤의초등파닉스1알파벳과소릿값,IH-ENG-7192,영쌤의 초등 파닉스 1: 알파벳과 소릿값
9791139202403,우리학교파닉스왕2,IH-ENG-7193,우리 학교 파닉스왕 2(초등 5~6학년)
9791197284816,followmetophonicsworld,IH-ENG-7194,Follow Me to Phonics World(파닉스 월드)
9791188403271,구구와토비이야기1,IH-ENG-7195,구구와 토비 이야기 1
9791157687312,진짜기초영어파닉스편,IH-ENG-7196,진짜 기초영어: 파닉스 편
8809264181744,usbornephonicsreaders시리즈세트,IH-ENG-7197,Usborne Phonics Readers 시리즈 세트
9791189204884,초등알파벳파닉스,IH-ENG-7198,초등 알파벳 파닉스
9791190347099,나의첫파닉스,IH-ENG-7199,나의 첫 파닉스
9788998693572,이지파닉스큐브원목교구,IH-ENG-7200,이지 파닉스 큐브 원목교구
9791165528249,우리학교파닉스왕,IH-ENG-7201,우리 학교 파닉스왕(초등 3~4학년)
9791195171484,영어훈민정음한국인70이상영어알아듣고말하기위한한글표기파닉스영어발음사전,IH-ENG-7202,"영어 훈민정음: ""한국인 70% 이상, 영어 알아듣고 말하기!"" 위한 한글 표기 파닉스 영어발음사전"
9791163031772,바쁜초등학생을위한빠른파닉스세트,IH-ENG-7203,바쁜 초등학생을 위한 빠른 파닉스 세트
9791163032083,바쁜초등학생을위한빠른파닉스2단모음장모음이중글자,IH-ENG-7204,"바쁜 초등학생을 위한 빠른 파닉스 2: 단모음, 장모음, 이중 글자"
9791197177934,바로이것이파닉스영어따라쓰기세트,IH-ENG-7211,바로 이것이 파닉스 + 영어 따라쓰기 세트
9788968179235,엄마표영어교실,IH-ENG-7212,엄마표 영어교실
9791197177910,바로이것이파닉스,IH-ENG-7213,바로 이것이 파닉스
9791166150340,브라운파닉스level2세트,IH-ENG-7214,브라운 파닉스 Level 2세트
9791166150159,브라운파닉스level1세트,IH-ENG-7215,브라운 파닉스 Level 1세트
9791166150029,브라운파닉스스타터편,IH-ENG-7216,브라운 파닉스: 스타터 편
9791163031789,바쁜초등학생을위한빠른파닉스1알파벳소릿값,IH-ENG-7217,바쁜 초등학생을 위한 빠른 파닉스 1: 알파벳 소릿값
9791197083013,진짜진짜파닉스,IH-ENG-7218,진짜 진짜 파닉스
9788997220182,길맥파닉스세트,IH-ENG-7219,길맥 파닉스 세트()
9788997220199,길맥파닉스1,IH-ENG-7220,길맥 파닉스 1
9788997220205,길맥파닉스2,IH-ENG-7221,길맥 파닉스 2
9788997220212,길맥파닉스3,IH-ENG-7222,길맥 파닉스 3
9788997220229,길맥파닉스4,IH-ENG-7223,길맥 파닉스 4
9791157686124,가장쉬운초등필수파닉스실전연습,IH-ENG-7224,가장 쉬운 초등 필수 파닉스 실전 연습
9788969160140,파닉스발음기호,IH-ENG-7225,파닉스 발음기호
8809584510064,아빠표영어파닉스카드100,IH-ENG-7226,아빠표 영어 파닉스 카드 100
9791164400959,파닉스가아니고소리음가다,IH-ENG-7227,파닉스가 아니고 소리음가다
9791187158196,아빠표영어구구단파닉스10단,IH-ENG-7228,아빠표 영어 구구단+파닉스 10단 (의문문)
9791185600260,jho100시간영어시리즈2발음,IH-ENG-7229,JHO 100시간 영어 시리즈 2: 발음
9791196473006,헬로캐리파닉스워크북basic1,IH-ENG-7231,헬로캐리 파닉스 워크북 Basic 1(A~H)
9791196473013,헬로캐리파닉스워크북basic2,IH-ENG-7232,헬로캐리 파닉스 워크북 Basic 2(I~Q)
9791196473020,헬로캐리파닉스워크북basic3,IH-ENG-7233,헬로캐리 파닉스 워크북 Basic 3(R~Z)
9791196473037,헬로캐리파닉스워크북advanced1,IH-ENG-7234,헬로캐리 파닉스 워크북 Advanced 1(ch-ea)
9791196473044,헬로캐리파닉스워크북advanced2,IH-ENG-7235,헬로캐리 파닉스 워크북 Advanced 2(ee-oy)
9791196473051,헬로캐리파닉스워크북advanced3,IH-ENG-7236,헬로캐리 파닉스 워크북 Advanced 3(oo-ur)
9791196473099,헬로캐리파닉스워크북세트,IH-ENG-7237,헬로캐리 파닉스 워크북 세트
9791196267377,데이지파닉스5,IH-ENG-7238,데이지 파닉스(Daisy Phonics) 5
9791196267346,데이지파닉스4,IH-ENG-7239,데이지 파닉스(Daisy Phonics) 4
9791188935215,영어파닉스의모순파헤치기,IH-ENG-7240,영어 파닉스의 모순 파헤치기
9791187158189,아빠표영어구구단파닉스9단부정문,IH-ENG-7241,아빠표 영어 구구단+파닉스 9단: 부정문
9791187158202,아빠표초등영어파닉스알파벳순서따라쓰기,IH-ENG-7242,아빠표 초등영어 파닉스+알파벳 순서 따라쓰기
9788968177255,파닉스의이해와적용,IH-ENG-7243,파닉스의 이해와 적용
9791187158158,아빠표영어구구단파닉스6단to부정사,IH-ENG-7244,아빠표 영어 구구단+파닉스 6단: to 부정사
9791187158165,아빠표영어구구단파닉스7단전치사,IH-ENG-7245,아빠표 영어 구구단+파닉스 7단: 전치사
9791187158172,아빠표영어구구단파닉스8단조동사,IH-ENG-7246,아빠표 영어 구구단+파닉스 8단: 조동사
9791188364114,신나는세이파닉스게임step2,IH-ENG-7248,신나는 세이 파닉스 게임 Step 2
9791196267308,데이지파닉스1,IH-ENG-7250,데이지 파닉스(Daisy Phonics) 1
9791196267315,데이지파닉스2,IH-ENG-7251,데이지 파닉스(Daisy Phonics) 2
9791196267322,데이지파닉스3,IH-ENG-7252,데이지 파닉스(Daisy Phonics) 3
9791187158134,아빠표영어구구단파닉스4단be동사,IH-ENG-7253,아빠표 영어 구구단+파닉스 4단: be동사
9791187158141,아빠표영어구구단파닉스5단분사,IH-ENG-7254,아빠표 영어 구구단+파닉스 5단: 분사
9791187158103,아빠표영어구구단파닉스1단명사,IH-ENG-7258,아빠표 영어 구구단+파닉스 1단: 명사
9791187158110,아빠표영어구구단파닉스2단일반동사,IH-ENG-7259,아빠표 영어 구구단+파닉스 2단: 일반동사
9791187158127,아빠표영어구구단파닉스3단인칭,IH-ENG-7260,아빠표 영어 구구단+파닉스 3단: 인칭
9791155428382,욱하지않고아들영어자립,IH-ENG-7261,욱하지 않고 아들 영어 자립
9788969160126,파닉스알파벳따라쓰기level2자음조합편,IH-ENG-7263,파닉스 알파벳 따라쓰기 Level 2: 자음조합편
9788969160133,파닉스알파벳따라쓰기level3모음조합편,IH-ENG-7264,파닉스 알파벳 따라쓰기 Level 3: 모음조합편
9791196194703,파닉스가이드북,IH-ENG-7265,파닉스 가이드북
9788959794973,코파닉스발음기호,IH-ENG-7266,코파닉스 발음기호
9788959794959,코파닉스3,IH-ENG-7267,코파닉스 3
9788959794935,코파닉스1,IH-ENG-7269,코파닉스 1
9791195919307,파닉스가아니라발음기호가정답이다,IH-ENG-7271,파닉스가 아니라 발음기호가 정답이다
9788966535002,한권으로끝내는파닉스,IH-ENG-7272,한 권으로 끝내는 파닉스
9791187171225,왕초보영어파닉스닥터북,IH-ENG-7273,왕초보 영어 파닉스 닥터북
9791195668120,nimaphonics3vowelsounds,IH-ENG-7274,NiMa Phonics(니마 파닉스) 3: Vowel Sounds
9791195668113,nimaphonics2consonantblends,IH-ENG-7275,NiMa Phonics(니마 파닉스) 2: Consonant Blends
9791195668106,nimaphonics1singlelettersounds,IH-ENG-7276,NiMa Phonics(니마 파닉스) 1: Single Letter Sounds
9791195715114,atoz영어파닉스,IH-ENG-7278,A to Z 영어 파닉스
9791130471099,어르신을위한파닉스,IH-ENG-7280,어르신을 위한 파닉스
9788996895152,일빵빵알파벳파닉스영어단어2,IH-ENG-7281,일빵빵 알파벳 파닉스 영어단어 2
9788954921114,jpkphonicscards,IH-ENG-7283,JPK Phonics Cards(소리나는 파닉스 카드)
9788996895145,일빵빵알파벳파닉스영어단어1,IH-ENG-7284,일빵빵 알파벳 파닉스 영어단어 1
9788996895138,일빵빵알파벳파닉스영어단어,IH-ENG-7285,일빵빵 + 알파벳파닉스 영어단어 (SET)
9788964494066,phonicsland,IH-ENG-7288,Phonics Land(파닉스 랜드)
9788996743606,파닉스완전정복,IH-ENG-7291,파닉스 완전정복
9788996762102,시니어파닉스,IH-ENG-7292,시니어 파닉스
9788963894485,문단열의파파파닉스5,IH-ENG-7296,문단열의 파파 파닉스 5
9788963894478,문단열의파파파닉스4,IH-ENG-7297,문단열의 파파 파닉스 4
9788963894461,문단열의파파파닉스3,IH-ENG-7298,문단열의 파파 파닉스 3
9788963894454,파파파닉스2,IH-ENG-7299,파파 파닉스 2
9788963894447,파파파닉스1,IH-ENG-7300,파파 파닉스 1
9788963894430,파파파닉스,IH-ENG-7301,파파 파닉스
9788915073647,철저반복영어파닉스1,IH-ENG-7302,철저반복 영어 파닉스 1
9788975335105,파닉스매일영어스티커북,IH-ENG-7303,파닉스 매일영어 스티커북
9788989195177,한글로파닉스4세트,IH-ENG-7304,한글로 파닉스 4 세트
9788989195146,파닉스연습문제4세트,IH-ENG-7305,파닉스 연습문제 4 세트
9788989195115,파닉스연습문제3세트,IH-ENG-7306,파닉스 연습문제 3 세트
9788989195085,파닉스연습문제2세트,IH-ENG-7307,파닉스 연습문제 2 세트
9788989195054,파닉스연습문제1세트,IH-ENG-7308,파닉스 연습문제 1 세트
9788992197250,읽고쓰기가쉬워지는파닉스,IH-ENG-7309,읽고 쓰기가 쉬워지는 파닉스
9788995935026,파닉스와작독문,IH-ENG-7310,파닉스와 작독문
9788995929650,아이작의파닉스동화set2,IH-ENG-7311,아이작의 파닉스 동화 SET 2
9788995929667,아이작의파닉스동화set3,IH-ENG-7312,아이작의 파닉스 동화 SET 3
9788995929643,아이작의파닉스동화set1,IH-ENG-7314,아이작의 파닉스 동화 SET 1
9788995929612,아이작의파닉스사전,IH-ENG-7315,아이작의 파닉스 사전
9788992116107,시스템파닉스영단어세트,IH-ENG-7316,시스템파닉스 영단어 세트
9788972609377,파닉스스토리북세트,IH-ENG-7317,파닉스 스토리북 세트
9788983680549,재미있는영어1,IH-ENG-7318,재미있는 영어 1
9788992031035,미국식파닉스를배워야미국말이통한다,IH-ENG-7320,미국식 파닉스를 배워야 미국말이 통한다(고급)
9788992116015,시스템파닉스2,IH-ENG-7321,시스템 파닉스 2
9788992116022,시스템파닉스3,IH-ENG-7322,시스템 파닉스 3
9788992116008,시스템파닉스1,IH-ENG-7323,시스템 파닉스 1
9788992116039,시스템파닉스4,IH-ENG-7324,시스템 파닉스 4
9788989735083,파닉스캣,IH-ENG-7328,파닉스 캣
9791173561016,2027조셉신the일반영어리딩master,IH-ENG-7329,2027 조셉신 THE 일반영어 리딩 MASTER
9791173560972,2027the일반영어리딩advanced,IH-ENG-7330,2027 THE 일반영어 리딩 ADVANCED
9791173560965,2027the일반영어리딩edge,IH-ENG-7331,2027 THE 일반영어 리딩 EDGE
9791163036203,바빠초등영어리딩세트,IH-ENG-7332,바빠 초등 영어 리딩 세트
9791163036418,바빠초등영어리딩3words70,IH-ENG-7333,바빠 초등 영어 리딩 3: Words 70
9791163036340,바빠초등영어리딩2words60,IH-ENG-7334,바빠 초등 영어 리딩 2: Words 60
9791163036210,바빠초등영어리딩1words50,IH-ENG-7335,바빠 초등 영어 리딩 1: Words 50
9791163481843,소방영어리딩패턴levelup,IH-ENG-7336,소방영어 리딩패턴 Level Up
9791155811207,세계역사이야기영어리딩훈련특별세트,IH-ENG-7337,세계 역사 이야기 영어 리딩 훈련 특별 세트
9791186286272,영어리딩40두뇌를이해한영어읽기지도,IH-ENG-7338,영어리딩 4.0 두뇌를 이해한 영어 읽기 지도
9791160490169,권영한경찰영어리딩스킬40,IH-ENG-7339,권영한 경찰영어 리딩스킬 4.0(2017)
9791155810637,세계역사이야기영어리딩훈련현대편통합본,IH-ENG-7340,세계 역사 이야기 영어 리딩 훈련: 현대편 통합본
9791155810552,세계역사이야기영어리딩훈련셀프스터디북근대편통합본,IH-ENG-7341,세계 역사 이야기 영어 리딩 훈련 셀프 스터디북: 근대편 통합본
9791155810545,세계역사이야기영어리딩훈련셀프스터디북중세편,IH-ENG-7342,세계 역사 이야기 영어 리딩 훈련 셀프 스터디북: 중세편
9791155810521,세계역사이야기영어리딩훈련현대2,IH-ENG-7343,세계 역사 이야기 영어리딩훈련: 현대 2
9791155810514,세계역사이야기영어리딩훈련현대1,IH-ENG-7344,세계 역사 이야기 영어리딩훈련: 현대 1
9791155810491,세계역사이야기영어리딩훈련근대2,IH-ENG-7345,세계 역사 이야기 영어리딩훈련: 근대 2
9791155810484,세계역사이야기영어리딩훈련근대1,IH-ENG-7346,세계 역사 이야기 영어리딩훈련: 근대 1
9791155810460,세계역사이야기영어리딩훈련중세2,IH-ENG-7347,세계 역사 이야기 영어리딩훈련: 중세 2
9791155810453,세계역사이야기영어리딩훈련중세1,IH-ENG-7348,세계 역사 이야기 영어리딩훈련: 중세 1
9791155810392,세계역사이야기영어리딩훈련고대1,IH-ENG-7349,세계 역사 이야기 영어리딩훈련: 고대 1
9791155810408,세계역사이야기영어리딩훈련고대2,IH-ENG-7350,세계 역사 이야기 영어리딩훈련: 고대 2
9788930232937,할머니도쉽게배우는why그랜마영어영어리딩편,IH-ENG-7351,할머니도 쉽게 배우는 Why 그랜마 영어: 영어 리딩 편
9788901156606,독한영어리딩,IH-ENG-7352,독한영어리딩
9788966140169,특허받은영어리딩비법,IH-ENG-7353,특허 받은 영어 리딩 비법
9788986989540,영문기사를사용한영어리딩의기술,IH-ENG-7355,영문기사를 사용한 영어 리딩의 기술
8986989549,영어리딩의기술,IH-ENG-7356,(영문기사를 사용한)영어 리딩의 기술
9791198321176,말씀영어씬택스,IH-ENG-7357,말씀 영어 씬택스
9791175191136,박문각공무원김태은영어마지막기본영어구문,IH-ENG-7358,박문각 공무원 김태은 영어 마지막 기본 영어구문
9791173951381,pod예문으로아주쉽게배우는영어구문독해,IH-ENG-7359,[POD] 예문으로 아주 쉽게 배우는 영어 구문 독해
9791190766302,pod구문도해영어구문론,IH-ENG-7360,[POD] 구문도해 영어구문론
9791191907377,박수연영어구문독해,IH-ENG-7362,박수연 영어 구문독해(Jump Up)
9791197196836,영어구문식스데블즈기본,IH-ENG-7363,영어구문 식스데블즈(Six Devils) 기본
9791197196829,영어구문식스데블즈입문,IH-ENG-7364,영어구문 식스데블즈(Six Devils) 입문
9788992835138,영어구문론,IH-ENG-7365,영어구문론
9788986451238,성문영어구문100,IH-ENG-7366,성문영어구문100(23)
9788963368313,2024장대영polaris구문imagetouching,IH-ENG-7367,2024 장대영 Polaris 구문: Image Touching
9791155433393,2024정수현영어구문,IH-ENG-7368,2024 정수현 영어 구문
9791190837118,독해기술헤더진영어구문독해,IH-ENG-7374,독해기술 헤더진영어 구문독해
9791196845902,보이는영어구문잉글맵기본편마디훈련,IH-ENG-7376,보이는 영어구문 잉글맵: 기본편 마디훈련
9791196845919,보이는영어구문잉글맵고급편매듭꼬리표훈련,IH-ENG-7377,보이는 영어 구문 잉글맵: 고급편 매듭 꼬리표훈련
9791127281595,내생애최초의영어구문공부,IH-ENG-7380,내 생애 최초의 영어 구문 공부
9788924064216,이순기영어구문파악연습,IH-ENG-7382,"이순기 영어구문파악연습(초급, 중급용)"
9788964258453,성정혜경찰영어구문x엑스start,IH-ENG-7386,성정혜 경찰영어 구문 X 엑스 START
9788964257852,성정혜경찰영어구문x엑스,IH-ENG-7387,성정혜 경찰영어 구문 X 엑스
9788996745228,구문도해기초영어구문론,IH-ENG-7391,구문도해 기초 영어구문론
9788963915500,yes영어구문level3,IH-ENG-7392,Yes 영어구문 Level 3(2014)
9788963915494,yes영어구문level2,IH-ENG-7393,Yes 영어구문 Level 2
9788963915487,yes영어구문level1,IH-ENG-7394,Yes 영어구문 Level 1
9788993688337,재미있는이야기로배우는영어구문2,IH-ENG-7395,재미있는 이야기로 배우는 영어구문 2
9788993688313,재미있는이야기로배우는영어구문1,IH-ENG-7396,재미있는 이야기로 배우는 영어구문 1
9788996745204,구문도해특수영어구문론,IH-ENG-7397,구문도해 특수 영어구문론
9788993908237,영어구문의이론과실제,IH-ENG-7402,영어구문의 이론과 실제
9788926812877,독해와영작을위한영어구문총정리완성,IH-ENG-7403,독해와 영작을 위한 영어구문 총정리 완성
9788978262033,영어구문의이해,IH-ENG-7404,영어 구문의 이해
9788955063592,영어구문분석,IH-ENG-7405,영어구문분석
8995584610,바이블영어구문론,IH-ENG-7406,바이블 영어 구문론
9788920925870,영어구문연습,IH-ENG-7407,영어 구문연습
9788989511397,영어구문파헤치기,IH-ENG-7408,영어 구문 파헤치기
8973233130,영어구문독해advanced,IH-ENG-7409,영어 구문독해 Advanced
9788981792480,영어구문150,IH-ENG-7410,영어구문150
9788957261514,영어구문의이해1,IH-ENG-7411,영어구문의 이해 1
8973232967,영어구문독해,IH-ENG-7412,영어구문 독해
9788931714081,표준영작문standardenglishcomposition,IH-ENG-7415,표준영작문 Standard English Composition
9791185719351,한국인을위한영작1단계,IH-ENG-7416,한국인을 위한 영작 1단계
9791112149138,pod영작번역은선택이다2,IH-ENG-7417,[POD] 영작 번역은 선택이다 2
9791165162665,4in1영작문,IH-ENG-7418,4 IN 1 영작문
9791161481708,7주완성영작프로젝트맛있는everyday영작문,IH-ENG-7419,7주 완성! 영작 프로젝트 맛있는 Everyday 영작문
9791112071774,pod영작번역은선택이다,IH-ENG-7420,[POD] 영작 번역은 선택이다
9788924175912,pod신경향종합영작문클리닉,IH-ENG-7421,[POD] 신경향 종합영작문클리닉
9791112015952,모리와함께한화요일영작생각,IH-ENG-7422,"모리와 함께한 화요일, 영작 생각"
9791169518963,talktalk나혼자영어문장만들기448,IH-ENG-7423,Talk Talk 나 혼자 영어 문장 만들기 448
9791199071834,준동사로영작문뽀개기,IH-ENG-7424,준동사로 영작문 뽀개기
9788924145526,pod원깨비삼방보문종합250,IH-ENG-7425,[POD] 원깨비 삼방보문-종합250
9791163036333,바빠초등문장의5형식영작문,IH-ENG-7426,바빠 초등 문장의 5형식 영작문
9791187158684,중학영어작문비급,IH-ENG-7427,중학영어 작문비급
9791169105569,초등영어글쓰기한권으로끝,IH-ENG-7428,"초등 영어 글쓰기, 한 권으로 끝"
9791198707000,비즈니스실용영작조기완성,IH-ENG-7429,비즈니스 실용영작 조기완성
9791198244826,new더하기영작플러스,IH-ENG-7430,NEW 더하기 영작 플러스
9791163035268,바빠초등하루5문장영어글쓰기2,IH-ENG-7431,바빠 초등 하루 5문장 영어 글쓰기 2
9791163035077,바빠초등하루5문장영어글쓰기1,IH-ENG-7432,바빠 초등 하루 5문장 영어 글쓰기 1
9791192730684,챗gpt활용영어공부,IH-ENG-7433,챗GPT 활용 영어 공부
9791137289635,해석과영작이되는유일한영어기본구문1,IH-ENG-7434,해석과 영작이 되는 유일한 영어 기본 구문1
9791157689170,미국식영작문수업,IH-ENG-7435,미국식 영작문 수업
9791157689026,미국식영작문수업입문,IH-ENG-7436,미국식 영작문 수업 입문 (최신 개정판)
9791198157102,인사이트영작중급1,IH-ENG-7437,인사이트(Insight) 영작 중급 1
9791157688487,미국식영작문수업어휘,IH-ENG-7438,미국식 영작문 수업 어휘
9791192428383,바로쓸수있는비즈니스영작문,IH-ENG-7439,바로 쓸 수 있는 비즈니스 영작문
9791168019300,저절로써지는영어에세이,IH-ENG-7441,저절로 써지는 영어 에세이(큰글자도서)
9791197741517,과학기술논문영어로쓰기영작문을중심으로,IH-ENG-7442,과학기술 논문 영어로 쓰기: 영작문을 중심으로
9788970342733,순간영작문초급,IH-ENG-7443,순간 영작문 초급
9791137278899,쓸수록지혜로워지는이솝우화명언집영작문연습영어필기체쓰기,IH-ENG-7445,쓸수록 지혜로워지는 이솝우화 명언집 영작문 연습 & 영어 필기체 쓰기 (컬러판)
9791195498192,인사이트영작초급1,IH-ENG-7446,인사이트(Insight) 영작 초급 1
9791188073849,밤9시엄마와영어글쓰기,IH-ENG-7447,밤9시 엄마와 영어 글쓰기
9788920039720,영작문2,IH-ENG-7448,영작문2
9788996691280,고급영작문연습2,IH-ENG-7450,고급 영작문 연습 2
9791197023286,영작문의정석,IH-ENG-7451,영작문의 정석
9788996691266,고급영작문연습,IH-ENG-7452,고급 영작문 연습
9788978467445,문학박사김우영작가의문예창작론,IH-ENG-7453,문학박사 김우영작가의 문예창작론
9788993512694,바이블영작문,IH-ENG-7454,바이블 영작문
9788920036729,영작문1,IH-ENG-7455,영작문1
9788964148846,무역영어3급총정리,IH-ENG-7456,무역영어 3급 총정리
9791158522636,원어민처럼영작하기,IH-ENG-7459,원어민처럼 영작하기
9791165361624,발음에서영작까지기초편,IH-ENG-7460,발음에서 영작까지: 기초편
9791159628924,한덕현제니스영어원데이영작,IH-ENG-7461,한덕현 제니스 영어 원데이 영작(2020)
9791157685585,가장쉬운초등영작문하루4문장쓰기,IH-ENG-7462,가장 쉬운 초등 영작문 하루 4문장 쓰기
9791127272388,말보다빨리느는영작문기술영어문장확장기술,IH-ENG-7463,말보다 빨리 느는 영작문 기술 - 영어문장 확장기술
9791195828319,영작문정복,IH-ENG-7464,영작문 정복
9791127253912,쉬운영어총체적문장연습영작훈련어순배열,IH-ENG-7465,쉬운영어 총체적 문장연습 - 영작훈련/어순배열
9791195498130,insight영작중급2,IH-ENG-7469,INSIGHT 영작 중급2
9788996789857,insight영작어법,IH-ENG-7470,Insight 영작: 어법
9791159013737,theessenceofwriting2,IH-ENG-7471,The Essence of Writing 2
9791162992081,workbookforielts,IH-ENG-7473,Workbook for IELTS
9791196156831,howtospeak20,IH-ENG-7474,How to speak 2.0
9791187632252,베껴쓰기로시작하는영작문10,IH-ENG-7478,베껴쓰기로 시작하는 영작문 1.0
9791159624612,제니스영어실전영작215,IH-ENG-7479,제니스영어 실전영작 215
9791159876905,영작의기술,IH-ENG-7480,영작의 기술
9791186533673,누구나문장으로완성하는영작문따라쓰기5형식편,IH-ENG-7481,누구나 문장으로 완성하는 영작문 따라쓰기: 5형식편
9791186533680,누구나문장으로완성하는영작문따라쓰기품사편,IH-ENG-7482,누구나 문장으로 완성하는 영작문 따라쓰기: 품사편
9791185345116,모조영작,IH-ENG-7483,모조영작
9791155062982,카르마생활영어및영작,IH-ENG-7484,카르마 생활영어 및 영작
9791160730395,5문형으로끝내는실전영작문기초,IH-ENG-7486,5문형으로 끝내는 실전 영작문: 기초
9791158521325,고급번역과영작연습,IH-ENG-7487,고급 번역과 영작 연습
9791187589167,영작문핵심규칙24가지,IH-ENG-7488,영작문 핵심 규칙 24가지
9788947281188,대학영작문,IH-ENG-7493,대학영작문
9788968173820,듀오영작문,IH-ENG-7499,듀오 영작문
9791185345086,핫이슈영작,IH-ENG-7500,핫이슈 영작
9791195170296,4시간에끝내는영화영작완성패턴,IH-ENG-7502,4시간에 끝내는 영화영작: 완성패턴
9788987985848,으라차차초등필수영작문,IH-ENG-7504,으라차차 초등필수 영작문
9788968173127,눈떠라영작문,IH-ENG-7505,눈떠라 영작문
9788968173011,영어설교제목,IH-ENG-7506,영어 설교 제목
9788994182186,번역과영작의기술을배우는팝송영어5,IH-ENG-7507,번역과 영작의 기술을 배우는 팝송영어 5
9791186673034,공무원시험영어문법과영작유형,IH-ENG-7509,공무원 시험 영어: 문법과 영작 유형
9788955661446,시사영작을하는10가지공식,IH-ENG-7510,시사 영작을 하는 10가지 공식
9791195458622,sydney강sam의원리로푸는영작,IH-ENG-7512,Sydney 강 Sam의 원리로 푸는 영작
9791195170227,4시간에끝내는영화영작기본패턴,IH-ENG-7516,4시간에 끝내는 영화영작: 기본패턴
9788959593972,기초기본영문법,IH-ENG-7517,기초 기본 영문법
9788993688382,simplesmart영작문영어표현실전트레이닝,IH-ENG-7519,Simple & Smart 영작문: 영어표현 실전 트레이닝
9788955065626,통번역과파워영작,IH-ENG-7520,통번역과 파워영작
9788994886398,최강중학영작문,IH-ENG-7521,최강 중학 영작문
9788993688368,영어식사고에익숙해지는simplesmart영작문,IH-ENG-7523,영어식 사고에 익숙해지는 Simple Smart 영작문
9791195330324,실용기본영작문,IH-ENG-7524,실용기본 영작문
9791195093793,영작1단계,IH-ENG-7525,(한국인을 위한) 영작 1단계 (세트)
9788974648848,stepup초보자를위한영작문,IH-ENG-7527,Step up 초보자를 위한 영작문
9788965384380,dan하나뿐인줄리아홀릭영어문법및영작편,IH-ENG-7529,Dan 하나뿐인 줄리아 홀릭영어: 문법 및 영작편(인터넷전용상품)
9788994182148,번역과영작의기술을배우는팝송영어4,IH-ENG-7530,번역과 영작의 기술을 배우는 팝송영어 4
9788995935095,잠자리영작1,IH-ENG-7531,잠자리 영작 1
9788926846117,회화가술술되는기초영작문,IH-ENG-7532,회화가 술술 되는 기초 영작문
9791155090008,이기는영작문,IH-ENG-7534,이기는 영작문
9788974648305,stepbystep영작문,IH-ENG-7535,Step by step 영작문
9788994182124,번역과영작의기술을배우는팝송영어3,IH-ENG-7536,번역과 영작의 기술을 배우는 팝송영어 3
9788931518610,샤이니의영작스케치,IH-ENG-7537,샤이니의 영작스케치
9788997428236,영작중심의무역영어,IH-ENG-7538,영작 중심의 무역영어
9788995748459,e젠영작이다,IH-ENG-7540,e젠 영작이다
9788963411552,말하기위한실용기본영작문,IH-ENG-7541,말하기위한 실용기본 영작문
9788974826864,새로운패턴으로따라잡는미국식영작문,IH-ENG-7543,새로운 패턴으로 따라잡는 미국식 영작문
9788961842761,실용모델영작문,IH-ENG-7544,실용 모델 영작문
9788994182117,복문장영작의모든것,IH-ENG-7545,복문장 영작의 모든 것
9788996902133,합격보장공무원영어2단어숙어독해생활영어영작문,IH-ENG-7546,합격보장 공무원 영어 2: 단어 숙어 독해 생활영어 영작문
9788997888337,초중고기초도해영작문,IH-ENG-7547,초 중 고 기초 도해 영작문
9788992179560,영어가만만하다70영작패턴,IH-ENG-7549,영어가 만만하다 70 영작 패턴
9788994182087,단문장영작의모든것,IH-ENG-7551,단문장 영작의 모든 것
9788961055529,잘못된곳을고쳐주는영작문,IH-ENG-7552,잘못된 곳을 고쳐주는 영작문
9788974826345,영작문패턴으로따라잡기,IH-ENG-7553,영작문 패턴으로 따라잡기
9788957269176,기초영작고급영작,IH-ENG-7554,기초 영작 고급 영작
9788994182070,번역과영작의기술을배우는팝송영어2,IH-ENG-7555,번역과 영작의 기술을 배우는 팝송영어 2
9788992308601,하루30분wakeup영작문,IH-ENG-7556,하루 30분 Wake Up 영작문
9788996493389,영어명언,IH-ENG-7559,영어명언(30일 완성)
9788983796790,초등영작문,IH-ENG-7562,초등 영작문
9788994102092,iks논리영작법,IH-ENG-7564,IKS 논리 영작법(THE LOGICAL ENGLISH COMPOSITION)
9788992116176,시스템영작문1,IH-ENG-7566,시스템영작문 1
9788992116183,시스템영작문2,IH-ENG-7567,시스템영작문 2
9788992116190,시스템영작문3,IH-ENG-7568,시스템영작문 3
9788964804179,의학연구자를위한영작문사전,IH-ENG-7569,의학연구자를 위한 영작문사전
9788994948065,관광영작문,IH-ENG-7570,관광 영작문
9788971493588,영작문노트,IH-ENG-7573,영작문 노트
9788996390664,기적의영작문,IH-ENG-7574,기적의 영작문
9788984213210,영작문감각,IH-ENG-7575,영작문 감각
9788983966889,누구나영작문,IH-ENG-7577,누구나 영작문
9788981652043,한번만읽으면끝나는직감영작문,IH-ENG-7578,한번만 읽으면 끝나는 직감 영작문
9788964180051,고급영작문영문독해따라하기,IH-ENG-7579,고급 영작문 영문독해 따라하기
9788920003165,영작문i,IH-ENG-7580,영작문 I
9788920003141,영작문ii,IH-ENG-7581,영작문 II
9788926308936,캐릭캐릭체인지17,IH-ENG-7583,캐릭캐릭 체인지. 17(인기만화 TV애니메이션 방영작)
9788926308547,캐릭캐릭체인지16,IH-ENG-7586,캐릭캐릭 체인지 16(인기만화 TV애니메이션 방영작)
9788926308387,캐릭캐릭체인지15,IH-ENG-7587,캐릭캐릭 체인지 15(인기만화 TV애니메이션 방영작)
9788926307755,캐릭캐릭체인지14,IH-ENG-7588,캐릭캐릭 체인지 14(인기만화 TV애니메이션 방영작)
9788988277836,powerwriting구조를알면영작이쉽다,IH-ENG-7589,POWER WRITING: 구조를 알면 영작이 쉽다
9788926307601,캐릭캐릭체인지13,IH-ENG-7590,캐릭캐릭 체인지 13(인기만화 TV애니메이션 방영작)
9788926307182,캐릭캐릭체인지12,IH-ENG-7591,캐릭캐릭 체인지 12(인기만화 TV애니메이션 방영작)
9788926801635,fromwritingtoessay대학영작문,IH-ENG-7592,From Writing to Essay 대학 영작문
9788926306383,캐릭캐릭체인지9,IH-ENG-7593,캐릭캐릭 체인지. 9(인기만화 TV애니메이션방영작)
9788925531694,10minutewriting,IH-ENG-7596,10 MINUTE WRITING(텐미닛 라이팅)
9788986982947,혼자배우는영작문,IH-ENG-7598,혼자 배우는 영작문
9788993724134,술술써지는영작문,IH-ENG-7599,술술 써지는 영작문
9788961690874,핵심영작문2,IH-ENG-7601,핵심 영작문 2
9788987314303,마스터하고싶은과학기술영작문의기본,IH-ENG-7602,마스터하고 싶은 과학기술 영작문의 기본
9788961690867,핵심영작문1,IH-ENG-7603,핵심 영작문 1
9788955063622,신경향종합영작문클리닉,IH-ENG-7604,신경향 종합 영작문 클리닉
9788990127679,byebye왕초보영작문,IH-ENG-7605,BYE BYE 왕초보 영작문
9788960372047,이지윤의writingtimes,IH-ENG-7607,이지윤의 WRITING TIMES
9788960372535,유소영의영어일기다음영작책,IH-ENG-7608,유소영의 영어일기 다음 영작책
9788993050028,초등영문법영작문,IH-ENG-7611,(왕건) 초등 영문법·영작문
9788982230653,비즈니스영작문지도,IH-ENG-7612,(해외유학·어학연수를 위한) 비즈니스 영작문지도
9788956554310,질문100개로시작하는초등영작문2,IH-ENG-7613,질문 100개로 시작하는 초등 영작문 2
9788956554303,질문100개로시작하는초등영작문1,IH-ENG-7614,질문 100개로 시작하는 초등 영작문 1
9788959110575,42개동사로초등영작문끝내기,IH-ENG-7615,42개 동사로 초등 영작문 끝내기
9788947231886,기초영어1400,IH-ENG-7616,(영작문+문법) 기초영어 1400
9788990999610,100분영작문,IH-ENG-7617,100분 영작문
9788986827460,표준영작기술,IH-ENG-7619,(한국인을 위한) 표준 영작기술
9788995227275,중급영문법영작문,IH-ENG-7621,(왕건) 중급영문법∙영작문
8984821241,영작문classic,IH-ENG-7622,영작문 Classic
8960330469,영작생활영어,IH-ENG-7623,(트로이) 영작·생활영어
9788995935002,3분만배우면바로쓰는영작비법,IH-ENG-7627,3분만 배우면 바로 쓰는 영작 비법
8990951070,프라임영작문,IH-ENG-7628,프라임 영작문
9788993050011,초급영문법영작문,IH-ENG-7629,(왕건) 초급 영문법·영작문
9788947231978,기초를잡아주는영작문,IH-ENG-7630,기초를 잡아주는 영작문
9788995877807,실전비즈니스영작,IH-ENG-7631,실전 비즈니스 영작
9788960370159,영어일기로writing잡기,IH-ENG-7632,영어일기로 WRITING 잡기
9788991165441,toeflibt영작문,IH-ENG-7635,TOEFL IBT 영작문
9788991211384,final영작2,IH-ENG-7637,Final 영작 2
8971724005,기초영작문,IH-ENG-7638,(즉석) 기초영작문
8971724315,처음시작하는영작기술,IH-ENG-7639,처음 시작하는 영작 기술
8971724188,super영작문,IH-ENG-7640,(3일만에 끝내는) super 영작문
8990951062,영작문drillmaster,IH-ENG-7641,영작문 drillmaster
8988026764,영작문특강밑줄쫙,IH-ENG-7642,영작문 특강 밑줄 쫙~
9788989977285,마스터스영작문,IH-ENG-7643,(영작문에 강해지는) 마스터스 영작문
8947217344,날개를달아주는영작문,IH-ENG-7644,날개를 달아주는 영작문
9788991211377,final영작1,IH-ENG-7645,Final 영작 1
9788991211223,easy영작2,IH-ENG-7646,EASY 영작 2(WORKBOOK 1)
9788991211193,easy영작1,IH-ENG-7647,EASY 영작 1
8971723831,즉석영작문급소,IH-ENG-7649,즉석 영작문 급소
8988421655,영작문연구,IH-ENG-7650,영작문 연구
8989264197,즉석영작비법,IH-ENG-7651,(바로 바로 쓸 수 있는) 즉석영작 비법
8995505311,사랑한다영작문,IH-ENG-7652,"사랑한다, 영작문"
8995701501,혁신영작완성,IH-ENG-7653,혁신영작완성 (세트)
8957510451,카리스마영작문,IH-ENG-7654,카리스마 영작문
8988812573,영작어떻게시작하지,IH-ENG-7655,"영작, 어떻게 시작하지?"
8955062524,기초부터다지기,IH-ENG-7656,(영작문)기초부터 다지기
8981725551,실용영작문,IH-ENG-7657,실용영작문
8981520585,한줄만잘써도cool해지는영작문,IH-ENG-7658,한 줄만 잘 써도 cool해지는 영작문
8955062494,저절로써지는영작비법,IH-ENG-7659,저절로 써지는 영작 비법
9788971865798,영작문123급speed완성,IH-ENG-7660,영작문 123급 SPEED완성(무역영어)
8990763053,영작문급소잡기,IH-ENG-7661,영작문 급소잡기
8995500980,onestop영작문,IH-ENG-7662,(차세대)one-stop 영작문
8990841097,영작문basic,IH-ENG-7663,(혼자서 공부하는)영작문 Basic
8983256427,그림영작문,IH-ENG-7664,그림 영작문
8986827204,신개념영작문이다,IH-ENG-7665,(바로 이것이)신개념 영작문이다
8985482920,에세이영작문,IH-ENG-7666,에세이 영작문
8986632993,돼지영작문,IH-ENG-7667,(10년 해도 안돼?)돼지 영작문
8987975231,thegatewaytoenglish,IH-ENG-7668,"(문법, 독해, 영작을 함께하는) the gateway to English"
8971493496,기본5형식영작문노트,IH-ENG-7669,기본 5형식 영작문 노트
9788955182835,가장쉬운영작문,IH-ENG-7671,가장 쉬운 영작문
8981650942,영문법vs영작문,IH-ENG-7672,(혼자 정복하는)영문법 vs 영작문
8956460051,손에잡힌영작문,IH-ENG-7673,손에 잡힌 영작문
8995110074,영작문의firststep,IH-ENG-7674,(쉽게 배우는)영작문의 First step
8990164141,일급비밀영작문,IH-ENG-7675,(두번 쓰면 끝나는)일급비밀 영작문
8986982390,기초영작문따라하기,IH-ENG-7676,기초 영작문 따라하기
8956430705,대학영작문연구,IH-ENG-7677,대학 영작문 연구
8983003316,119영작비법,IH-ENG-7678,119 영작비법
9788930038959,이영작리포트1997김대중선거전략보고서,IH-ENG-7679,이영작 리포트:1997 김대중 선거전략 보고서
9788981791360,영어회화를위한영작문,IH-ENG-7680,영어회화를 위한 영작문
8995308109,슈퍼영작문,IH-ENG-7681,(디지탈)슈퍼영작문
8977359082,실용영작가이드,IH-ENG-7682,(대학 및 학회 관련)실용 영작 가이드
8972870145,종합영작문,IH-ENG-7683,종합영작문
8930038956,이영작리포트,IH-ENG-7684,이영작 리포트
8995212837,인터넷을이용한영작문교육론,IH-ENG-7685,인터넷을 이용한 영작문 교육론
8985482734,주제별영작문,IH-ENG-7686,(회화로 이어지는)주제별 영작문
8977359767,시사생활영작문,IH-ENG-7687,시사·생활 영작문
8986982056,영작문공식,IH-ENG-7688,(알기쉬운) 영작문 공식
8978260969,영작문연습,IH-ENG-7689,영작문연습
8981520461,미국인교수가쓴한국인을위한영작문,IH-ENG-7690,미국인 교수가 쓴 한국인을 위한 영작문
9788970418346,깃털처럼가벼운e메일영작,IH-ENG-7691,깃털처럼 가벼운 e-메일 영작
8981650675,영작문특강,IH-ENG-7692,(문법에 마침표를 찍는)영작문특강
8981799660,에세이로배우는영작문,IH-ENG-7693,(영문이력서부터 TWE완벽대비까지)에세이로 배우는 영작문
8995234601,홀로서기영작333,IH-ENG-7694,(조지윤의)홀로서기 영작 333
8987708268,비서실무영작문,IH-ENG-7695,비서실무영작문
8987985105,3go영어,IH-ENG-7696,(문법·독해·영작)3 go 영어
8983002409,에세이100,IH-ENG-7697,(영작문을 위한)에세이 100
9788986167641,charmtoefl,IH-ENG-7699,CHARM TOEFL(영작문편)
9788936305222,인터넷으로배우는비즈니스영작,IH-ENG-7700,인터넷으로 배우는 비즈니스 영작
9788983991287,유학twe영작문,IH-ENG-7701,유학 TWE 영작문
8989191041,영작중심의생활영어,IH-ENG-7703,영작중심의 생활영어 (1)
8987645150,33문형만알면정말로쉽다,IH-ENG-7704,"(독해, 영작, 회화)33문형만 알면 정말로 쉽다"
8988322169,영회화영작문기초실력다지기,IH-ENG-7705,(단 기간 내에)영회화·영작문 기초 실력 다지기
8980990847,영작문요령쉽게익히기,IH-ENG-7706,영작문 요령 쉽게 익히기
8932310629,toefl영작문별거아니다,IH-ENG-7707,(컴퓨터 토플 시험 대비)TOEFL 영작문 별거아니다
8917250017,영작문응급처방,IH-ENG-7708,영작문 응급처방
9788967281267,영어쓰기교본,IH-ENG-7744,영어쓰기교본
9788965916062,초등영어쓰기독립글쓰기스타터3단계,IH-ENG-7745,초등영어 쓰기독립 글쓰기 스타터 3단계
9788965916055,초등영어쓰기독립문장쓰기22단계,IH-ENG-7746,초등영어 쓰기독립 문장 쓰기 2: 2단계
9788965916048,초등영어쓰기독립문장쓰기12단계,IH-ENG-7747,초등영어 쓰기독립 문장 쓰기 1: 2단계
9791138378727,나의하루1줄여행영어쓰기수첩,IH-ENG-7748,나의 하루 1줄 여행 영어 쓰기 수첩
9791198758750,abc초등영어쓰기,IH-ENG-7749,ABC 초등 영어쓰기
9791138350778,나의하루1줄영어쓰기수첩기초문장중급문장세트,IH-ENG-7750,나의 하루 1줄 영어 쓰기 수첩 [기초문장+중급문장] 세트
9791169191043,영어쓰기교육론,IH-ENG-7751,영어 쓰기 교육론
9791161506951,시원스쿨초등영어쓰기,IH-ENG-7752,시원스쿨 초등 영어 쓰기
9791141010591,탁바위탁월함에이르는바른연필잡기의위대한힘tbw영어쓰기편영어쓰기의정석,IH-ENG-7753,탁바위! 탁월함에 이르는 바른 연필잡기의 위대한 힘! TBW! 영어 쓰기편 영어 쓰기의 정석
9791165383268,반짝반짝캐치티니핑영어쓰기2,IH-ENG-7755,반짝반짝 캐치! 티니핑 영어 쓰기 2
9791166850851,영어쓰기이런실수들만안해도수준급,IH-ENG-7756,"영어쓰기, 이런 실수들만 안 해도 수준급"
8809644081701,뽀로로영어쓰기100,IH-ENG-7757,뽀로로 영어 쓰기100
9788988143810,영어펜글씨교본,IH-ENG-7758,영어펜글씨교본
9788974534592,3단계왕초보영어쓰기교본,IH-ENG-7759,3단계 왕초보 영어 쓰기교본
9791164460038,성경전서한글영어쓰기영성교재,IH-ENG-7760,"성경전서: 한글&영어쓰기 영성교재(아동,청소년용)"
9791164460021,생활속종류이름한글영어쓰기학습,IH-ENG-7761,생활 속 종류 이름 한글&영어 쓰기 학습
9791125445869,나의하루1줄영어쓰기수첩고급문장100,IH-ENG-7762,나의 하루 1줄 영어 쓰기 수첩: 고급문장 100
9791125445876,나의하루1줄영어쓰기수첩중급문장100,IH-ENG-7763,나의 하루 1줄 영어 쓰기 수첩: 중급문장 100
9791125445883,나의하루1줄영어쓰기수첩기초문장100,IH-ENG-7764,나의 하루 1줄 영어 쓰기 수첩: 기초문장 100
9788949305257,영어쓰기,IH-ENG-7765,영어쓰기
9791127219659,영어쓰기말하기기초,IH-ENG-7766,영어쓰기 & 말하기 기초
9791186217436,진짜공신들을위한영어독후감쓰기,IH-ENG-7767,진짜 공신들을 위한 영어 독후감 쓰기
9788968171659,영어쓰기지도,IH-ENG-7769,영어쓰기지도
9788949304489,영어쓰기알파벳쓰기편,IH-ENG-7770,영어쓰기: 알파벳쓰기편
9788966879045,영어쓰기수행평가지원프로그램활용을통한영어쓰기수업및평가정상화방안,IH-ENG-7771,영어 쓰기 수행평가 지원 프로그램 활용을 통한 영어 쓰기 수업 및 평가 정상화 방안
9788966879816,고등학교영어쓰기수행평가지원프로그램개발및시범적용,IH-ENG-7772,고등학교 영어 쓰기 수행평가 지원 프로그램 개발 및 시범 적용
9788983968456,영어쓰기지도법연구,IH-ENG-7773,영어 쓰기 지도법 연구
9791185044170,어린이영어쓰기수업,IH-ENG-7774,어린이 영어 쓰기 수업(Writing with Children)
9788966873050,고등학교학습자의영어쓰기담화분석을통한의사소통능력신장방안,IH-ENG-7775,고등학교 학습자의 영어 쓰기 담화 분석을 통한 의사소통능력신장 방안
9788966873029,영어쓰기시험에서컨코던서활용이학생들의영어쓰기수행능력에미치는영향,IH-ENG-7776,영어 쓰기 시험에서 컨코던서(concordancer) 활용이 학생들의 영어 쓰기 수행 능력에 미치는 영향
9788925544717,나영어쓰기책이야,IH-ENG-7777,나 영어 쓰기 책이야
9788963241111,한국의이공계는영어쓰기가두렵다,IH-ENG-7778,한국의 이공계는 영어쓰기가 두렵다
9788985322263,초보자를위한영어쓰기,IH-ENG-7779,초보자를 위한 영어 쓰기
9788957267479,englishwritingrecipe,IH-ENG-7780,ENGLISH WRITING RECIPE(영어쓰기 길라잡이)
9788920002144,다채롭고유연한영어쓰기,IH-ENG-7781,다채롭고 유연한 영어 쓰기
9788920929762,탄탄하고명확한영어쓰기,IH-ENG-7784,탄탄하고 명확한 영어 쓰기
9788920928314,간결하고힘찬영어쓰기,IH-ENG-7786,간결하고 힘찬 영어 쓰기
9788971422137,예쁜영어쓰기,IH-ENG-7788,예쁜 영어쓰기
9788957263853,영어쓰기교육의이해,IH-ENG-7789,영어 쓰기 교육의 이해
9788959110223,비즈니스영어쓰기,IH-ENG-7790,비즈니스 영어 쓰기(실전 자신감)
9791176040181,중학영어1학년2학기내신대비grammar,IH-ENG-7795,중학 영어 1학년 2학기 내신 대비 Grammar(중간/기말)(YBM 박준언)(2027)
9791176040150,중학영어12내신대비grammar,IH-ENG-7796,중학 영어 1-2 내신 대비 Grammar(중간/기말)(NE능률 김기택)(2026)
9791176090452,100발100중최종점검중학영어22전과정기출문제집,IH-ENG-7797,100발 100중 최종점검 중학 영어 2-2 전과정 기출문제집(동아 윤정미)(2026)
9791174103109,내신콘서트중학영어기출문제집2학기중간고사중1천재이상기,IH-ENG-7798,내신콘서트 중학영어 기출문제집 2학기 중간고사 중1 천재 이상기 (2026년)
9791174103093,내신콘서트중학영어기출문제집2학기중간고사중1천재소영순,IH-ENG-7799,내신콘서트 중학영어 기출문제집 2학기 중간고사 중1 천재 소영순 (2026년)
9791174103048,내신콘서트중학영어기출문제집2학기중간고사중1동아이병민,IH-ENG-7800,내신콘서트 중학영어 기출문제집 2학기 중간고사 중1 동아 이병민 (2026년)
9791174103079,내신콘서트중학영어기출문제집2학기중간고사중1지학송미정,IH-ENG-7801,내신콘서트 중학영어 기출문제집 2학기 중간고사 중1 지학 송미정 (2026년)
9791174103062,내신콘서트중학영어기출문제집2학기중간고사중1비상황종배,IH-ENG-7802,내신콘서트 중학영어 기출문제집 2학기 중간고사 중1 비상 황종배 (2026년)
9791174103055,내신콘서트중학영어기출문제집2학기중간고사중1미래엔문영인,IH-ENG-7803,내신콘서트 중학영어 기출문제집 2학기 중간고사 중1 미래엔 문영인 (2026년)
9791174103031,내신콘서트중학영어기출문제집2학기중간고사중1동아윤정미,IH-ENG-7804,내신콘서트 중학영어 기출문제집 2학기 중간고사 중1 동아 윤정미 (2026년)
9791174103086,내신콘서트중학영어기출문제집2학기중간고사중1능률김기택,IH-ENG-7805,내신콘서트 중학영어 기출문제집 2학기 중간고사 중1 능률 김기택 (2026년)
9791174103123,내신콘서트중학영어기출문제집2학기중간고사중1ybm김은형,IH-ENG-7806,내신콘서트 중학영어 기출문제집 2학기 중간고사 중1 YBM 김은형 (2026년)
9791174103116,내신콘서트중학영어기출문제집2학기중간고사중1ybm박준언,IH-ENG-7807,내신콘서트 중학영어 기출문제집 2학기 중간고사 중1 YBM 박준언 (2026년)
9791176040266,중학영어22내신대비grammar,IH-ENG-7808,중학 영어 2-2 내신 대비 Grammar(중간/기말)(미래엔 문영인)(2026)
9791176040556,중학영어22실전모의고사grammar,IH-ENG-7809,중학 영어 2-2 실전모의고사 Grammar(중간/기말)(동아 윤정미)(2026)
9791174102577,내신콘서트중학영어기출문제집32전과정통합본,IH-ENG-7810,내신콘서트 중학 영어 기출문제집 3-2 전과정 통합본(중간 기말)(YBM 박준언)(2026)
9791174102805,내신콘서트중학영어기출문제집12전과정통합본,IH-ENG-7811,내신콘서트 중학 영어 기출문제집 1-2 전과정 통합본(중간 기말)(YBM 김은형)(2026)
9791174102599,내신콘서트중학영어기출문제집2학기전과정통합본중3지학민찬규,IH-ENG-7812,내신콘서트 중학영어 기출문제집 2학기 전과정 통합본 중3 지학 민찬규 (2026년)
9791174102775,내신콘서트중학영어기출문제집2학기전과정통합본중1천재소영순,IH-ENG-7813,내신콘서트 중학영어 기출문제집 2학기 전과정 통합본 중1 천재 소영순 (2026년)
9791174102744,내신콘서트중학영어기출문제집2학기전과정통합본중1비상황종배,IH-ENG-7814,내신콘서트 중학영어 기출문제집 2학기 전과정 통합본 중1 비상 황종배 (2026년)
9791174102799,내신콘서트중학영어기출문제집2학기전과정통합본중1ybm박준언,IH-ENG-7815,내신콘서트 중학영어 기출문제집 2학기 전과정 통합본 중1 YBM 박준언 (2026년)
9791174102720,내신콘서트중학영어기출문제집2학기전과정통합본중1동아이병민,IH-ENG-7816,내신콘서트 중학영어 기출문제집 2학기 전과정 통합본 중1 동아 이병민 (2026년)
9791174102768,내신콘서트중학영어기출문제집2학기전과정통합본중1능률김기택,IH-ENG-7817,내신콘서트 중학영어 기출문제집 2학기 전과정 통합본 중1 능률 김기택 (2026년)
9791174102782,내신콘서트중학영어기출문제집2학기전과정통합본중1천재이상기,IH-ENG-7818,내신콘서트 중학영어 기출문제집 2학기 전과정 통합본 중1 천재 이상기 (2026년)
9791174102737,내신콘서트중학영어기출문제집2학기전과정통합본중1미래엔문영인,IH-ENG-7819,내신콘서트 중학영어 기출문제집 2학기 전과정 통합본 중1 미래엔 문영인 (2026년)
9791174102751,내신콘서트중학영어기출문제집2학기전과정통합본중1지학사송미정,IH-ENG-7820,내신콘서트 중학영어 기출문제집 2학기 전과정 통합본 중1 지학사 송미정 (2026년)
9788917304152,중학영어평가문제집22,IH-ENG-7821,중학 영어 평가문제집 2-2(박준언)(2026)
9791174102386,내신콘서트중학영어기출문제집11기말고사,IH-ENG-7822,내신콘서트 중학 영어 기출문제집 1-1 기말고사(YBM 김은형)(2026)
9791174102287,내신콘서트중학영어기출문제집21기말고사,IH-ENG-7823,내신콘서트 중학 영어 기출문제집 2-1 기말고사(YBM 김은형)(2026)
9791176040082,중학영어실전모의고사grammar21유형별객관식,IH-ENG-7824,중학영어 실전모의고사 Grammar (중간/기말) 2-1 유형별 객관식(동아 윤정미)(2026)
9791174101372,내신콘서트중학영어기출문제집21전과정통합본,IH-ENG-7825,내신콘서트 중학 영어 기출문제집 2-1 전과정 통합본(중간 기말)(지학 송미정)(2026)
9791174102089,내신콘서트중학영어통합본중학수학중간기말고사21세트,IH-ENG-7826,내신콘서트 중학영어 통합본(YBM 김은형)+중학수학 중간 기말고사 2-1 세트(2026)
9791165759988,100발100중최종점검기출문제집중학영어21전과정,IH-ENG-7827,100발100중 최종점검 기출문제집 중학 영어 2-1 전과정(천재 소영순)(2026)
9791174101761,내신콘서트중학영어기출문제집21중간고사,IH-ENG-7828,내신콘서트 중학 영어 기출문제집 2-1 중간고사(비상 황종배)(2026)
9788917304138,중학영어2해설서,IH-ENG-7829,중학 영어2 해설서(박준언)(2026)
9791171587841,중학영어1학년1학기내신대비grammar,IH-ENG-7833,중학 영어 1학년 1학기 내신 대비 Grammar(중간/기말)(동아 윤정미)(2026)
9791171420971,대치동기적의중학영어통문장18003단계,IH-ENG-7834,대치동 기적의 중학영어 통문장 1800 3단계
9791171420964,대치동기적의중학영어통문장18002단계,IH-ENG-7835,"대치동, 기적의 중학영어 통문장 1800 2단계"
9791171587698,2025중학영어21내신대비grammar,IH-ENG-7836,2025 중학영어 2-1 내신 대비 Grammar (중간/기말)(미래엔 문영인)
9791171587742,2025중학영어2학년1학기내신대비grammar,IH-ENG-7837,2025 중학 영어 2학년 1학기 내신 대비 Grammar(중간/기말)(동아 윤정미)
9791171587711,2025지학사송미정중학영어내신대비grammar21,IH-ENG-7838,2025 지학사 송미정 중학영어 내신 대비 Grammar 2-1
9791171587728,2025천재소영순중학영어내신대비grammar21,IH-ENG-7839,2025 천재 소영순 중학영어 내신 대비 Grammar 2-1
9791171587735,천재중학영어2학년1학기내신대비grammar,IH-ENG-7840,천재(이상기) 중학영어 2학년 1학기 내신 대비 Grammar (중간/기말)
9791171587674,2026ybm김은형중학영어21내신대비grammar,IH-ENG-7841,2026 YBM 김은형 중학 영어 2-1 내신 대비 Grammar (중간/기말)
9791171587667,ne능률중학영어2학년1학기내신대비grammar,IH-ENG-7842,NE능률(김기택) 중학영어 2학년 1학기 내신 대비 Grammar (중간/기말)
9791171587681,2026ybm박준언중학영어21내신대비grammar,IH-ENG-7843,2026 YBM 박준언 중학 영어 2-1 내신 대비 Grammar (중간/기말)
9791174101679,2026내신콘서트중학영어기출문제집1학기중간고사중3천재이재영,IH-ENG-7847,2026 내신콘서트 중학영어 기출문제집 1학기 중간고사 중3 천재 이재영
9791174101693,2026내신콘서트중학영어기출문제집1학기중간고사중3ybm박준언,IH-ENG-7848,2026 내신콘서트 중학영어 기출문제집 1학기 중간고사 중3 YBM 박준언
9791174101686,2026내신콘서트중학영어기출문제집1학기중간고사중3천재정사열,IH-ENG-7849,2026 내신콘서트 중학영어 기출문제집 1학기 중간고사 중3 천재 정사열
9791174101709,2026내신콘서트중학영어기출문제집1학기중간고사중3ybm송미정,IH-ENG-7851,2026 내신콘서트 중학영어 기출문제집 1학기 중간고사 중3 YBM 송미정
9791174101624,2026내신콘서트중학영어기출문제집1학기중간고사중3동아이병민,IH-ENG-7852,2026 내신콘서트 중학영어 기출문제집 1학기 중간고사 중3 동아 이병민
9791174101631,2026내신콘서트중학영어기출문제집1학기중간고사중3미래엔최연희,IH-ENG-7858,2026 내신콘서트 중학영어 기출문제집 1학기 중간고사 중3 미래엔 최연희
9791174101648,2026내신콘서트중학영어기출문제집1학기중간고사중3비상김진완,IH-ENG-7862,2026 내신콘서트 중학영어 기출문제집 1학기 중간고사 중3 비상 김진완
9791174101617,2026내신콘서트중학영어기출문제집1학기중간고사중3동아윤정미,IH-ENG-7865,2026 내신콘서트 중학영어 기출문제집 1학기 중간고사 중3 동아 윤정미
9791174101655,2026내신콘서트중학영어기출문제집1학기중간고사중3지학사민찬규,IH-ENG-7866,2026 내신콘서트 중학영어 기출문제집 1학기 중간고사 중3 지학사 민찬규
9791174101716,2026내신콘서트중학영어기출문제집1학기중간고사중3능률양현권,IH-ENG-7868,2026 내신콘서트 중학영어 기출문제집 1학기 중간고사 중3 능률 양현권
9791174101723,2026내신콘서트중학영어기출문제집1학기중간고사중3금성최인,IH-ENG-7869,2026 내신콘서트 중학영어 기출문제집 1학기 중간고사 중3 금성 최인
9791174101662,내신콘서트중학영어기출문제집1학기중간고사중3능률김성곤,IH-ENG-7870,내신콘서트 중학영어 기출문제집 1학기 중간고사 중3 능률 김성곤
9791171420957,대치동기적의중학영어통문장18001단계,IH-ENG-7871,"대치동, 기적의 중학영어 통문장 1800 1단계"
9791174100894,내신콘서트중학영어기출문제집12기말고사,IH-ENG-7872,내신콘서트 중학 영어 기출문제집 1-2 기말고사(천재 소영순)(2025)
9791174100702,내신콘서트중학영어32기말고사기출문제집,IH-ENG-7873,내신콘서트 중학 영어 3-2 기말고사 기출문제집(금성 최인철)(2025)
9791174100689,내신콘서트중학영어기출문제집32,IH-ENG-7874,내신콘서트 중학 영어 기출문제집 3-2 (기말)(YBM 송미정)(2025)
9791174100801,내신콘서트중학영어기출문제집22기말고사,IH-ENG-7875,내신콘서트 중학 영어 기출문제집 2-2 기말고사(YBM 송미정)(2025)
9791174100733,내신콘서트중학영어22기말고사기출문제집,IH-ENG-7876,내신콘서트 중학 영어 2-2 기말고사 기출문제집(미래엔 최연희)(2025)
9791174100474,내신콘서트중학영어기출문제집22중간고사대비,IH-ENG-7878,내신콘서트 중학 영어 기출문제집 2-2 중간고사 대비(금성 최인철)(2025)
9791174100351,내신콘서트중학영어기출문제집32중간고사대비,IH-ENG-7879,내신콘서트 중학 영어 기출문제집 3-2 중간고사 대비(금성 최인철)(2025)
9791174100214,내신콘서트중학영어기출문제집22전과정통합본,IH-ENG-7880,내신콘서트 중학 영어 기출문제집 2-2 전과정 통합본(중간 기말)(YBM 송미정)(2025)
9791165758134,100발100중중등영어기출문제집중학영어21,IH-ENG-7881,100발100중 중등영어 기출문제집 중학 영어 2-1(금성 최인철)(2025)
9791165757991,100발100중중등영어기출문제집중학영어31,IH-ENG-7882,100발100중 중등영어 기출문제집 중학 영어 3-1(지학사 민찬규)(2025)
9791165757083,100발100중최종점검기출문제집중학영어31,IH-ENG-7884,100발 100중 최종점검 기출문제집 중학 영어 3-1(능률 김성곤)(2025)
9791164998883,내신콘서트1학기통합본기출문제집중학영어21,IH-ENG-7885,내신콘서트 1학기 통합본 기출문제집 중학 영어 2-1(비상 김진완)(2025)
9791171584871,2025미래엔중학영어1학년1학기내신대비grammar,IH-ENG-7887,2025 미래엔(문영인) 중학영어 1학년 1학기 내신 대비 Grammar (중간/기말)
9791165756291,100발100중중학영어12기말고사기출문제집,IH-ENG-7892,100발 100중 중학 영어 1-2 기말고사 기출문제집(천재 이재영)(2023)
9791164998340,내신콘서트2학기통합본중학영어12중간기말,IH-ENG-7894,내신콘서트 2학기 통합본 중학 영어 1-2 중간기말(YBM 송미정)(2023)
9791164996445,내신콘서트백점프로젝트중학영어22중간기말파이널모의고사20회,IH-ENG-7896,내신콘서트 백점프로젝트 중학 영어 2-2 중간 기말 파이널 모의고사 20회(금성 최인철)(2024)
9791164996322,내신콘서트백점프로젝트중학영어32중간기말파이널모의고사20회,IH-ENG-7897,내신콘서트 백점프로젝트 중학 영어 3-2 중간 기말 파이널 모의고사 20회(금성 최인철)(2024)
9791164996315,내신콘서트백점프로젝트중학영어32중간기말파이널모의고사17회,IH-ENG-7898,내신콘서트 백점프로젝트 중학 영어 3-2 중간 기말 파이널 모의고사 17회(능률 양현권)(2024)
9791164997619,내신콘서트중학영어21중간기말백점프로젝트실전파이널모의고사,IH-ENG-7903,내신콘서트 중학 영어 2-1 중간 기말 백점프로젝트 실전 파이널 모의고사(금성 최인철)(2024)
9791164997497,내신콘서트중학영어31중간기말백점프로젝트실전파이널모의고사,IH-ENG-7904,내신콘서트 중학 영어 3-1 중간 기말 백점프로젝트 실전 파이널 모의고사(금성 최인철)(2024)
9791170433705,고등영어1등급을위한중학영어만점공부법,IH-ENG-7905,고등 영어 1등급을 위한 중학 영어 만점공부법
9791165754907,100발100중중학영어11통합본최종점검기출문제집,IH-ENG-7907,100발 100중 중학 영어 1-1 통합본 최종점검 기출문제집(금성 최인철)(2024)
9791191293333,팬덤중학영어grammarwriting단기특강1,IH-ENG-7910,팬덤 중학 영어 Grammar Writing 단기특강 1
9791191293340,팬덤중학영어grammarwriting단기특강2,IH-ENG-7911,팬덤 중학 영어 Grammar Writing 단기특강 2
9791191293357,팬덤중학영어grammarwriting단기특강3,IH-ENG-7912,팬덤 중학 영어 Grammar Writing 단기특강 3
9791164996407,내신콘서트중학영어22중간기말백점프로젝트파이널모의고사,IH-ENG-7913,내신콘서트 중학영어 2-2 중간 기말 백점프로젝트 파이널 모의고사(천재 정사열)(2024)
9791191706598,백점왕중학영어31중간고사기출문제집,IH-ENG-7920,백점왕 중학 영어 3-1 중간고사 기출문제집(능률 김성곤)(2022)
9791191706581,백점왕중학영어21중간고사기출문제집,IH-ENG-7921,백점왕 중학 영어 2-1 중간고사 기출문제집(YBM 박준언)(2024)
9791190739665,백점왕중학영어22기말고사기출문제집,IH-ENG-7930,백점왕 중학 영어 2-2 기말고사 기출문제집(동아 윤정미)(2024)
9791190739573,백점왕중학영어32중간고사기출문제집,IH-ENG-7931,백점왕 중학 영어 3-2 중간고사 기출문제집(동아 윤정미)(2024)
9791190739566,백점왕중학영어22중간고사기출문제집,IH-ENG-7932,백점왕 중학 영어 2-2 중간고사 기출문제집(동아 윤정미)(2024)
9788917235814,알리go올리go문법3,IH-ENG-7942,알리GO 올리GO 문법 3
9788917235807,알리go올리go문법2,IH-ENG-7943,알리GO 올리GO 문법 2
9791165750978,100발100중중학영어32기말고사예상문제집,IH-ENG-7944,100발 100중 중학 영어 3-2 기말고사 예상문제집(금성 최인철)(2020)
9791165750527,100발100중중학영어32중간고사예상문제집,IH-ENG-7947,100발 100중 중학 영어 3-2 중간고사 예상문제집(능률 김성곤)(2020)
9791190150972,중학영어중32,IH-ENG-7948,중학 영어 중3-2(시사 박준언)(2020)
9788907102294,금평아놀자중학영어3평가문제집,IH-ENG-7950,금평아 놀자 중학 영어 3 평가문제집
9788907102287,금자랑놀자중학영어3자습서,IH-ENG-7951,금자랑 놀자! 중학 영어3 자습서
9788971729083,stepbystep중학영어기초가정답이다,IH-ENG-7952,Step by Step 중학 영어 기초가 정답이다
9791190166720,중학영어중31,IH-ENG-7953,중학 영어 중3-1(시사 박준언)(2020)
9788959904976,숨마주니어중학영어문법연습2,IH-ENG-7958,숨마주니어 중학 영어 문법연습 2
9788959904969,숨마주니어중학영어문법연습1,IH-ENG-7959,숨마주니어 중학 영어 문법연습 1
9791170317999,100발100중중학영어중22중간고사예상문제집,IH-ENG-7963,100발 100중 중학 영어 중2-2 중간고사 예상문제집(미레엔 최연희)(2019)
9788907102270,금자랑놀자중학영어2자습서,IH-ENG-7968,금자랑 놀자! 중학 영어2 자습서
9791190150798,문제로만중학영어중12,IH-ENG-7970,문제로만 중학 영어 중1-2(미래 최연희)(2019)
9791190166188,내신대박중학영어중22,IH-ENG-7971,내신대박 중학 영어 중2-2(미래 최연희)(2019)
9791190150729,교과서뜯어먹기중학영어12,IH-ENG-7972,교과서 뜯어먹기 중학 영어 1-2(동아 윤정미)(2019)
9791190166096,중학영어12,IH-ENG-7973,중학 영어 1-2(시사 박준언)(2019)
9791190150767,중학영어22,IH-ENG-7976,중학 영어 2-2(시사 박준언)(2019)
9791170317401,중학영어중21기말고사예상문제집,IH-ENG-7977,중학 영어 중2-1 기말고사 예상문제집(비상 김진완)(2019)
9791163342212,중학영어12교과서워크북,IH-ENG-7981,중학 영어 1-2 교과서 워크북(동아 윤정미)(2020)
9791163342236,중학영어중12교과서워크북,IH-ENG-7982,중학 영어 중1-2 교과서 워크북(능률 김성곤)(2020)
9791196704100,교과서뜯어먹기중학영어11,IH-ENG-7988,교과서 뜯어먹기 중학 영어 1-1(동아 윤정미)(2019)
9791196704162,중학영어11,IH-ENG-7989,중학 영어 1-1(능률 양현권)(2019)
9791186608616,핵꿀잼리딩level1,IH-ENG-7991,핵꿀잼 리딩 Level 1
9791186608623,핵꿀잼리딩level2,IH-ENG-7992,핵꿀잼 리딩 Level 2
9791186608630,핵꿀잼리딩level3,IH-ENG-7993,핵꿀잼 리딩 Level 3
9791163342021,중학영어중21내신문제집,IH-ENG-7996,중학 영어 중21 내신 문제집(시사 송미정)(2019)
9791170315919,중학영어중21중간고사예상문제집,IH-ENG-7997,중학 영어 중2-1 중간고사 예상문제집(천재 이재영)(2019)
9791170315988,중학영어중21중간예상문제집,IH-ENG-7998,중학 영어 중2-1 중간 예상문제집(지학 민찬규)(2019)
9788907102089,금평아놀자중학영어2평가문제집,IH-ENG-7999,금평아 놀자 중학 영어2 평가문제집
9791163341086,내신만점플러스중학영어중21내신문제집,IH-ENG-8007,내신만점 플러스 중학 영어 중2-1 내신 문제집(천재 이재영)(2019)
9791163341598,중학영어21교과서씹어먹기,IH-ENG-8008,중학 영어 2-1 교과서 씹어먹기(시사 송미정)(2019)
9791163341635,중학영어11교과서씹어먹기,IH-ENG-8009,중학 영어 1-1 교과서 씹어먹기(지학 민찬규)(2019)
9788959904730,중학영어문장해석연습2,IH-ENG-8010,중학 영어 문장해석연습 2
9788959904723,중학영어문장해석연습1,IH-ENG-8011,중학 영어 문장해석연습 1
9788959904747,중학영어문장해석연습3,IH-ENG-8012,중학 영어 문장해석연습 3
9791112191038,pod누구도알려주지않는초등영어비밀전략,IH-ENG-8013,[POD] 누구도 알려주지 않는 초등영어 비밀전략
9791168274112,하루세줄초등영어필사,IH-ENG-8014,하루 세 줄 초등 영어 필사
9791199444591,최상위초등영어완성,IH-ENG-8015,최상위 초등 영어 완성
9788925419671,아이랑부모랑초등영어,IH-ENG-8016,아이랑 부모랑 초등 영어
9791175241947,케이팝데몬헌터스초등영어필사책,IH-ENG-8017,케이팝 데몬 헌터스 초등 영어 필사책
9791193842607,챗gpt로시작하는초등영어글쓰기,IH-ENG-8018,챗GPT로 시작하는 초등 영어 글쓰기
9791168225305,유튜브초등영어,IH-ENG-8019,유튜브 초등 영어
9788992197014,초등영어단어장,IH-ENG-8020,초등영어 단어장
9791194834038,공부력초등영어솔루션77,IH-ENG-8021,공부력 초등 영어 솔루션 77
9791193282540,케이팝데몬헌터스아동초등영어필사책,IH-ENG-8022,케이팝 데몬 헌터스 아동 초등 영어 필사책
9791193653388,명작동화로배우는30일초등영어,IH-ENG-8023,명작동화로 배우는 30일 초등영어
9791173553806,초등영어읽기뉴베리로끝,IH-ENG-8024,"초등 영어 읽기, 뉴베리로 끝"
9791191724899,초등영어그림책수업백과,IH-ENG-8025,초등 영어 그림책 수업 백과
9791194725152,하루한장초등영어글쓰기,IH-ENG-8026,하루 한 장 초등 영어 글쓰기
9791198909046,준비부터마무리까지초등영어수업의모든것,IH-ENG-8027,준비부터 마무리까지 초등 영어 수업의 모든 것
9788917304046,초등영어자습서평가문제집3222개정,IH-ENG-8028,초등 영어자습서%평가문제집 3-2 (김혜리) 22개정
9788917304060,초등영어자습서평가문제집4222개정,IH-ENG-8029,초등 영어자습서&평가문제집 4-2 (최희경) 22개정
9791191724837,영어그림책수업77,IH-ENG-8030,영어 그림책 수업 77
9791171420827,대치동기적의초등영어통문장1800총정리워크북,IH-ENG-8031,대치동 기적의 초등영어 통문장 1800 총정리 워크북
9788947549974,초등영어문해력이답이다,IH-ENG-8033,초등 영어 문해력이 답이다
9791197748554,초등영어식스,IH-ENG-8034,초등 영어 식스
9791198801012,magic초등영어문법,IH-ENG-8035,Magic(매직) 초등 영어 문법
9791198758767,sky초등영어첫걸음,IH-ENG-8036,SKY(스카이) 초등영어 첫걸음
9791198835307,초등영어새영어사전,IH-ENG-8037,초등 영어 새영어사전
9788962872330,참여형초등영어수업노하우,IH-ENG-8038,참여형 초등 영어 수업 노하우
9788927790365,afterschoolwriting3,IH-ENG-8039,After School Writing 3(2nd Edition)
9788927790358,afterschoolwriting2,IH-ENG-8040,After School Writing 2(2nd Edition)
9788927790341,afterschoolwriting1,IH-ENG-8041,After School Writing 1(2nd Edition)
9791171176489,이시원의영어대모험정가인하b세트,IH-ENG-8042,이시원의 영어 대모험 정가인하 B세트()
9791171176496,이시원의영어대모험정가인하a세트,IH-ENG-8043,이시원의 영어 대모험 정가인하 A세트()
9788965915812,초등영어읽기독립리딩스타터23단계,IH-ENG-8044,초등영어 읽기독립: 리딩 스타터2 3단계
9788965915799,초등영어읽기독립사이트워드2단계,IH-ENG-8045,초등영어 읽기독립: 사이트 워드 2단계
9788965915805,초등영어읽기독립리딩스타터13단계,IH-ENG-8046,초등영어 읽기독립: 리딩 스타터1 3단계
9788947549400,순서만바꿔도대입까지해결되는초등영어공부법,IH-ENG-8047,순서만 바꿔도 대입까지 해결되는 초등 영어 공부법
9791141068691,pod하루한권영어그림책,IH-ENG-8048,[POD] 하루 한 권 영어 그림책
8809747040186,특허받은초등영어게임,IH-ENG-8049,특허받은 초등영어게임
9791163035404,바빠초등영어일기쓰기,IH-ENG-8050,바빠 초등 영어 일기 쓰기
9791197556302,영어탐험대1,IH-ENG-8051,영어탐험대 1
9791171420247,대치동기적의초등영어통문장1800시리즈세트,IH-ENG-8052,"대치동, 기적의 초등영어 통문장 1800 시리즈 세트"
9791192199566,대치동기적의초등영어통문장18006단계,IH-ENG-8053,대치동 기적의 초등영어 통문장 1800 6단계
9791192575971,엄마가알려주는초등영어레벨업,IH-ENG-8054,엄마가 알려주는 초등 영어 레벨업
9791192199559,대치동기적의초등영어통문장18005단계,IH-ENG-8055,"대치동, 기적의 초등영어 통문장 1800 5단계"
9791161085562,케찹보카레벨32,IH-ENG-8056,케찹보카(VOCA) 레벨 3-2
9791161085555,케찹보카레벨31,IH-ENG-8057,케찹보카(VOCA) 레벨 3-1
9791161085548,케찹보카레벨22,IH-ENG-8058,케찹보카(VOCA) 레벨 2-2
9791161085531,케찹보카레벨21,IH-ENG-8059,케찹보카(VOCA) 레벨 2-1
9791161085524,케찹보카레벨12,IH-ENG-8060,케찹보카(VOCA) 레벨 1-2
9791161085517,케찹보카레벨11,IH-ENG-8061,케찹보카(VOCA) 레벨 1-1
9791192199542,대치동기적의초등영어통문장18004단계,IH-ENG-8062,대치동 기적의 초등영어 통문장 1800 4단계
9791163035039,바빠초등영어교과서필수표현,IH-ENG-8063,바빠 초등 영어 교과서 필수 표현
9791192199535,대치동기적의초등영어통문장18003단계,IH-ENG-8064,"대치동, 기적의 초등영어 통문장 1800 3단계"
9791192199528,대치동기적의초등영어통문장18002단계,IH-ENG-8065,대치동 기적의 초등영어 통문장 1800 2단계
9788927701750,한권으로끝내는초등영어섀도우리딩,IH-ENG-8066,한 권으로 끝내는 초등영어 섀도우 리딩
9788950985110,이시원의영어대모험20가정법,IH-ENG-8067,이시원의 영어 대모험 20: 가정법
9788998453978,대치동초등영어글쓰기,IH-ENG-8068,대치동 초등영어 글쓰기
9791192199511,대치동기적의초등영어통문장18001단계,IH-ENG-8069,대치동 기적의 초등영어 통문장 1800 1단계
9791169833899,아이영어초영비가답이다,IH-ENG-8070,"아이 영어, 초영비가 답이다"
9791161480701,맛있는초등영어사이트워드,IH-ENG-8071,맛있는 초등 영어 사이트 워드
9791168221727,미래형엄마표영어,IH-ENG-8072,미래형 엄마표 영어
9788950985103,이시원의영어대모험19동명사,IH-ENG-8073,이시원의 영어 대모험 19: 동명사
9791157688678,중학교갈때까지사전볼필요없는초등영어구동사160,IH-ENG-8074,중학교 갈 때까지 사전 볼 필요 없는 초등 영어 구동사 160
9791187158462,빈도순초등영어단어112,IH-ENG-8075,빈도순 초등영어 단어 112
9791169191050,초등영어과교육과정의이해와적용,IH-ENG-8076,초등영어과 교육과정의 이해와 적용
9791160736120,초등영어교재연구,IH-ENG-8077,초등영어교재연구
9791160736113,초등영어교육,IH-ENG-8078,초등영어교육
9791161506944,시원스쿨초등영어문법,IH-ENG-8079,시원스쿨 초등 영어 문법
9791169190848,초등영어교육의이해,IH-ENG-8080,초등영어교육의 이해
9788925417578,미래형초등영어교육론,IH-ENG-8081,미래형 초등영어 교육론
9788962872279,놀이를적용한초등영어수업,IH-ENG-8082,놀이를 적용한 초등 영어 수업
9788950985097,이시원의영어대모험18접속사,IH-ENG-8083,이시원의 영어 대모험 18: 접속사
9791157687671,세상에서가장친밀한초등영어읽기neighborsandstreet,IH-ENG-8084,세상에서 가장 친밀한 초등 영어 읽기 Neighbors and Street
9791157687169,세상에서가장친밀한초등영어읽기familyandhouse,IH-ENG-8085,세상에서 가장 친밀한 초등 영어 읽기 Family and House
9791164671205,놀면서배우는엄마표영어보드게임,IH-ENG-8086,놀면서 배우는 엄마표 영어 보드게임
9791192739595,집콕챌린지쉽게떼는알파벳영어단어,IH-ENG-8087,집콕 챌린지 쉽게 떼는 알파벳 영어 단어
9791197920349,초등영어첫걸음plus,IH-ENG-8088,초등 영어 첫걸음 Plus
9791169190404,나의초등영어교육접근법,IH-ENG-8089,나의 초등영어교육 접근법
9791191953114,퐁퐁영어1,IH-ENG-8090,퐁퐁영어 1
9791191953121,퐁퐁영어2,IH-ENG-8091,퐁퐁영어 2
9791191953138,퐁퐁영어3,IH-ENG-8092,퐁퐁영어 3
9788950985066,이시원의영어대모험15의문사,IH-ENG-8093,이시원의 영어 대모험 15: 의문사
9788928107209,초등영어교과서단어문장따라쓰기,IH-ENG-8094,초등 영어 교과서 단어&문장 따라쓰기
9788927701552,한권으로끝내는초등영어일기따라쓰기,IH-ENG-8095,한 권으로 끝내는 초등 영어일기 따라쓰기
9788950985059,이시원의영어대모험14to부정사,IH-ENG-8096,이시원의 영어 대모험 14: to부정사
9791191553314,초등영어엄마표영어로시작합니다,IH-ENG-8097,"초등 영어, 엄마표 영어로 시작합니다"
9791192259000,대치동초등영어비밀노트,IH-ENG-8098,대치동 초등 영어 비밀 노트
9791189204594,초등영어일기패턴100따라쓰기50,IH-ENG-8099,초등 영어일기 패턴100+따라쓰기50
9788950985035,이시원의영어대모험12미래형,IH-ENG-8100,이시원의 영어 대모험 12: 미래형
9791157687497,가장쉬운초등영어교과서문장읽기,IH-ENG-8101,가장 쉬운 초등 영어 교과서 문장 읽기
9788962872224,초등영어수업100시간의기적학습지,IH-ENG-8102,초등 영어 수업 100시간의 기적 학습지
9788950985028,이시원의영어대모험11부사,IH-ENG-8103,이시원의 영어 대모험 11: 부사
9791188011360,사이트워드자신있다,IH-ENG-8104,사이트 워드 자신 있다!
9791188011353,알파벳쓰기자신있다,IH-ENG-8105,알파벳 쓰기 자신 있다!
9791191825053,100일완성초등영어습관의기적,IH-ENG-8106,100일 완성 초등 영어 습관의 기적
9788950985011,이시원의영어대모험10전치사,IH-ENG-8108,이시원의 영어 대모험 10: 전치사
9788950985004,이시원의영어대모험9동사과거형,IH-ENG-8109,이시원의 영어 대모험 9: 동사 과거형
9791191156171,영어읽기천재가되다2,IH-ENG-8110,영어읽기 천재가 되다! 2
9791196221775,초등영어알파벳을잡아라,IH-ENG-8111,초등영어 알파벳을 잡아라
9791191511055,초등영어대탐험잃어버린책을찾아라,IH-ENG-8112,초등영어 대탐험: 잃어버린 책을 찾아라
9791191104103,초등영어는듣기가전부다,IH-ENG-8113,초등 영어는 듣기가 전부다
9788969160171,초등영어단어단어쓰기와문제풀이2,IH-ENG-8114,초등영어단어 단어쓰기와 문제풀이 2
9788950984991,이시원의영어대모험8수량형용사,IH-ENG-8115,이시원의 영어 대모험 8: 수량 형용사
9791166371509,하루10분우리아이를위한영어명언100,IH-ENG-8116,"하루 10분, 우리 아이를 위한 영어 명언 100"
9788950984984,이시원의영어대모험7조동사should,IH-ENG-8117,이시원의 영어 대모험 7: 조동사 should
9791191244007,초등영어읽기3,IH-ENG-8118,초등 영어 읽기 3
9791197083082,초등영어읽기1,IH-ENG-8119,초등 영어 읽기 1
9791196012793,초등영어3줄쓰기의마법,IH-ENG-8120,초등 영어 3줄 쓰기의 마법
9788950984977,이시원의영어대모험6현재진행형,IH-ENG-8121,이시원의 영어 대모험 6: 현재 진행형
9791188910410,수업을돕는과정중심평가초등영어편,IH-ENG-8122,수업을 돕는 과정중심평가: 초등 영어 편
9791157686582,초등영어읽기,IH-ENG-8124,초등 영어 읽기
9788969160164,초등영어단어단어쓰기와문제풀이1,IH-ENG-8125,초등영어단어 단어쓰기와 문제풀이 1
9788950984960,이시원의영어대모험5형용사,IH-ENG-8126,이시원의 영어 대모험 5: 형용사
9788997221974,영어읽기천재가되다1,IH-ENG-8127,영어읽기 천재가 되다! 1
9788950984953,이시원의영어대모험4조동사canmust,IH-ENG-8128,"이시원의 영어 대모험 4: 조동사 can, must"
9788950984946,이시원의영어대모험3일반동사현재형,IH-ENG-8129,이시원의 영어 대모험 3: 일반 동사 현재형
9788968178610,영어수업,IH-ENG-8130,영어 수업
9791161691060,처음초등영어독서법,IH-ENG-8131,처음 초등영어 독서법
9791196936457,엄마가가르치는초등영어,IH-ENG-8132,엄마가 가르치는 초등영어
9788968178368,초등영어지도법,IH-ENG-8133,초등영어지도법
9788938704856,스마트초등영어사전,IH-ENG-8135,스마트 초등영어사전
9788950984922,이시원의영어대모험1인칭대명사,IH-ENG-8136,이시원의 영어 대모험 1: 인칭대명사
9791187158264,아빠표초등영어교과서확장패턴,IH-ENG-8137,아빠표 초등영어 교과서 확장패턴
9788925413938,초등영어지도의실제,IH-ENG-8142,초등영어 지도의 실제
9788968177415,초등영어교육과정,IH-ENG-8146,초등영어 교육과정
9791186778296,초등영어학습활동과상호작용,IH-ENG-8147,초등 영어 학습 활동과 상호작용
9788962871920,초등영어수업을위한꿀팁55,IH-ENG-8148,초등 영어 수업을 위한 꿀팁 55
9791186635445,realbrotherlylovemytimewithgrandma,IH-ENG-8153,Real Brotherly Love & My Time with Grandma
9788954074568,초등영어교과서61자습서평가문제집,IH-ENG-8155,초등 영어 교과서 6-1 자습서 평가문제집(2024)
9788966535651,한권으로끝내는초등필수회화표현,IH-ENG-8156,한 권으로 끝내는 초등 필수 회화 표현
9788994655635,초등영어수업놀이,IH-ENG-8159,초등 영어 수업 놀이
9788994011806,하버드박사의초등영어학습법,IH-ENG-8160,하버드 박사의 초등 영어학습법
9788936626228,우등생초등영어첫걸음,IH-ENG-8161,우등생 초등 영어 첫걸음
9791188935031,초등영어공부혼자하기100일1,IH-ENG-8162,초등영어공부 혼자하기 100일 1
9791188935048,초등영어공부혼자하기100일2,IH-ENG-8163,초등영어공부 혼자하기 100일 2
9791160573169,엄마표생활영어표현사전,IH-ENG-8164,엄마표 생활영어 표현사전
9788969160072,초등영어단어1000개세트,IH-ENG-8168,초등영어단어 1000개 세트
9788969160089,초등영어단어1000개level1,IH-ENG-8169,초등영어단어 1000개 LEVEL 1
9788969160096,초등영어단어1000개level2,IH-ENG-8170,초등영어단어 1000개 LEVEL 2
9791195919345,영어단어한글영어3000,IH-ENG-8171,영어단어 한글영어 3000
9788968175787,초등영어지도방법,IH-ENG-8172,초등영어 지도방법
9788968175428,초등영어발음교육의이해와적용,IH-ENG-8174,초등영어 발음교육의 이해와 적용
9791161690087,가성비영어,IH-ENG-8175,가성비 영어
9788926878668,초등영어어떻게가르칠까,IH-ENG-8176,초등영어 어떻게 가르칠까?
9788968174575,초등영어지도의원리와실제,IH-ENG-8177,초등영어 지도의 원리와 실제
9791186778180,교실기반초등영어평가의이해,IH-ENG-8178,교실기반 초등영어 평가의 이해
9788993557695,기초문장단어따라쓰기2,IH-ENG-8180,기초문장 단어 따라쓰기 2
9788993557688,기초문장단어따라쓰기1,IH-ENG-8181,기초문장 단어 따라쓰기 1
9788968172410,초등영어교육과영어학,IH-ENG-8182,초등영어 교육과 영어학
9788954923620,초등영어교육론,IH-ENG-8187,초등영어 교육론
9788991432963,과제기반초등영어교수법의원리와실제,IH-ENG-8188,과제기반 초등영어교수법의 원리와 실제
9788996743651,이것이초등영어완전정복이다,IH-ENG-8189,이것이 초등영어 완전정복이다
9788968171857,초등영어교육따라하기,IH-ENG-8190,초등영어교육 따라하기
9791157610235,메가스터디한눈에파악하는초등영문법level2,IH-ENG-8193,메가스터디 한눈에 파악하는 초등 영문법 Level 2
9791185383118,thewaterbuffaloandthesnailmyfavoriteseason,IH-ENG-8204,The Water Buffalo and the Snail & My Favorite Season
9788966531356,초등영어문장따라쓰기,IH-ENG-8210,초등 영어 문장 따라쓰기
9788997222308,초등영어4학년,IH-ENG-8221,초등영어: 4학년
9788987985787,쉽고빠르게익히는초등영어100끝내기,IH-ENG-8224,쉽고 빠르게 익히는 초등영어 100% 끝내기
9788993437379,말문이터지는셀프스터디초등영어첫걸음,IH-ENG-8225,말문이 터지는 셀프스터디 초등영어 첫걸음
9788994521909,초등영어경시대회actualtest,IH-ENG-8226,초등영어경시대회 Actual Test(Advanced)
9788968170164,초등영어평가길라잡이,IH-ENG-8227,초등영어평가 길라잡이
9788968170317,초등영어교육알기,IH-ENG-8228,초등영어교육 알기
9788998709044,초등영어문장만들기,IH-ENG-8229,초등 영어문장 만들기
9788997222322,초등영어6학년,IH-ENG-8230,초등영어: 6학년
9788997222315,초등영어5학년,IH-ENG-8231,초등영어: 5학년
9788997222292,초등영어3학년,IH-ENG-8232,초등영어: 3학년
9788954921084,초등영어창의서술형평가,IH-ENG-8233,초등영어 창의서술형평가
9788968170065,초등영어교육과평가,IH-ENG-8234,초등영어 교육과 평가
9788959111367,magic초등영어표현사전,IH-ENG-8235,Magic 초등 영어 표현 사전
9788959753475,초등영어말하기표현사전,IH-ENG-8240,초등 영어말하기 표현사전
9788995130346,유초등영어퍼즐60a세트,IH-ENG-8241,유 초등 영어퍼즐 60 A세트(자석칠판용)
9788993908305,학생중심의제7차초등영어교육과정심층분석,IH-ENG-8243,학생 중심의 제7차 초등영어 교육과정 심층분석
9788976776464,초등영어,IH-ENG-8244,초등영어
9788925404554,초등영어읽기쓰기지도,IH-ENG-8246,초등영어 읽기 쓰기 지도
9788976776433,오바마대통령에게배우는초등영어,IH-ENG-8248,오바마 대통령에게 배우는 초등영어
9788972573845,초등영어학습지도,IH-ENG-8249,초등영어학습지도
9788994495071,초등영어영어로수업하기,IH-ENG-8250,(예비초등교사를 위한) 초등영어 영어로 수업하기
9788957268377,노래와챈트를활용한초등영어의창의적교수법,IH-ENG-8251,노래와 챈트를 활용한 초등영어의 창의적 교수법
9788957267967,초등영어교수법읽기쓰기편,IH-ENG-8252,초등영어 교수법: 읽기 쓰기편
9788957267974,초등영어교수법듣기말하기편,IH-ENG-8253,초등영어 교수법: 듣기 말하기편
9788947245302,초등영어교수학습방법론,IH-ENG-8254,초등영어 교수 학습 방법론
9788961053327,초등영어완전정복3,IH-ENG-8255,초등영어 완전정복 3
9788961053310,초등영어완전정복2,IH-ENG-8256,초등영어 완전정복 2
9788959111176,초등영어문법실전문제집,IH-ENG-8258,초등 영어문법 실전문제집
9788959111169,초등영어문법119,IH-ENG-8259,초등 영어문법 119
9788971725870,초등영어공부비결,IH-ENG-8260,초등영어 공부비결
9788959111121,초등영어패턴100,IH-ENG-8261,초등영어패턴 100
9788917073003,엘리트초등영어사전,IH-ENG-8262,엘리트 초등 영어 사전
9788963136073,영어로진행하는초등영어수업평가도구개발연구,IH-ENG-8263,영어로 진행하는 초등영어 수업평가 도구 개발 연구
9788963135779,영어로진행하는초등영어수업평가세미나,IH-ENG-8264,영어로 진행하는 초등영어 수업평가 세미나
9788925533001,교과서로배우는초등영어,IH-ENG-8266,교과서로 배우는 초등영어
9788996146674,교사중심의제7차초등영어교육과정심층분석,IH-ENG-8267,교사중심의 제7차 초등영어 교육과정 심층분석
9788990642677,초등영어척척english2단어를잡아라,IH-ENG-8268,초등영어 척척 ENGLISH. 2: 단어를 잡아라
9788996146636,초등영어통합교과지도방법,IH-ENG-8270,초등영어 통합교과 지도방법
9788938700223,국제중특목고를위한초등영어플래닝,IH-ENG-8271,국제중 특목고를 위한 초등영어 플래닝
9788954911245,초등영어평가론,IH-ENG-8272,초등영어 평가론
9788925401959,영어과수업컨설팅초등영어문화교육,IH-ENG-8276,영어과 수업컨설팅 초등영어 문화교육
9788957265338,초등영어문자지도,IH-ENG-8278,초등영어문자지도
9788963130040,초등영어과내용교수지식및초임교사수업컨설팅연수,IH-ENG-8282,초등 영어과 내용교수지식(PCK) 및 초임교사 수업컨설팅 연수
9788971099087,초등영어교과서따라쓰기,IH-ENG-8284,초등 영어 교과서 따라쓰기
9788992731287,강남엄마따라잡는초등영어,IH-ENG-8290,강남엄마 따라잡는 초등영어
9788978130998,초등영어입문사전,IH-ENG-8291,초등 영어 입문사전 (기초 문법+영한 사전+한영 사전)
9788990300591,초등영어peltjr2급실전예상문제집,IH-ENG-8294,초등영어 PELT Jr 2급 실전예상문제집 (2007)
9788990300607,초등영어peltjr3급실전예상문제집,IH-ENG-8295,초등영어 PELT Jr 3급 실전예상문제집 (2007)
9788990300584,초등영어peltjr1급실전예상문제집,IH-ENG-8296,초등영어 PELT Jr 1급 실전예상문제집 (2007)
8959315931,초등영어교육연구학교운영결과분석,IH-ENG-8297,초등영어교육 연구학교(2006학년도2학기) 운영 결과 분석
9788957264676,멀티미디어와초등영어교육,IH-ENG-8298,멀티미디어와 초등 영어 교육
9788973881406,초등영어속독,IH-ENG-8299,초등영어속독
9788957263617,초등영어교육과정의이해와적용,IH-ENG-8304,초등영어 교육과정의 이해와 적용
9788957263631,초등영어놀이와게임,IH-ENG-8305,초등영어 놀이와 게임
8957263500,초등영어교육의이론과실제,IH-ENG-8306,초등영어교육의 이론과 실제
8991098932,초등영어지도,IH-ENG-8307,초등영어지도
9788930235532,영어사전,IH-ENG-8308,영어사전 (초등학교그림으로 보는)
9788957263112,초등영어멀티미디어자료제작프로그램활용법,IH-ENG-8309,초등영어 멀티미디어 자료제작 프로그램 활용법
9788955432985,기탄초등영어g단계4집,IH-ENG-8310,기탄 초등영어 G단계 4집
9788955432855,기탄초등영어e단계1집,IH-ENG-8311,기탄 초등영어 E단계 1집
9788955432954,기탄초등영어g단계1집,IH-ENG-8312,기탄 초등영어 G단계 1집
9788959110049,magic초등영어첫걸음,IH-ENG-8315,MAGIC 초등 영어첫걸음
9788990300317,pelt실전예상문제집초등영어2급,IH-ENG-8316,PELT 실전예상문제집 초등영어 2급 (교사용) (CD 포함)
9788990300294,pelt실전예상문제집초등영어3급,IH-ENG-8317,PELT 실전예상문제집 초등영어 3급 (CD 포함)
9788990300270,pelt실전예상문제집초등영어1급,IH-ENG-8318,PELT 실전예상문제집 초등영어 1급 (CD 포함)
9788990300119,peltstart3,IH-ENG-8326,PELT START 3(초등영어 수준별 표준학습서)
9788990300171,pelttakeoff3,IH-ENG-8327,PELT TAKE-OFF 3(초등영어 수준별 표준학습서)
9788990300140,peltmove3,IH-ENG-8328,PELT MOVE 3(초등영어 수준별 표준학습서)
9788990300133,peltmove2,IH-ENG-8331,PELT Move 2(초등영어 수준별 표준학습서)
9788990300164,pelttakeoff2,IH-ENG-8332,PELT Take-Off 2(초등영어 수준별 표준학습서)
9788990300126,peltmove1,IH-ENG-8334,PELT Move 1(초등영어 수준별 표준학습서)
9788990300096,peltstart1,IH-ENG-8335,PELT Start 1(초등영어 수준별 표준학습서)
9788990300157,pelttesttakeoff1,IH-ENG-8336,PELT Test Take-Off 1(초등영어 수준별 표준학습서)
9788933230602,초등영어실전문제집1급,IH-ENG-8337,초등영어 실전문제집 1급(TAPE)(PELT)
9788957260470,초등영어읽기쓰기교육,IH-ENG-8338,초등영어 읽기.쓰기교육
9788983971531,초등영어peltleveltest3급,IH-ENG-8339,초등영어 PELT LEVEL TEST 3급
9788983971487,초등영어peltleveltest2급,IH-ENG-8340,초등영어 PELT LEVEL TEST 2급(교사용)
9788983971456,초등영어peltleveltest1급,IH-ENG-8341,초등영어 PELT LEVEL TEST 1급
9788933230527,초등영어실전문제집3급,IH-ENG-8342,초등영어 실전문제집 3급(TAPE)(PELT)
9788933230558,초등영어실전문제집2급,IH-ENG-8343,초등영어 실전문제집 2급(TAPE)(PELT)
9788957260067,초등영어통합교육론,IH-ENG-8345,초등영어 통합 교육론
9788990300089,초등영어3급,IH-ENG-8346,초등영어 3급(JUNIOR PELP LEVEL TEST)
9788990300072,초등영어2급,IH-ENG-8347,초등영어 2급(JUNIOR PELT LEVEL TEST)
9788990300065,초등영어1급,IH-ENG-8348,초등영어 1급(JUNIOR PELT LEVEL TEST)
8989316200,초등영어교육의효율성과평가도구의개발방향,IH-ENG-8349,초등영어교육의 효율성과 평가도구의 개발방향
8957260064,통합교육론,IH-ENG-8350,(초등영어)통합 교육론
9788981790905,ict활용초등영어교육의실제,IH-ENG-8351,ICT 활용 초등영어교육의 실제(6학년)(CD-ROM 1장 포함)
9788977358973,초등영어습득론,IH-ENG-8352,초등영어 습득론
8977359007,초등영어발음교육론,IH-ENG-8353,초등영어 발음 교육론
8947206504,초등영어연수실제,IH-ENG-8354,초등영어연수실제
8973311867,이야기만들기로가르치는초등영어,IH-ENG-8355,이야기 만들기로 가르치는 초등영어
9788973311248,프로젝트로가르치는초등영어,IH-ENG-8359,프로젝트로 가르치는 초등영어
9788995143308,초등영어자료의제작과활용,IH-ENG-8360,초등영어 자료의 제작과 활용
9788972606727,초등영어수준별학습활동,IH-ENG-8361,초등영어 수준별 학습활동
8973311239,게임으로가르치는초등영어,IH-ENG-8362,게임으로 가르치는 초등영어
8973311255,드라마로가르치는초등영어,IH-ENG-8363,드라마로 가르치는 초등영어
8995143304,자료의제작과활용,IH-ENG-8364,(초등영어)자료의 제작과 활용
9788972606703,초등영어수업의길잡이,IH-ENG-8365,초등영어 수업의 길잡이
9788984740013,ebs초등영어1학기,IH-ENG-8366,EBS 초등영어 1학기
8988004272,초등영어를위한아이디어250,IH-ENG-8367,초등영어를 위한 아이디어 250
8995146214,초등영어지도실제,IH-ENG-8368,초등영어지도실제
9791174102478,내신콘서트고등영어기출문제집공통영어2,IH-ENG-8378,내신콘서트 고등영어 기출문제집 공통영어2(YBM 박준언)(2026)
9788917305319,내신1등급기출전략고등영어2,IH-ENG-8379,내신 1등급 기출전략 고등 영어2(박준언)(2026)
9791133723638,고등영어실전기출문제은행공통영어1학기기말,IH-ENG-8380,고등영어 실전기출 문제은행 공통영어 1학기 기말(미래엔 김성연)(2026)
9791192563336,ebs수능특강light고등영어싸인분석서변형문제,IH-ENG-8381,EBS 수능특강 LIGHT 고등 영어 싸인 분석서·변형문제(2026)(2027 수능대비)
9791133723645,고등영어실전기출문제은행공통영어1학기,IH-ENG-8382,고등영어 실전기출 문제은행 공통영어 1학기(능률 민병천)(2026)
9788917305302,내신1등급기출전략고등영어1,IH-ENG-8383,내신 1등급 기출전략 고등 영어1(박준언)
9791192702698,highschoolenglishpresentationdebate고등영어발표와토론자습서,IH-ENG-8384,High School English Presentation & Debate 고등 영어 발표와 토론 자습서
9788917304411,고등영어2해설서평가문제집,IH-ENG-8385,고등 영어2 해설서평가문제집(박준언)(2026)
9791174101532,내신콘서트고등영어기출문제집고등11공통영어1,IH-ENG-8386,내신콘서트 고등영어 기출문제집 고등 1-1 공통영어1(능률 민병천)(2026)
9788917304404,고등영어1해설서평가문제집,IH-ENG-8387,고등 영어1 해설서평가문제집(2026)
9788917304398,내신1등급기출전략공통고등영어2기말고사,IH-ENG-8388,내신1등급 기출 전략 공통 고등영어2 기말고사 (박준언)
9791133723195,고등영어실전기출문제은행,IH-ENG-8391,고등영어 실전기출 문제은행(능률 민병천)
9791193806593,매그너스고등영어서술형기본편8주완성,IH-ENG-8392,매그너스 고등영어 서술형 기본편 8주완성(2025)
9791193967089,지피지기백전백승영어내신a기출예상문제집고등영어,IH-ENG-8393,지피지기 백전백승 영어 내신A+ 기출예상문제집 고등 영어(하)(동아 이병민)(2024)
9791192725987,올바른책고등영어영역영어분석노트수능감잡기,IH-ENG-8394,올바른책 고등 영어영역 영어 분석노트 수능 감잡기(2024)
9791188426911,매그너스고등영어서술형기본편6주완성,IH-ENG-8395,매그너스 고등영어 서술형 기본편 6주완성
9791188426805,매그너스고등영어서술형실전편,IH-ENG-8397,매그너스 고등영어 서술형 실전편
9791133720392,고등영어2b실전기출문제은행,IH-ENG-8398,고등영어 2B 실전기출 문제은행 (YBM 박준언)(2024)
9791133720460,고등영어2a실전기출문제은행,IH-ENG-8399,고등영어 2A 실전기출 문제은행 (YBM 한상호)(2024)
9791133721061,고등영어실전기출문제은행1b,IH-ENG-8401,고등 영어 실전기출 문제은행 1B(YBM 한상호)(2024)
9791133720897,고등영어1a실전기출문제은행,IH-ENG-8403,고등 영어 1A 실전기출 문제은행(시사 박준언)(2024)
9791192563107,단서문1193b,IH-ENG-8404,단서문 119 3B
9791192563091,단서문1193a,IH-ENG-8405,단서문 119 3A
9791192563084,단서문1192b,IH-ENG-8406,단서문 119 2B
9791192563077,단서문1192a,IH-ENG-8407,단서문 119 2A
9791192563060,단서문1191b,IH-ENG-8408,단서문 119 1B
9791192563053,단서문1191a,IH-ENG-8409,단서문 119 1A
9791133721092,고등영어1b실전기출문제은행,IH-ENG-8410,고등 영어 1B 실전기출 문제은행(지학 민찬규)(2024)
9791188293186,고등영어쉽게배우기,IH-ENG-8412,고등영어 쉽게 배우기
9791165754648,100발100중고등영어기출문제집d,IH-ENG-8413,100발 100중 고등영어 기출문제집 D(동아 이병민)(2023)
9791191196658,지피지기ebs완전분석수능실전모의고사3회분고등영어영역,IH-ENG-8414,지피지기 EBS 완전분석 수능실전 모의고사 3회분 고등 영어영역(2022)(2023학년도)
9791167024336,시그니처x302호모의고사고등영어4회분remaster,IH-ENG-8415,시그니처 X 302호 모의고사 고등 영어 4회분 Remaster(2023)
9791165754051,100발100중고등영어c2학기중간기출문제집,IH-ENG-8417,100발 100중 고등 영어 C 2학기 중간기출문제집(능률 김성곤)(2023)
9791137279988,나영어에서아이돌될거야시리즈중고등영어필수어휘2권,IH-ENG-8418,나! 영어에서 아이돌 될 거야! 시리즈 [중고등 영어 필수 어휘 2권]
9791163483816,nomore고등영어트리플x하프모의고사patternskill,IH-ENG-8422,No More 고등 영어 트리플X하프모의고사 Pattern & Skill(2022)(2023 수능대비)
9791191196368,지피지기백전백승고등영어고1최근3개년전국연합학력평가,IH-ENG-8423,지피지기 백전백승 고등 영어 고1 최근 3개년 전국연합 학력평가(2022)
9791189120412,올바른책뉴수능스타트고등영어분석노트,IH-ENG-8427,올바른책 뉴수능 스타트 고등 영어 분석노트(2022 수능대비)
9791187157403,모자이크ebs변형문제고등영어432제수능특강,IH-ENG-8429,모자이크 EBS 변형문제 고등 영어(상) 432제 수능특강(2021)
9788988675908,닥공hero고등영어2독해,IH-ENG-8431,닥공 Hero 고등 영어2 독해(2021)
9791190676335,적중선택고등영어영역독해수능모의고사n제,IH-ENG-8432,적중선택 고등 영어영역 독해 수능모의고사 N제(2022)
9788959686711,전국연합3년간모의고사고등영어고1,IH-ENG-8433,전국연합 3년간 모의고사 고등 영어 고1
9788959686759,전국연합3년간모의고사고등영어고3,IH-ENG-8434,전국연합 3년간 모의고사 고등 영어 고3
9791166080241,씨뮬9th기출최신1년간모의고사고등영어고2,IH-ENG-8435,씨뮬 9th 기출 최신 1년간 모의고사 고등 영어 고2 (2021)
9791163341017,고등영어교과서워크북,IH-ENG-8457,고등 영어 교과서 워크북(상)(시사 한상호)(2020)
9791163342663,고등영어교과서워크북하,IH-ENG-8470,고등 영어 교과서 워크북 하(시사 박준언)(2020)
9791196704209,문제로만고등영어상능률,IH-ENG-8475,문제로만 고등 영어 상(1학기) 능률(김성곤)(2019)
9791196704223,문제로만고등영어상천재,IH-ENG-8476,문제로만 고등 영어 상(1학기) 천재(이재영)(2019)
9791196704230,문제로만고등영어상비상,IH-ENG-8477,문제로만 고등 영어 상(1학기) 비상(홍민표)(2019)
9791196704261,문제로만고등영어상지학,IH-ENG-8478,문제로만 고등 영어 상(1학기) 지학(민찬규)(2019)
9791196704278,문제로만고등영어상시사,IH-ENG-8479,문제로만 고등 영어 상(1학기) 시사(한상호)(2019)
9788963918464,고등영어1등급서술형,IH-ENG-8492,고등 영어 1등급 서술형
9788917230758,고등영어1해설서,IH-ENG-8496,고등 영어1 해설서(박준언)(2019)
9791189541101,고등영어단어끝고단끝,IH-ENG-8497,고등 영어 단어 끝 고단끝
9788963918075,고등영어시험에꼭나오는어법만딱공부하자,IH-ENG-8500,고등 영어 시험에 꼭 나오는 어법만 딱! 공부하자
9791161230771,new고등영어어법어휘끝내기,IH-ENG-8512,New 고등 영어 어법 어휘 끝내기(2018)
9788960152250,고등영어영역어법구문,IH-ENG-8515,고등 영어영역 어법 구문
9788959145232,독패기고등영어영역독해,IH-ENG-8540,독패기 고등 영어영역 독해(2016)
9788968192234,적중빈칸변형고등영어영역,IH-ENG-8577,적중! 빈칸변형 고등 영어영역 (수 특편)(2016)
9788959144389,엑시트단기완성고등영어영역문법특강,IH-ENG-8584,엑시트 단기완성 고등 영어영역 문법특강(2015)
9788964659595,일등공신고등영어,IH-ENG-8585,일등공신 고등 영어
9788991940925,ibs교육방송고등영어영역,IH-ENG-8594,IBS 교육방송 고등 영어영역
9788991940871,ibs교육방송고등영어문법편,IH-ENG-8595,IBS 교육방송 고등 영어 문법 편
9788933260838,에이플러스고등영어고1자습서,IH-ENG-8597,에이플러스 고등영어 고1 자습서(2011)
9788907038647,내신체크고등영어자습서,IH-ENG-8603,내신체크 고등영어 자습서(2010)
9788968212444,할손수능영어문풀전략,IH-ENG-8604,할손 수능영어 문풀 전략
9791124331132,안틀리는수능영어,IH-ENG-8605,안 틀리는 수능 영어(2026)(2027 수능대비)
9791174681553,endgame영어n제,IH-ENG-8606,END GAME 영어 N제
9788968212390,할손수능영어문구점문법구문,IH-ENG-8607,할손 수능영어 문구점 [문법+구문]
9791138854528,손태진수능만점어휘,IH-ENG-8608,손태진 수능만점어휘
9791139230895,수능영어단어연상법어휘집기본편,IH-ENG-8609,수능 영어 단어 연상법 어휘집 기본편
9791199753839,pod수능순삽의힘,IH-ENG-8610,[POD] 수능 순삽의 힘
9791199753815,pod수능어법의힘,IH-ENG-8611,[POD] 수능 어법의 힘
9788994037196,podcoreenglishpuzzle수능영어단어,IH-ENG-8612,[POD] CORE ENGLISH PUZZLE 수능영어단어
9791139228809,수능영어영역정답의극한3,IH-ENG-8613,수능 영어 영역 정답의 극한 3
9791191068788,연계소문간접연계비연계하프모의고사,IH-ENG-8614,연계소문 : 간접연계+비연계 하프모의고사
9791191068740,연계소문수능완성영어변형문제,IH-ENG-8615,연계소문: 수능완성 영어변형문제(2025)(2026 수능대비)
9791139226010,수능영어단어연상법어휘집중급편,IH-ENG-8616,수능 영어 단어 연상법 어휘집 중급편
9791194600312,수능영어1등급지식사전vol2,IH-ENG-8617,수능 영어 1등급 지식 사전 Vol.2
9791194600084,수능영어1등급지식사전vol1,IH-ENG-8618,수능 영어 1등급 지식 사전 Vol 1
9791166767647,수능영어1등급의알고리즘기출분석310제mini모의고사단어장,IH-ENG-8619,수능영어 1등급의 알고리즘 기출분석 310제: Mini모의고사+단어장(2025)(2026 수능대비)
9791166767388,수능영어1등급의알고리즘개념필독서,IH-ENG-8620,수능영어 1등급의 알고리즘 개념필독서(2025)(2026 수능대비)
9791187158721,수능영어단어사전,IH-ENG-8621,수능영어 단어사전
9791197741746,수능영어배경지식기르기book2,IH-ENG-8622,수능 영어 배경지식 기르기 Book 2
9791197741739,수능영어배경지식기르기book1,IH-ENG-8623,수능 영어 배경지식 기르기 Book 1
9791189902155,수능영어18분단축초스피드풀이비법,IH-ENG-8624,수능영어 18분단축 초스피드 풀이비법(2024)(2025 수능대비)
9791164406333,트랜스폼어수능영어의서막,IH-ENG-8625,트랜스폼어: 수능 영어의 서막
9791166765131,수능영어1등급을위한균형이론,IH-ENG-8627,수능영어 1등급을 위한 균형이론(2024)(2025 수능대비)
9788924110180,수능영어미니모의고사1,IH-ENG-8629,수능영어 미니 모의고사 1
9791196075668,18금수능영어,IH-ENG-8630,18금 수능 영어
9791167851383,3개월만에끝내는수능영어공부법,IH-ENG-8631,3개월 만에 끝내는 수능영어 공부법
9788924108705,수능영어기출분석말벡,IH-ENG-8633,수능 영어 기출 분석 - 말벡(Malbec)(for 2024) -
9788966629176,수능영어스키마,IH-ENG-8634,수능영어 스키마
9791192414140,티오피클래스topclass5개년수능기출모의고사31회고3영어영역,IH-ENG-8635,티오피 클래스 T.O.P CLASS 5개년 수능기출 모의고사 31회 고3 영어 영역(2023)(2024 수능대비)
9791167024671,kiss수능영어guidebook,IH-ENG-8637,KISS 수능영어 Guide Book(2024)
9791167024503,kiss수능영어ebsn제,IH-ENG-8638,KISS 수능영어 EBS N제(2022)(2023 수능대비)
9791137290259,01만이아는수능영어의기적,IH-ENG-8639,0.1%만이 아는 수능영어의 기적
9791196347192,모비딕수능영어100제,IH-ENG-8640,모비딕 수능영어 100제
9791197542206,뻔히다보이는수능영어기출2022학년도대학수학능력시험영어영역,IH-ENG-8642,뻔히 다보이는 수능영어기출: 2022학년도 대학수학능력시험 영어영역
9791197265877,특허받은쌤의수능영어필수숙어,IH-ENG-8648,특허받은 쌤의 수능영어 필수숙어
9791156057956,커피잔에콜라1리터,IH-ENG-8652,커피잔에 콜라 1리터
9791164424818,고등독해의7법칙,IH-ENG-8657,고등 독해의 7법칙(구문 독해)(2020)
9791155773864,5분짤영문법,IH-ENG-8660,5분 짤 영문법
9791196048471,turnkey절대평가독해기술완성1,IH-ENG-8661,TURN KEY 절대평가 독해기술 완성 1
9791196048488,turnkey절대평가독해기술완성2,IH-ENG-8662,TURN KEY 절대평가 독해기술 완성 2
9788955184013,혼공유형독해실력,IH-ENG-8665,혼공 유형독해 실력(매운맛)
9788955183801,혼공유형독해기본,IH-ENG-8667,혼공 유형독해 기본(순한맛)
9791196109707,undisputed,IH-ENG-8668,Undisputed(언디스퓨티드)
9788955187786,혼공구문독해기본,IH-ENG-8672,혼공 구문독해 기본(순한맛)
9791175909830,초등학교영어52자습서평가문제집,IH-ENG-8705,초등학교 영어 5-2 자습서평가문제집(우길주 외)(2026)
9791175909847,초등학교영어62자습서평가문제집,IH-ENG-8706,초등학교 영어 6-2 자습서평가문제집(우길주 외)(2026)
9791176480031,초등학교영어자습서평가문제집52,IH-ENG-8707,초등학교 영어 자습서&평가문제집 5-2(함순애)(2026)
9791176480048,초등학교영어자습서평가문제집62,IH-ENG-8708,초등학교 영어 자습서&평가문제집 6-2(함순애)(2026)
9791173492563,2027김영편입영어최신기출문제집,IH-ENG-8709,2027 김영편입 영어 최신 기출문제집
9791176090353,100발100중중등영어기출문제집22중간고사,IH-ENG-8710,100발100중 중등영어 기출문제집 2-2 중간고사(천재 소영순)(2026)
9791176090230,100발100중고등기출문제집공통영어22통합본,IH-ENG-8711,100발 100중 고등 기출문제집 공통영어 2-2 통합본(능률 민병천)(2026)
9791176090261,100발100중고등기출문제집공통영어22학기통합본,IH-ENG-8712,100발 100중 고등 기출문제집 공통영어 2 2학기 통합본(미래엔 김성연)(2026)
9791124082492,mbc아카데미전국초중영어수학학력평가수학대비기출문제집초등1학년,IH-ENG-8713,MBC 아카데미 전국 초·중 영어/수학 학력평가 수학 대비 기출 문제집 초등 1학년(2026 전기)
9791124082508,mbc아카데미전국초중영어수학학력평가수학대비기출문제집초등2학년,IH-ENG-8714,MBC 아카데미 전국 초·중 영어/수학 학력평가 수학 대비 기출 문제집 초등 2학년(2026 전기)
9791124082515,mbc아카데미전국초중영어수학학력평가수학대비기출문제집초등3학년,IH-ENG-8715,MBC 아카데미 전국 초·중 영어/수학 학력평가 수학 대비 기출 문제집 초등 3학년(2026 전기)
9791124082522,mbc아카데미전국초중영어수학학력평가수학대비기출문제집초등4학년,IH-ENG-8716,MBC 아카데미 전국 초·중 영어/수학 학력평가 수학 대비 기출 문제집 초등 4학년(2026 전기)
9791124082539,mbc아카데미전국초중영어수학학력평가수학대비기출문제집초등5학년,IH-ENG-8717,MBC 아카데미 전국 초·중 영어/수학 학력평가 수학 대비 기출 문제집 초등 5학년(2026 전기)
9791124082546,mbc아카데미전국초중영어수학학력평가수학대비기출문제집초등6학년,IH-ENG-8718,MBC 아카데미 전국 초·중 영어/수학 학력평가 수학 대비 기출 문제집 초등 6학년(2026 전기)
9791124082553,mbc아카데미전국초중영어수학학력평가수학대비기출문제집중등1학년,IH-ENG-8719,MBC 아카데미 전국 초·중 영어/수학 학력평가 수학 대비 기출 문제집 중등 1학년(2026 전기)
9791124082560,mbc아카데미전국초중영어수학학력평가수학대비기출문제집중등2학년,IH-ENG-8720,MBC 아카데미 전국 초·중 영어/수학 학력평가 수학 대비 기출 문제집 중등 2학년(2026 전기)
9791124082577,mbc아카데미전국초중영어수학학력평가수학대비기출문제집중등3학년,IH-ENG-8721,MBC 아카데미 전국 초·중 영어/수학 학력평가 수학 대비 기출 문제집 중등 3학년(2026 전기)
9791124082584,mbc아카데미전국초중영어수학학력평가영어기출문제집초등1학년,IH-ENG-8722,MBC 아카데미 전국 초·중 영어/수학 학력평가 영어 기출 문제집 초등 1학년(2026)
9791124082591,mbc아카데미전국초중영어수학학력평가영어기출문제집초등2학년,IH-ENG-8723,MBC 아카데미 전국 초·중 영어/수학 학력평가 영어 기출 문제집 초등 2학년(2026)
9791124082607,mbc아카데미전국초중영어수학학력평가영어기출문제집초등3학년,IH-ENG-8724,MBC 아카데미 전국 초·중 영어/수학 학력평가 영어 기출 문제집 초등 3학년(2026)
9791124082614,mbc아카데미전국초중영어수학학력평가영어기출문제집초등4학년,IH-ENG-8725,MBC 아카데미 전국 초·중 영어/수학 학력평가 영어 기출 문제집 초등 4학년(2026)
9791124082621,mbc아카데미전국초중영어수학학력평가영어기출문제집초등5학년,IH-ENG-8726,MBC 아카데미 전국 초·중 영어/수학 학력평가 영어 기출 문제집 초등 5학년(2026)
9791124082638,mbc아카데미전국초중영어수학학력평가영어기출문제집초등6학년,IH-ENG-8727,MBC 아카데미 전국 초·중 영어/수학 학력평가 영어 기출 문제집 초등 6학년(2026)
9791124082386,전국영어수학학력경시대회수학기출문제집초등1,IH-ENG-8728,전국 영어/수학 학력 경시대회 수학 기출문제집 초등 1(2026)
9791124082393,전국영어수학학력경시대회수학기출문제집초등2,IH-ENG-8729,전국 영어/수학 학력 경시대회 수학 기출문제집 초등 2(2026)
9791124082409,전국영어수학학력경시대회수학기출문제집초등3,IH-ENG-8730,전국 영어/수학 학력 경시대회 수학 기출문제집 초등 3(2026)
9791124082416,전국영어수학학력경시대회수학기출문제집초등4,IH-ENG-8731,전국 영어/수학 학력 경시대회 수학 기출문제집 초등 4(2026)
9791124082423,전국영어수학학력경시대회수학기출문제집초등5,IH-ENG-8732,전국 영어/수학 학력 경시대회 수학 기출문제집 초등 5(2026)
9791124082430,전국영어수학학력경시대회수학기출문제집초등6,IH-ENG-8733,전국 영어/수학 학력 경시대회 수학 기출문제집 초등 6(2026)
9791124082447,전국영어수학학력경시대회수학기출문제집중등1,IH-ENG-8734,전국 영어/수학 학력 경시대회 수학 기출문제집 중등 1(2026)
9791124082454,전국영어수학학력경시대회수학기출문제집중등2,IH-ENG-8735,전국 영어/수학 학력 경시대회 수학 기출문제집 중등 2(2026)
9791124082461,전국영어수학학력경시대회수학기출문제집중등3,IH-ENG-8736,전국 영어/수학 학력 경시대회 수학 기출문제집 중등 3(2026)
9791124082478,전국영어수학학력경시대회수학기출문제집고등1,IH-ENG-8737,전국 영어/수학 학력 경시대회 수학 기출문제집 고등 1(2026)
9791124082485,전국영어수학학력경시대회수학기출문제집고등2,IH-ENG-8738,전국 영어/수학 학력 경시대회 수학 기출문제집 고등 2(2026)
9791176090209,100발100중중등영어기출문제집21기말고사,IH-ENG-8739,100발 100중 중등 영어 기출문제집 2-1 기말고사(YBM 김은형)(2026)
9791193137722,2026영어기출문제집,IH-ENG-8740,2026 영어 기출문제집
9791176090087,100발100중수능특강평가문제집영어,IH-ENG-8742,100발 100중 수능특강 평가문제집 영어(하)(2026)(2027 수능대비)
9791199011397,원탑기출문제집영어편,IH-ENG-8743,원탑 기출문제집 영어편(2026)(2027 수능대비)
9791176090018,100발100중최종점검1학기전과정중2영어기출문제집,IH-ENG-8744,100발 100중 최종점검 1학기 전과정 중2 영어 기출문제집(미래엔 문영인)(2026)
9791165759872,100발100중기출문제집중등영어21중간고사,IH-ENG-8745,100발100중 기출문제집 중등 영어 2-1 중간고사(미래엔 문영인)(2026)
9788969656957,2026지텔프공식기출문제집7회분level2,IH-ENG-8746,2026 지텔프 공식 기출문제집 7회분 Level 2
9791163865469,2027사관학교3개년기출문제집국어영어수학,IH-ENG-8747,2027 사관학교 3개년 기출문제집 국어·영어·수학
9791163865407,2027사관학교7개년기출문제집영어영역,IH-ENG-8748,2027 사관학교 7개년 기출문제집 영어영역
9791165759865,100발100중중등영어21중간고사기출문제집,IH-ENG-8749,100발100중 중등 영어 2-1 중간고사 기출문제집(능률 김기택)(2026)
9788966113408,2026계리직기초영어기출예상문제집,IH-ENG-8750,2026 계리직 기초영어 기출예상문제집
9791165759827,100발100중중등영어기출문제집21중간고사동아윤정미,IH-ENG-8751,100발100중 중등영어 기출문제집 2-1 중간고사 동아 윤정미(2026)
9791165759841,100발100중중등영어기출문제집21중간고사천재소영순,IH-ENG-8752,100발100중 중등영어 기출문제집 2-1 중간고사 천재 소영순(2026)
9791124082195,전국영어수학학력경시대회영어기출문제집고등1,IH-ENG-8753,전국 영어/수학 학력 경시대회 영어 기출문제집 고등1(2026)
9791124082201,전국영어수학학력경시대회영어기출문제집고등2,IH-ENG-8754,전국 영어/수학 학력 경시대회 영어 기출문제집 고등2(2026)
9791124082218,전국영어수학학력경시대회영어기출문제집고등3,IH-ENG-8755,전국 영어/수학 학력 경시대회 영어 기출문제집 고등3(2026)
9791124082164,전국영어수학학력경시대회영어기출문제집중등1,IH-ENG-8756,전국 영어/수학 학력 경시대회 영어 기출문제집 중등1(2026)
9791124082171,전국영어수학학력경시대회영어기출문제집중등2,IH-ENG-8757,전국 영어/수학 학력 경시대회 영어 기출문제집 중등2(2026)
9791124082188,전국영어수학학력경시대회영어기출문제집중등3,IH-ENG-8758,전국 영어/수학 학력 경시대회 영어 기출문제집 중등3(2026)
9791124082126,전국영어수학학력경시대회영어기출문제집초등3,IH-ENG-8759,전국 영어/수학 학력 경시대회 영어 기출문제집 초등3(2026)
9791124082133,전국영어수학학력경시대회영어기출문제집초등4,IH-ENG-8760,전국 영어/수학 학력 경시대회 영어 기출문제집 초등4(2026)
9791124082140,전국영어수학학력경시대회영어기출문제집초등5,IH-ENG-8761,전국 영어/수학 학력 경시대회 영어 기출문제집 초등5(2026)
9791124082157,전국영어수학학력경시대회영어기출문제집초등6,IH-ENG-8762,전국 영어/수학 학력 경시대회 영어 기출문제집 초등6(2026)
9791193666418,2026allnew계리직영어예상문제집,IH-ENG-8763,2026 All New 계리직영어 예상문제집
9791165759773,2026100발100중고등공통영어1기출문제집1학기통합본,IH-ENG-8764,2026 100발 100중 고등 공통영어 1 기출문제집 1학기 통합본(미래엔 김성연)
9791165759803,2026100발100중고등공통영어기출문제집1학기통합본,IH-ENG-8765,2026 100발 100중 고등 공통영어 기출문제집 1학기 통합본(천재 조수경)
9791175194595,박문각공무원장대영영어트로이목마,IH-ENG-8766,박문각 공무원 장대영 영어 트로이 목마(문법/구문/독해)
9791124082003,전국영어수학학력경시대회수학기출문제집초등1학년,IH-ENG-8767,전국 영어/수학 학력 경시대회 수학 기출문제집 초등 1학년(2026)
9791124082010,전국영어수학학력경시대회수학기출문제집초등2학년,IH-ENG-8768,전국 영어/수학 학력 경시대회 수학 기출문제집 초등 2학년(2026)
9791124082102,전국영어수학학력경시대회수학기출문제집고등2세트,IH-ENG-8769,전국 영어/수학 학력 경시대회 수학 기출문제집 고등2 세트(2026)
9791124082119,전국영어수학학력경시대회수학기출문제집고등3세트,IH-ENG-8770,전국 영어/수학 학력 경시대회 수학 기출문제집 고등3 세트(2026)
9791124082041,2026전국영어수학학력경시대회수학기출문제집초등5학년,IH-ENG-8771,2026 전국 영어/수학 학력 경시대회 수학 기출문제집 초등 5학년
9791124082058,2026전국영어수학학력경시대회수학기출문제집초등6학년,IH-ENG-8772,2026 전국 영어/수학 학력 경시대회 수학 기출문제집 초등 6학년
9791175194021,2026박문각공무원진가영영어문법끝판왕300제,IH-ENG-8773,2026 박문각 공무원 진가영 영어 문법 끝판왕 300제(문판왕)
9791124082089,전국영어수학학력경시대회수학기출문제집중등3학년,IH-ENG-8774,전국 영어/수학 학력 경시대회 수학 기출문제집 중등 3학년(2026)
9791124082096,전국영어수학학력경시대회수학기출문제집고등1전2,IH-ENG-8775,전국 영어/수학 학력 경시대회 수학 기출문제집 고등 1 - 전2(2026)
9791124082027,전국영어수학학력경시대회수학기출문제집초등3학년세트,IH-ENG-8776,전국 영어/수학 학력 경시대회 수학 기출문제집 초등 3학년 세트(2026)
9791124082034,전국영어수학학력경시대회수학기출문제집초등4학년세트,IH-ENG-8777,전국 영어/수학 학력 경시대회 수학 기출문제집 초등 4학년 세트(2026)
9791124082065,2026전기대비전국영어수학학력경시대회수학기출문제집중등1학년,IH-ENG-8778,2026 전기 대비 전국 영어/수학 학력 경시대회 수학 기출문제집 중등 1학년
9791124082072,2026전기대비전국영어수학학력경시대회수학기출문제집중등2학년,IH-ENG-8779,2026 전기 대비 전국 영어/수학 학력 경시대회 수학 기출문제집 중등 2학년
9791124001035,고210월마이갓모의고사내신용변형문제집,IH-ENG-8780,고2 10월 마이갓 모의고사 내신용 변형문제집(2025)
9791124001028,고110월마이갓모의고사내신용변형문제집,IH-ENG-8781,고1 10월 마이갓 모의고사 내신용 변형문제집(2025)
9791169417044,2026나두공9급공무원영어문제집,IH-ENG-8791,2026 나두공 9급 공무원 영어 문제집
9791136039309,2026에듀윌9급공무원8개년기출문제집영어,IH-ENG-8792,2026 에듀윌 9급공무원 8개년 기출문제집 영어
9791175191778,2026박문각공무원장day영어기출문제집,IH-ENG-8793,2026 박문각 공무원 장DAY 영어 기출문제집
9791165759698,100발100중고등공통영어2기출문제집2학기기말,IH-ENG-8794,100발 100중 고등 공통영어 2(하) 기출문제집 2학기 기말(천재 조수경)(2025)
9791165759599,100발100중중등영어12기말고사기출문제집,IH-ENG-8795,100발 100중 중등 영어 1-2 기말고사 기출문제집(지학사 송미정)(2025)
9791124001004,고29월마이갓모의고사내신용변형문제집,IH-ENG-8796,고2 9월 마이갓 모의고사 내신용 변형문제집(2025)
9791124001011,고19월마이갓모의고사내신용변형문제집,IH-ENG-8797,고1 9월 마이갓 모의고사 내신용 변형문제집(2025)
9791165759445,100발100중중등영어22기말고사기출문제집,IH-ENG-8798,100발 100중 중등 영어 2-2 기말고사 기출문제집(천재 정사열)(2025)
9791165759322,100발100중중등영어32기말고사기출문제집,IH-ENG-8799,100발 100중 중등 영어 3-2 기말고사 기출문제집(천재 정사열)(2025)
9791159294051,초등학교영어42자습서평가문제집,IH-ENG-8800,초등학교 영어 4-2 자습서&평가문제집(2025)
9791159293894,초등학교영어32자습서평가문제집,IH-ENG-8801,초등학교 영어 3-2 자습서&평가문제집(2025)
9791136038487,2026에듀윌9급공무원유형별문제집영어문법어휘,IH-ENG-8802,2026 에듀윌 9급공무원 유형별 문제집 영어 문법·어휘
9788952650955,2026해양경찰해사영어기출문제집,IH-ENG-8803,2026 해양경찰 해사영어 기출문제집
9791165759032,100발100중최종점검중등영어12전과정기출문제집,IH-ENG-8804,100발 100중 최종점검 중등 영어 1-2 전과정 기출문제집(YBM 박준언)(2025)
9791165759193,100발100중고등공통영어2기출문제집2학기중간,IH-ENG-8805,100발 100중 고등 공통영어 2(상) 기출문제집 2학기 중간(능률 민병천)(2025)
9791165758714,100발100중중등영어12중간고사기출문제집,IH-ENG-8806,100발100중 중등 영어 1-2 중간고사 기출문제집(지학 송미정)(2025)
9791165758905,100발100중최종점검중등영어22전과정기출문제집,IH-ENG-8807,100발 100중 최종점검 중등 영어 2-2 전과정 기출문제집(천재 정사열)(2025)
9791165758530,100발100중중등영어22중간고사기출문제집,IH-ENG-8810,100발 100중 중등 영어 2-2 중간고사 기출문제집(미래엔 최연희)(2025)
9791165758769,100발100중최종점검중등영어32전과정기출문제집,IH-ENG-8814,100발 100중 최종점검 중등 영어 3-2 전과정 기출문제집(능률 김성곤)(2025)
9791165758400,100발100중중등영어32중간고사기출문제집,IH-ENG-8815,100발 100중 중등 영어 3-2 중간고사 기출문제집(천재 이재영)(2025)
9788917304022,초등학교영어자습서평가문제집32,IH-ENG-8816,초등학교 영어 자습서 평가문제집 3-2(최희경)(2025)
9788917304084,초등학교영어자습서평가문제집42,IH-ENG-8817,초등학교 영어 자습서 평가문제집 4-2(김혜리)
9791190959933,마이갓고26월모의고사내신용변형문제집basic,IH-ENG-8818,마이갓 고2 6월 모의고사 내신용 변형문제집 BASIC(2025)
9791190959940,마이갓고26월모의고사내신용변형문제집plus,IH-ENG-8820,마이갓 고2 6월 모의고사 내신용 변형문제집 PLUS(2025)
9791190959957,마이갓고16월모의고사내신용변형문제집basic,IH-ENG-8821,마이갓 고1 6월 모의고사 내신용 변형문제집 BASIC(2025)
9791194694557,전국초중영어수학학력평가수학대비기출문제집중등3학년,IH-ENG-8832,전국 초·중 영어/수학 학력평가 수학 대비/기출 문제집 중등 3학년(2025)
9791165758318,100발100중공통영어기출문제집1하1학기기말고사ybm,IH-ENG-8834,100발100중 공통영어 기출문제집 1-하 1학기 기말고사 YBM(박준언)
9791165758301,100발100중공통영어기출문제집1하1학기기말고사능률,IH-ENG-8835,100발100중 공통영어 기출문제집 1-하 1학기 기말고사 능률(민병천)
9791165758332,100발100중공통영어기출문제집1하1학기기말고사미래엔,IH-ENG-8836,100발100중 공통영어 기출문제집 1-하 1학기 기말고사 미래엔(김성연)
9791165758370,100발100중공통영어기출문제집1하1학기기말고사천재,IH-ENG-8837,100발100중 공통영어 기출문제집 1-하 1학기 기말고사 천재(강상구)
9791165758349,100발100중공통영어기출문제집1하1학기기말고사비상,IH-ENG-8838,100발100중 공통영어 기출문제집 1-하 1학기 기말고사 비상(홍민표)
9791165758196,100발100중중등영어11기말고사기출문제집,IH-ENG-8839,100발 100중 중등 영어 1-1 기말고사 기출문제집(미래엔 문영인)(2025)
9791165758080,100발100중중등영어21기말고사기출문제집,IH-ENG-8840,100발 100중 중등 영어 2-1 기말고사 기출문제집(천재 정사열)(2025)
9791164999781,내신콘서트영어기출문제집1학기기말고사중학21,IH-ENG-8841,내신콘서트 영어 기출문제집 1학기 기말고사 중학 2-1(천재 정사열)(2025)
9791164999675,내신콘서트영어기출문제집1학기기말고사중학31,IH-ENG-8842,내신콘서트 영어 기출문제집 1학기 기말고사 중학 3-1(YBM 박준언)(2025)
9791165757960,100발100중중등영어31기말고사기출문제집,IH-ENG-8843,100발 100중 중등 영어 3-1 기말고사 기출문제집(천재 정사열)(2025)
9791165758004,100발100중중등영어기출문제집31기말고사능률양현권,IH-ENG-8844,100발 100중 중등 영어 기출문제집 3-1 기말고사 능률 양현권(2025)
9791165757946,100발100중중등영어기출문제집31기말고사능률김성곤,IH-ENG-8845,100발 100중 중등 영어 기출문제집 3-1 기말고사 능률 김성곤(2025)
9791165757809,100발100중고1공통영어기출문제집11학기중간미래엔,IH-ENG-8849,100발 100중 고1 공통영어 기출문제집 1(상) 1학기 중간 미래엔(김성연)
9791165757793,100발100중고1공통영어기출문제집11학기중간능률,IH-ENG-8850,100발 100중 고1 공통영어 기출문제집 1(상) 1학기 중간 능률(오선영)
9791165757786,100발100중고1공통영어기출문제집11학기중간ybm,IH-ENG-8851,100발 100중 고1 공통영어 기출문제집 1(상) 1학기 중간 YBM(박준언)
9791165757847,100발100중고1공통영어기출문제집11학기중간천재,IH-ENG-8852,100발 100중 고1 공통영어 기출문제집 1(상) 1학기 중간 천재(강상구)
9791165757816,100발100중고1공통영어기출문제집11학기중간비상,IH-ENG-8853,100발 100중 고1 공통영어 기출문제집 1(상) 1학기 중간 비상(홍민표)
9791165757670,100발100중기출문제집최종점검중등영어11전과정,IH-ENG-8854,100발100중 기출문제집 최종점검 중등 영어 1-1 전과정(동아 윤정미)(2025)
9791165757557,100발100중중등영어11중간고사기출문제집,IH-ENG-8855,100발 100중 중등 영어 1-1 중간고사 기출문제집(미래엔 문영인)(2025)
9788917304077,초등학교영어41자습서평가문제집,IH-ENG-8857,초등학교 영어 4-1 자습서&평가문제집(김혜리)(2025)
9788917304039,초등학교영어31자습서평가문제집,IH-ENG-8858,초등학교 영어 3-1 자습서&평가문제집(김혜리)(2025)
9791165757311,100발100중중등영어기출문제집31중간고사동아윤정미,IH-ENG-8862,100발100중 중등영어 기출문제집 3-1 중간고사 동아 윤정미(2025)
9791165757328,100발100중중등영어기출문제집31중간고사동아이병민,IH-ENG-8863,100발100중 중등영어 기출문제집 3-1 중간고사 동아 이병민 (2025)
9791165757410,100발100중중등영어기출문제집31중간고사능률양현권,IH-ENG-8864,100발100중 중등영어 기출문제집 3-1 중간고사 능률 양현권(2025)
9791165757359,100발100중중등영어기출문제집31중간고사능률김성곤,IH-ENG-8865,100발100중 중등 영어 기출문제집 3-1 중간고사 능률 김성곤(2025)
9791165757366,100발100중중등영어기출문제집31중간고사비상김진완,IH-ENG-8866,100발100중 중등영어 기출문제집 3-1 중간고사 비상 김진완(2025)
9791165757342,100발100중중등영어기출문제집31중간고사미래엔최연희,IH-ENG-8867,100발100중 중등영어 기출문제집 3-1 중간고사 미래엔 최연희(2025)
9791165757403,100발100중중등영어기출문제집31중간고사지학민찬규,IH-ENG-8868,100발100중 중등 영어 기출문제집 3-1 중간고사 지학 민찬규(2025)
9791165757427,100발100중중등영어기출문제집31중간고사금성최인철,IH-ENG-8869,100발100중 중등영어 기출문제집 3-1 중간고사 금성 최인철(2025)
9791165757335,100발100중중등영어기출문제집31중간고사천재이재영,IH-ENG-8870,100발100중 중등 영어 기출문제집 3-1 중간고사 천재 이재영(2025)
9791165757373,100발100중중등영어기출문제집31중간고사천재정사열,IH-ENG-8871,100발100중 중등 영어 기출문제집 3-1 중간고사 천재 정사열(2025)
9791165757397,100발100중중등영어기출문제집31중간고사ybm송미정,IH-ENG-8872,100발100중 중등영어 기출문제집 3-1 중간고사 YBM 송미정(2025)
9791165757380,100발100중중등영어기출문제집31중간고사ybm박준언,IH-ENG-8873,100발100중 중등영어 기출문제집 3-1 중간고사 YBM 박준언(2025)
9791165757052,100발100중기출문제집최종점검1학기전과정중3영어동아이병민,IH-ENG-8874,100발100중 기출문제집 최종점검 1학기 전과정 중3 영어 동아 이병민(2025)
9791165757045,100발100중기출문제집최종점검1학기전과정중3영어동아윤정미,IH-ENG-8875,100발100중 기출문제집 최종점검 1학기 전과정 중3 영어 동아 윤정미(2025)
9791164999255,내신콘서트중간고사영어기출문제집중학21,IH-ENG-8879,내신콘서트 중간고사 영어 기출문제집 중학 2-1(미래엔 최연희)(2025)
9791164998944,내신콘서트영어기출문제집전과정통합본중학21,IH-ENG-8881,내신콘서트 영어 기출문제집 전과정 통합본 중학 2-1(YBM 송미정)(2025)
9791172622091,2025박문각공무원newtrend진가영영어반한다기출문법어휘생활영어,IH-ENG-8886,2025 박문각 공무원 New Trend 진가영 영어 반한다 기출 문법·어휘&생활영어
9791172621162,2025박문각공무원진가영영어신경향어휘마스터,IH-ENG-8887,2025 박문각 공무원 진가영 영어 신경향 어휘 마스터
9791172620417,2025박문각공무원진가영영어신경향독해마스터시즌1,IH-ENG-8888,2025 박문각 공무원 진가영 영어 신경향 독해 마스터 시즌 1
9788968328503,전국영어수학학력경시대회영어기출문제집고3,IH-ENG-8892,전국 영어/수학 학력 경시대회 영어 기출문제집 고 3(2024)
9788968328497,전국영어수학학력경시대회영어기출문제집고2,IH-ENG-8893,전국 영어/수학 학력 경시대회 영어 기출문제집 고 2(2024)
9788968328480,전국영어수학학력경시대회영어기출문제집고1,IH-ENG-8894,전국 영어/수학 학력 경시대회 영어 기출문제집 고 1(2024)
9791155863992,yk공무원영어기출예상문제집,IH-ENG-8901,YK 공무원 영어 기출예상문제집
9791167433930,이얼공무원영어월간문제집soar오름3,IH-ENG-8904,이얼 공무원영어 월간문제집 Soar오름 3
9791167433909,이얼공무원영어월간문제집soar오름2,IH-ENG-8905,이얼 공무원영어 월간문제집 Soar 오름 2
9791169876049,박문각공무원2024김세현영어단원별기출문제,IH-ENG-8906,박문각 공무원 2024 김세현 영어 단원별 기출문제
9791169875400,박문각공무원진가영영어진독기구문독해시즌1,IH-ENG-8908,박문각 공무원 진가영 영어 진독기 구문독해 시즌1
9791167433091,이얼공무원영어월간문제집soar오름1,IH-ENG-8910,이얼 공무원영어 월간문제집 Soar오름 1
9791133722624,적중100영어기출문제집중22기말고사완벽대비특별부록세트,IH-ENG-8911,적중 100 영어 기출 문제집 중 2-2 기말고사 완벽대비(천재 이재영)+특별부록 세트(2023)
9791133722716,적중100영어기출문제집중32기말고사완벽대비특별부록세트,IH-ENG-8912,적중 100 영어 기출 문제집 중 3-2 기말고사 완벽대비(동아 이병민)+특별부록 세트(2023)
9791133722662,100영어기출문제집중22기말고사완벽대비특별부록세트,IH-ENG-8914,100 영어 기출 문제집 중 2-2 기말고사 완벽대비(시사 송미정)+특별부록 세트(2023)
9791169411912,2024나두공9급영어연차별7개년기출문제집,IH-ENG-8918,2024 나두공 9급 영어 연차별 7개년 기출문제집
9791165754488,100발100중최종점검기출문제집영어중12통합본,IH-ENG-8925,100발 100중 최종점검 기출문제집 영어 중 1-2 통합본(천재 이재영)(2023)
9791133722570,적중100영어기출문제집중간영어중3특별부록세트,IH-ENG-8926,적중100 영어 기출문제집 중간 영어 중3(금성최인철)+특별부록 세트(2023)
9791133722389,적중100영어기출문제집중간영어중2특별부록세트,IH-ENG-8927,적중100 영어 기출문제집 중간 영어 중2(천재이재영)+특별부록 세트(2023)
9791133722280,적중100plus평가대비기출문제집영어중12전과정특별부록세트,IH-ENG-8928,적중 100 plus 평가대비 기출문제집 영어 중 1-2 전과정(중간+기말)(능률 김성곤)+특별부록 세트(2023)
9791133722112,적중100plus레드영어기출문제집2학기전과정영어중3금성최인철,IH-ENG-8930,적중 100 Plus 레드 영어 기출문제집 2학기 전과정 영어 중3 금성 최인철 (2023년)
9791133722099,적중100plusblus영어기출문제집중32전과정,IH-ENG-8931,적중100 Plus Blus 영어기출문제집 중3-2 전과정(지학/민찬규-2023)
9791133721993,적중100plusblus영어기출문제집중22전과정,IH-ENG-8932,적중100 Plus Blus 영어기출문제집 중2-2 전과정(금성/최인철-2023)
9791166081231,유형씨뮬수능기출문제집고3영어어법어휘,IH-ENG-8935,유형+ 씨뮬 수능 기출문제집 고3 영어 어법ㆍ어휘(2023)(2024 수능대비)
9791133722051,적중100plusred영어기출문제집중32전과정,IH-ENG-8936,적중100 Plus Red 영어기출문제집 중3-2 전과정(천재/정사열-2023)
9791133721917,적중100plusblue영어기출문제집중22전과정,IH-ENG-8937,적중100 Plus Blue 영어기출문제집 중2-2 전과정(미래/최연희-2023)
9791133721788,적중100plus영어기출문제집기말영어중3특별부록세트,IH-ENG-8938,적중100 Plus 영어 기출문제집 기말 영어 중3(능률/김성곤)+특별부록 세트(2023)
9791133721702,적중100plus영어기출문제집기말영어중2특별부록세트,IH-ENG-8939,적중100 Plus 영어 기출문제집 기말 영어 중2(비상/김진완)+특별부록 세트(2023)
9788971721353,어린왕자로강해지는영문독해,IH-ENG-8940,어린왕자로 강해지는 영문독해
9791176491211,2027박문각공무원진가영영어단판승기출문장구문독해,IH-ENG-8941,2027 박문각 공무원 진가영 영어 단판승 기출문장 구문독해
9788971721209,all기본영어완전정복,IH-ENG-8942,ALL 기본 영어 완전정복
9791185719368,readingrevolution2,IH-ENG-8943,Reading Revolution(독해혁명) 2
9791194320326,구문엑스,IH-ENG-8944,구문 엑스
9791173492280,김영편입영어30code구문독해,IH-ENG-8945,김영편입 영어 30 CODE 구문독해
9791199046658,공무원영어유형별독해문장삽입200제,IH-ENG-8946,공무원 영어 유형별 독해 문장삽입 200제
9791194314578,한문독해정복영어mind로정복하기,IH-ENG-8947,한문 독해 정복(漢文讀解征服)-영어 mind로 정복하기
9791167437129,2026이얼신유형영어고난도독해soar오름3,IH-ENG-8948,2026 이얼 신유형 영어 고난도 독해 Soar : 오름3
9788966113279,2026계리직기초영어실전편,IH-ENG-8949,2026 계리직 기초영어 실전편
9791199046641,공무원영어유형별독해빈칸완성200제,IH-ENG-8950,공무원 영어 유형별 독해 빈칸완성 200제
9791169664950,2026이동기영어하루프로젝트프로젝트1foundation독해강화,IH-ENG-8951,2026 이동기 영어 하루 프로젝트 프로젝트 1 Foundation 독해강화
9791173600951,2026조태정영어신유형독해140제,IH-ENG-8952,2026 조태정 영어 신유형독해 140제
9791173600944,2026조태정영어매일독해200제,IH-ENG-8953,2026 조태정 영어 매일독해 200제
9791194320227,2026성정혜영어우선순위독해피드백300제,IH-ENG-8954,2026 성정혜 영어 우선순위 독해 피드백 300제
9788980180547,중급해석문제풀고독해해결84선,IH-ENG-8956,중급해석 문제풀고 독해해결 84선
9788980180608,고3우선독해어구시험줄줄130선,IH-ENG-8957,고3우선 독해어구 시험줄줄 130선
9788980180622,고1구문독해핵심요점정리50선,IH-ENG-8958,고1구문 독해핵심 요점정리 50선
9788980181070,전학년독해복습한영영한146선,IH-ENG-8960,전학년 독해복습 한영영한 146선
9788980180592,고3독해답찾기만점요령146선,IH-ENG-8962,고3 독해 답찾기 만점요령 146선
9791167436375,이얼신유형영어유지성실전독해올인원구문독해,IH-ENG-8963,이얼 신유형 영어 유지성 실전독해 올인원 구문+독해
9791168182301,2026백세레나영어독해편,IH-ENG-8964,2026 백세레나 영어: 독해편
9791138397254,2026최신간기분좋은혼공합격고졸검정고시영어,IH-ENG-8965,2026 최신간 기분좋은 혼공합격 고졸 검정고시 [영어]
9791173601712,2026조태정영어기심론독해,IH-ENG-8966,2026 조태정 영어 기심론 독해
9791162052778,2026심슨전략서암기노트세트,IH-ENG-8967,2026 심슨 전략서 + 암기 노트 세트
9791172629496,2026박문각공무원진가영영어유형별독해전략서,IH-ENG-8968,2026 박문각 공무원 진가영 영어 유형별 독해 전략서
9791172629342,박문각공무원장대영영어graphic독해,IH-ENG-8970,박문각 공무원 장대영 영어 Graphic 독해
9791194357087,중학교입학전영어공부,IH-ENG-8972,중학교 입학 전 영어 공부
9791172622084,2025박문각공무원newtrend진가영영어반한다기출독해,IH-ENG-8975,2025 박문각 공무원 New Trend 진가영 영어 반한다 기출 독해
9791194158080,헤더진영어미라클독해,IH-ENG-8978,헤더진 영어 미라클독해
9791172621902,2025박문각공무원진가영영어신경향독해마스터시즌2,IH-ENG-8979,2025 박문각 공무원 진가영 영어 신경향 독해 마스터 시즌 2
9791167434616,이얼공무원영어soar오름2문해력독해역습,IH-ENG-8980,이얼 공무원영어 Soar오름 2: 문해력 독해역습
9791191907049,박수연영어유형독해,IH-ENG-8982,박수연 영어 유형독해(Jump Up)
9791172621209,2025박문각공무원newtrend진가영영어단기합격독해allinone,IH-ENG-8983,2025 박문각 공무원 New Trend 진가영 영어 단기합격 독해 All In One
9791167931375,2025손진숙영어문법구문독해,IH-ENG-8985,2025 손진숙 영어 문법+구문독해
9791198810502,2025김수환영어step1구문독해signature,IH-ENG-8987,2025 김수환 영어 STEP 1 구문독해 Signature
9791169879989,2025박문각공무원진가영영어신독기구문독해,IH-ENG-8988,2025 박문각 공무원 진가영 영어 신독기 구문독해
9791192260884,최강불패내신중간기말고사완벽대비전국연합학력평가3주완성모의고사고1독해영어,IH-ENG-8990,최강불패 내신 중간 기말고사 완벽 대비 전국연합 학력평가 3주 완성 모의고사 고1 독해영어
9788963368504,장대영어revolve기출독해,IH-ENG-8991,장대영어 Revolve 기출 독해
9791197551024,한글lish편입구문독해,IH-ENG-8995,한글 LISH 편입 구문 독해
9791169661218,김수환구문독해signatureplus,IH-ENG-8996,김수환 구문독해 Signature Plus
9788963368245,2024장대영어polaris독해,IH-ENG-9000,2024 장대영어 Polaris 독해
9791192967028,영어1등급독해기술,IH-ENG-9001,영어 1등급 독해기술
9791198277718,김수환영어startup독해,IH-ENG-9002,김수환 영어 Start Up 독해
9791141019921,휘라노직독직해구문독해수능내신시험대비영어신택스,IH-ENG-9004,휘라노 직독직해 구문독해 - 수능 내신 시험 대비 영어 신택스
9791192498355,2023헤더진영어오답제거코드독해100제,IH-ENG-9005,2023 헤더진영어 오답제거코드 독해 100제
9791136019264,에듀윌편입영어기출심화완성독해,IH-ENG-9006,에듀윌 편입영어 기출심화 완성 독해
9791192818009,김성환실전독해200제,IH-ENG-9007,김성환 실전독해 200제
9791197978388,김준기지텔프문법독해모의고사level2,IH-ENG-9008,김준기 지텔프 문법+독해 모의고사 Level 2
9791155433225,2023정수현원탑영어기출문제집독해편,IH-ENG-9009,2023 정수현 원탑영어 기출문제집 독해편
9791136018267,에듀윌편입영어핵심유형완성독해,IH-ENG-9012,에듀윌 편입영어 핵심유형 완성 독해
9791197978357,핀셋구문독해,IH-ENG-9013,핀셋 구문독해
9791136016997,에듀윌편입영어기본이론완성독해,IH-ENG-9015,에듀윌 편입영어 기본이론 완성 독해
9791165768485,2022김수환영어step2독해signature,IH-ENG-9017,2022 김수환 영어 Step 2: 독해 Signature
9788974115449,영어장문독해테크닉60,IH-ENG-9018,영어 장문독해 테크닉 60
9788960153370,종로교재영어영역유형독해,IH-ENG-9021,종로교재 영어 영역 유형 독해(2022)(2023 수능대비)
9788960153387,종로교재영어영역구문독해,IH-ENG-9022,종로교재 영어 영역 구문 독해(2022)(2023 수능대비)
9791190377591,문제로익히는공감영어심화600어휘문법독해,IH-ENG-9023,"문제로 익히는 공감영어 심화 600: 어휘, 문법, 독해"
9791167730794,mvp영어개뼈잡기독해,IH-ENG-9024,MVP 영어 개뼈잡기 독해
9788952639974,권쌤영어속독에반하다,IH-ENG-9027,권쌤영어 속독에 반하다(흐름편)
9791190880732,이젠독해잡는문맥voca수능실전편,IH-ENG-9028,이젠 독해잡는 문맥 VOCA 수능실전편
9791167430939,기본을완성하는독해,IH-ENG-9030,기본을 완성하는 독해
9791197440977,글틀영어영문독해편,IH-ENG-9033,글틀영어: 영문독해편
9791189788551,2022이충권영어기출300제문법독해강의노트세트,IH-ENG-9035,2022 이충권 영어 기출 300제 문법+독해+강의노트 세트
9791189788544,2022이충권영어기출300제독해편100제강의노트세트,IH-ENG-9036,2022 이충권 영어 기출 300제 독해편 100제+강의노트 세트
9791167430632,리라클영어테이크아웃기초독해,IH-ENG-9037,리라클영어 테이크아웃 기초독해
9791167640048,손태진공무원영어뽀개기독해,IH-ENG-9040,손태진 공무원 영어 뽀개기: 독해
9791162216255,소방실전독해readingbible,IH-ENG-9042,소방 실전 독해 READING BIBLE
9788991164574,지텔프퀵스타터독해편,IH-ENG-9044,지텔프(G-TELP) 퀵 스타터: 독해편
9791190377355,공감영어reading공무원유형독해,IH-ENG-9054,공감 영어 Reading 공무원 유형독해
9791190437691,노베이스쌩기초영어독해생활영어,IH-ENG-9055,노베이스 쌩기초 영어: 독해 생활영어
9791167040657,편입필수독해,IH-ENG-9057,편입 필수 독해
9791186837122,영어논술문독해연구1,IH-ENG-9060,영어 논술문 독해 연구 1
9791158526054,new영어학개론,IH-ENG-9063,NEW 영어학개론
9791138370851,sd에듀독학사영어영문학과24단계영어학개론,IH-ENG-9064,SD에듀 독학사 영어영문학과 2·4단계 영어학개론
9791169190244,영어학개론,IH-ENG-9065,영어학개론
9788962183887,현대영어학개론,IH-ENG-9070,현대 영어학개론
9791176491976,2027앤드류채멘토영어학문제은행,IH-ENG-9079,2027 앤드류 채 멘토영어학 문제은행
9791174911384,현직교사곰쌤의임용전공영어1차기분최고thinkaloud2영어학,IH-ENG-9080,현직 교사 곰쌤의 임용 전공영어 1차 기분최고 THINK ALOUD 2: 영어학
9791173561948,2027남선우the영어학master,IH-ENG-9081,2027 남선우 The 영어학 Master
9791176310154,ai시대미국원어민의영어교육법,IH-ENG-9082,AI시대 미국 원어민의 영어교육법
9791173841248,2027중등임용전공영어개념에서완성까지이동걸영어학2음운론형태화용론,IH-ENG-9083,2027 중등임용 전공영어 개념에서 완성까지 이동걸 영어학 2: 음운론 형태 화용론
9791194687382,60일영어습관,IH-ENG-9084,60일 영어 습관
9791163287629,허은성전공영어영어학2,IH-ENG-9085,허은성 전공영어 영어학 2
9791173561467,2027남선우ivision기출의맥영어학편,IH-ENG-9086,2027 남선우 iVision 기출의 맥: 영어학편
9791173324758,grammarstarstarter2,IH-ENG-9087,Grammar Star(그래머 스타) Starter 2
9791173840975,2027이동걸중등임용전공영어개념에서완성까지영어학1통사론편,IH-ENG-9088,2027 이동걸 중등임용 전공영어 개념에서 완성까지 영어학 1: 통사론편
9788924197952,pod말하고싶은아이로키우는영어,IH-ENG-9089,[POD] 말하고 싶은 아이로 키우는 영어
9791163287469,허은성전공영어영어학1,IH-ENG-9090,허은성 전공영어 영어학 1
9791189007379,쉽게배우는코퍼스영어학,IH-ENG-9091,쉽게 배우는 코퍼스 영어학
9791140716463,거북이영어학교,IH-ENG-9092,거북이 영어학교
9791173560910,2027the영어학통사론advanced,IH-ENG-9093,2027 THE 영어학 통사론 ADVANCED
9791173560934,2027the영어학음운론advanced,IH-ENG-9094,2027 THE 영어학 음운론 ADVANCED
9791173560903,2027the영어학통사론edge,IH-ENG-9095,2027 THE 영어학 통사론 EDGE
9791173560927,2027the영어학음운론edge,IH-ENG-9096,2027 THE 영어학 음운론 EDGE
9791171012008,거의모든영어학습의도표와공식,IH-ENG-9097,거의 모든 영어 학습의 도표와 공식
9791193760420,독창적인영어학습법생수8구조원리영어,IH-ENG-9098,독창적인 영어 학습법 생수 8구조 원리 영어
9791175500396,영어가바로터지는기적의말하기기초영어법,IH-ENG-9099,영어가 바로 터지는 기적의 말하기 기초영어법
9791199348417,pod영어학원상담에피소드집vol1트레이닝워크북,IH-ENG-9100,[POD] 영어학원 상담 에피소드집 Vol.1 트레이닝 워크북
9791199448810,영어학술논문작성을위한핸드북아이디어작성에서연구보고에이르기까지,IH-ENG-9101,영어학술논문 작성을 위한 핸드북:아이디어 작성에서 연구보고에 이르기까지
9791199486843,코어영어학,IH-ENG-9102,코어 영어학
9791199348431,영어학원상담에피소드집vol1,IH-ENG-9103,영어학원상담 에피소드집 vol.1
9791173840456,2026재미와실력을동시에중등영어이동걸영어학기출문제분석,IH-ENG-9104,"2026 재미와 실력을 동시에, 중등영어 이동걸 영어학 기출문제분석"
9791172627782,앤드류채멘토영어학기출분석,IH-ENG-9107,앤드류 채 멘토영어학 기출분석
9791172244002,영어없인못살아,IH-ENG-9109,영어 없인 못 살아
9791193297230,pod하루30분ai와함께말문이트이는기적의영어학습법,IH-ENG-9110,[POD] 하루 30분 AI와 함께 말문이 트이는 기적의 영어학습법
9791172100636,네이티브처럼듣고말하는영어구동사수업,IH-ENG-9111,네이티브처럼 듣고 말하는 영어 구동사 수업
9791162734193,브릭스리딩주니어bricksreadingjunior1,IH-ENG-9113,브릭스 리딩 주니어 Bricks Reading Junior 1
9791162734209,브릭스리딩주니어bricksreadingjunior2,IH-ENG-9114,브릭스 리딩 주니어 Bricks Reading Junior 2
9791162734216,브릭스리딩주니어bricksreadingjunior3,IH-ENG-9115,브릭스 리딩 주니어 Bricks Reading Junior 3
9791162734223,브릭스리딩주니어bricksreadingjunior4,IH-ENG-9116,브릭스 리딩 주니어 Bricks Reading Junior 4
9791162732427,bricksreading30nonfiction1,IH-ENG-9117,Bricks Reading 30 Nonfiction 1
9791162732434,bricksreading30nonfiction2,IH-ENG-9118,Bricks Reading 30 Nonfiction 2
9791162732441,bricksreading30nonfiction3,IH-ENG-9119,Bricks Reading 30 Nonfiction 3
9791162732458,bricksreading50nonfiction1,IH-ENG-9120,Bricks Reading 50 Nonfiction 1
9791162732465,bricksreading50nonfiction2,IH-ENG-9121,Bricks Reading 50 Nonfiction 2
9791162732472,bricksreading50nonfiction3,IH-ENG-9122,Bricks Reading 50 Nonfiction 3
9791162732489,bricksreading80nonfiction1,IH-ENG-9123,Bricks Reading 80 Nonfiction 1
9791162732496,bricksreading80nonfiction2,IH-ENG-9124,Bricks Reading 80 Nonfiction 2
9791162732502,bricksreading80nonfiction3,IH-ENG-9125,Bricks Reading 80 Nonfiction 3
9791162732519,bricksreading100nonfiction1,IH-ENG-9126,Bricks Reading 100 Nonfiction 1
9791162732526,bricksreading100nonfiction2,IH-ENG-9127,Bricks Reading 100 Nonfiction 2
9791162732533,bricksreading100nonfiction3,IH-ENG-9128,Bricks Reading 100 Nonfiction 3
9791162730638,bricksreading2403,IH-ENG-9129,Bricks Reading 240 3
9791162730614,bricksreading2401,IH-ENG-9130,Bricks Reading 240 1
9791162730621,bricksreading2402,IH-ENG-9131,Bricks Reading 240 2
9791162730379,bricksreading602,IH-ENG-9132,Bricks Reading 60 2(SB+WB+E.CODE)
9791162730416,bricksreading803,IH-ENG-9133,Bricks Reading 80 3(SB+WB+E.CODE)
9791162730331,bricksreading401,IH-ENG-9134,Bricks Reading 40 1(SB+WB+E.CODE)
9791162730386,bricksreading603,IH-ENG-9135,Bricks Reading 60 3(SB+WB+E.CODE)
9791162730355,bricksreading403,IH-ENG-9136,Bricks Reading 40 3(SB+WB+E.CODE)
9791162730409,bricksreading802,IH-ENG-9137,Bricks Reading 80 2(SB+WB+E.CODE)
9791162730362,브릭스리딩bricksreading601,IH-ENG-9138,브릭스 리딩 Bricks Reading 60 1(SB+WB+E.CODE)
9791162730348,bricksreading402,IH-ENG-9139,Bricks Reading 40 2(SB+WB+E.CODE)
9791162730393,bricksreading801,IH-ENG-9140,Bricks Reading 80 1(SB+WB+E.CODE)
9791162730164,bricksreading1203nonfiction,IH-ENG-9141,Bricks Reading 120 3: Non-Fiction
9791162730195,bricksreading1703nonfiction,IH-ENG-9142,Bricks Reading 170 3: Non-Fiction
9791162730188,bricksreading1702nonfiction,IH-ENG-9143,Bricks Reading 170 2: Non-Fiction
9791162730171,bricksreading1701nonfiction,IH-ENG-9144,Bricks Reading 170 1: Non-Fiction
9791162730157,bricksreading1202nonfiction,IH-ENG-9145,Bricks Reading 120 2: Non-Fiction
9791162730140,브릭스리딩bricksreading1201nonfiction,IH-ENG-9146,브릭스 리딩 Bricks Reading 120 1: Non-Fiction
9788964356326,bricksreading3002,IH-ENG-9147,Bricks Reading 300 2 (SB+WB+E.CODE)
9788964356333,bricksreading3003,IH-ENG-9148,Bricks Reading 300 3(SB+WB+E.CODE)
9788964356319,bricksreading3001,IH-ENG-9149,Bricks Reading 300 1 (SB+WB+E.CODE)
9788964359440,bricksreadingschoolstarter3,IH-ENG-9150,Bricks Reading School Starter 3(SB+AK)
9788964359426,bricksreadingschoolstarter1,IH-ENG-9151,Bricks Reading School Starter 1(SB+AK)
9788964359563,bricksreadingschool3,IH-ENG-9152,Bricks Reading School 3(SB+AK)
9788964359556,bricksreadingschool2,IH-ENG-9153,Bricks Reading School 2(SB+AK)
9788964359549,bricksreadingschool1,IH-ENG-9154,Bricks Reading School 1(SB+AK)
9788964359433,bricksreadingschoolstarter2,IH-ENG-9155,Bricks Reading School Starter 2(SB+AK)
9788964359105,bricksintensivereading4,IH-ENG-9156,Bricks Intensive Reading 4(Teacher's Guide)
9788964359099,bricksintensivereading3,IH-ENG-9157,Bricks Intensive Reading 3(Teacher's Guide)
9788964359082,bricksintensivereading2,IH-ENG-9158,Bricks Intensive Reading 2(Teacher's Guide)
9788964359075,bricksintensivereading1,IH-ENG-9159,Bricks Intensive Reading 1(Teacher's Guide)
9788964358214,브릭스리딩bricksreading502,IH-ENG-9160,브릭스 리딩 Bricks Reading 50 2
9788964358207,브릭스리딩bricksreading501,IH-ENG-9161,브릭스 리딩 Bricks Reading 50 1
9788964358184,브릭스리딩bricksreading302,IH-ENG-9162,브릭스 리딩 Bricks Reading 30 2
9788964358221,브릭스리딩bricksreading503,IH-ENG-9163,브릭스 리딩 Bricks Reading 50 3
9788964358191,브릭스리딩bricksreading303,IH-ENG-9164,브릭스 리딩 Bricks Reading 30 3
9788964358177,브릭스리딩bricksreading301,IH-ENG-9165,브릭스 리딩 Bricks Reading 30 1
9788964358078,brickssubjectreading2,IH-ENG-9166,Bricks Subject Reading 2(SB+E.CODE)
9788964358092,brickssubjectreading4,IH-ENG-9167,Bricks Subject Reading 4(SB)
9788964358085,brickssubjectreading3,IH-ENG-9168,Bricks Subject Reading 3(SB+E.CODE)
9788964358061,brickssubjectreading1,IH-ENG-9169,Bricks Subject Reading 1(SB)
9788964357378,bricksstoryreading1502,IH-ENG-9170,Bricks Story Reading 150 2(SB+WB+E.CODE)
9788964357415,bricksstoryreading2303,IH-ENG-9171,Bricks Story Reading 230 3(SB+WB+E.CODE)
9788964357408,bricksstoryreading2302,IH-ENG-9172,Bricks Story Reading 230 2(SB+WB)
9788964357392,bricksstoryreading2301,IH-ENG-9173,Bricks Story Reading 230 1(SB+WB)
9788964357385,bricksstoryreading1503,IH-ENG-9174,Bricks Story Reading 150 3(SB+WB)
9788964357361,bricksstoryreading1501,IH-ENG-9175,Bricks Story Reading 150 1(SB+WB)
9788964357750,bricksstoryreading703,IH-ENG-9176,Bricks Story Reading 70 3(SB+WB)
9788964357743,bricksstoryreading702,IH-ENG-9177,Bricks Story Reading 70 2(SB+WB+E.CODE)
9788964357736,bricksstoryreading701,IH-ENG-9178,Bricks Story Reading 70 1(SB+WB+E.CODE)
9788964357224,bricksreading2502,IH-ENG-9179,Bricks Reading 250 2
9788964357231,bricksreading2503,IH-ENG-9180,Bricks Reading 250 3
9788964357217,브릭스리딩bricksreading2501,IH-ENG-9181,브릭스 리딩 Bricks Reading 250 1
9788964356999,bricksreading1503,IH-ENG-9182,Bricks Reading 150 3
9788964356982,브릭스리딩bricksreading1502,IH-ENG-9183,브릭스 리딩 Bricks Reading 150 2
9788964356975,브릭스리딩bricksreading1501,IH-ENG-9184,브릭스 리딩 Bricks Reading 150 1
9788964356432,bricksreading2003,IH-ENG-9185,Bricks Reading 200 3
9788964356425,bricksreading2002,IH-ENG-9186,Bricks Reading 200 2
9788964356418,브릭스리딩bricksreading2001,IH-ENG-9187,브릭스 리딩 Bricks Reading 200 1
9788964355602,브릭스리딩bricksreading1003,IH-ENG-9190,브릭스 리딩 Bricks Reading 100 3
9788964355596,브릭스리딩bricksreading1002,IH-ENG-9191,브릭스 리딩 Bricks Reading 100 2
9788964355589,브릭스리딩bricksreading1001,IH-ENG-9192,브릭스 리딩 Bricks Reading 100 1
9788956029245,bricksreadingbeginner1,IH-ENG-9196,BRICKS READING BEGINNER 1 (TG ANSWER KEY)
9788956029221,bricksreadingbeginner2,IH-ENG-9197,"BRICKS READING BEGINNER 2 (Work book,with Reading Skills)"
9788956029191,bricksreadingwithreadingskillsbeginner2,IH-ENG-9198,Bricks Reading with Reading Skills Beginner 2 (STUDENT BOOK)
9788956027449,bricksreadingwithreadingskillsplusworkbook1,IH-ENG-9199,Bricks Reading with Reading Skills Plus Workbook 1 (Primary G5-G6(초등고급))
9788956027432,bricksreadingwithreadingskillsworkbook3,IH-ENG-9200,Bricks Reading with Reading Skills Workbook 3 (Workbook)
9788956027470,bricksreadingwithreadingskills,IH-ENG-9201,Bricks Reading with Reading Skills (Teacher's Guide + Answer Key)
9788956027425,bricksreadingwithreadingskillsworkbook2,IH-ENG-9202,Bricks Reading with Reading Skills Workbook 2 (Workbook)
9788956026589,bricksreadingwithreadingskillsplus1,IH-ENG-9203,Bricks Reading with Reading Skills Plus 1 (Student Book)
9788956026602,bricksreadingplus3,IH-ENG-9204,"Bricks Reading Plus 3 (with Reading Skills, Student Book)"
9788956026565,bricksreadingwithreadingskills2,IH-ENG-9205,Bricks Reading with Reading Skills 2 (Student Book)
9788956026572,bricksreading3,IH-ENG-9206,"Bricks Reading 3 (with Reading Skills ,Student Book)"
9788956026558,bricksreadingwithreadingskills1,IH-ENG-9207,Bricks Reading with Reading Skills 1 (Student Book)
9791162731291,brickslistening350tg3,IH-ENG-9208,Bricks Listening 350 TG 3
9791162731284,brickslistening350tg2,IH-ENG-9209,Bricks Listening 350 TG 2
9791162731260,brickslistening350sb3,IH-ENG-9210,Bricks Listening 350 SB 3
9791162731253,brickslistening350sb2,IH-ENG-9211,Bricks Listening 350 SB 2
9791162731277,brickslistening350tg1,IH-ENG-9212,Bricks Listening 350 TG 1
9791162731246,brickslistening350sb1,IH-ENG-9213,Bricks Listening 350 SB 1
9791162731147,brickslisteningintermediate2503,IH-ENG-9214,Bricks Listening Intermediate 250 3(Teacher's Guide)
9791162731024,brickseasylistening1003,IH-ENG-9215,Bricks Easy Listening 100 3(Teacher's Guide)
9791162731130,brickslisteningintermediate2502,IH-ENG-9216,Bricks Listening Intermediate 250 2(Teacher's Guide)
9791162731086,brickslisteninghighbeginner2003,IH-ENG-9217,Bricks Listening High Beginner 200 3(Teacher's Guide)
9791162731123,brickslisteningintermediate2501,IH-ENG-9218,Bricks Listening Intermediate 250 1(Teacher's Guide)
9791162731000,brickseasylistening1001,IH-ENG-9219,Bricks Easy Listening 100 1(Teacher's Guide)
9791162731048,brickslisteningbeginner1502,IH-ENG-9220,Bricks Listening Beginner 150 2(Teacher's Guide)
9791162731031,brickslisteningbeginner1501,IH-ENG-9221,Bricks Listening Beginner 150 1(Teacher's Guide)
9791162731062,brickslisteninghighbeginner2001,IH-ENG-9222,Bricks Listening High Beginner 200 1(Teacher's Guide)
9791162731017,brickseasylistening1002,IH-ENG-9223,Bricks Easy Listening 100 2(Teacher's Guide)
9791162730812,brickslistening3003,IH-ENG-9224,Bricks Listening 300 3(Teacher's Guide)
9791162730805,brickslistening3002,IH-ENG-9225,Bricks Listening 300 2(Teacher's Guide)
9791162730799,brickslistening3001,IH-ENG-9226,Bricks Listening 300 1(Teacher's Guide)
9791162731093,brickslistening2501,IH-ENG-9227,Bricks Listening 250 1(Teacher's Guide)
9791162731055,brickslisteningbeginner1503,IH-ENG-9228,Bricks Listening Beginner 150 3(Teacher's Guide)
9791162731079,brickslisteninghighbeginner2002,IH-ENG-9229,Bricks Listening High Beginner 200 2(Teacher's Guide)
9791162731116,brickslistening2503,IH-ENG-9230,Bricks Listening 250 3(Teacher's Guide)
9791162731109,brickslistening2502,IH-ENG-9231,Bricks Listening 250 2(Teacher's Guide)
9788964359723,brickslistening1,IH-ENG-9232,Bricks Listening 1
9788964359730,brickslistening2,IH-ENG-9233,Bricks Listening 2
9788964359778,brickslistening3,IH-ENG-9234,Bricks Listening 3(Teacher's Guide)
9788964359785,brickslisteningbeginner1,IH-ENG-9235,Bricks Listening Beginner 1
9788964359792,brickslisteningbeginner2,IH-ENG-9236,Bricks Listening Beginner 2
9788964359860,brickslisteninghighbeginner3,IH-ENG-9237,Bricks Listening High Beginner 3
9788964359853,brickslisteninghighbeginner2,IH-ENG-9238,Bricks Listening High Beginner 2
9788964359471,brickslisteningschoolstarter3,IH-ENG-9241,Bricks Listening School Starter 3(SB+AK+MP3CD)
9788964359594,brickslisteningschool3,IH-ENG-9242,Bricks Listening School 3(SB+AK+MP3CD)
9788964359587,brickslisteningschool2,IH-ENG-9243,Bricks Listening School 2(SB+AK)
9788964359457,brickslisteningschoolstarter1,IH-ENG-9244,Bricks Listening School Starter 1(SB+AK)
9788964359464,brickslisteningschoolstarter2,IH-ENG-9245,Bricks Listening School Starter 2(SB+AK)
9788964359570,brickslisteningschool1,IH-ENG-9246,Bricks Listening School 1(SB+AK)
9788964354636,brickslistening2출판사사회평론발행일2015년08월27일출간분류언어isbn9788964354636정가6000원관심도서등록,IH-ENG-9247,"Bricks Listening 2(Intermediate)(Teacher's Guide) 출판사 : 사회평론 발행일 : 2015년 08월 27일 출간분류 : 언어 ISBN : 9788964354636 정가 : 6,000원 (도서정보 등록 : 2024.08.20) 관심도서 등록"
9788964356951,brickseasylistening3,IH-ENG-9248,Bricks Easy Listening 3
9788964354520,brickslisteningintermediate3,IH-ENG-9249,Bricks Listening Intermediate 3
9788964356609,bricksintensivelistening3,IH-ENG-9250,Bricks Intensive Listening 3(SB+WB+E.CODE)
9788964356593,bricksintensivelistening2,IH-ENG-9251,Bricks Intensive Listening 2(SB+WB+E.CODE)
9788964356586,bricksintensivelistening1,IH-ENG-9252,Bricks Intensive Listening 1(SB+WB+E.CODE)
9788964354506,brickslisteningintermediate1,IH-ENG-9256,Bricks Listening Intermediate 1
9788956029320,brickslisteningwithdictation5,IH-ENG-9260,BRICKS LISTENING WITH DICTATION. 5(AUDIO CD 4장)
9788956026039,brickslisteningwithdictation4,IH-ENG-9261,Bricks Listening with Dictation 4
8809476400138,bricksphonicsflashcards5,IH-ENG-9262,Bricks Phonics Flash cards 5
8809476400121,bricksphonicsflashcards4,IH-ENG-9263,Bricks Phonics Flash cards 4
8809476400114,bricksphonicsflashcards3,IH-ENG-9264,Bricks Phonics Flash cards 3
8809476400107,bricksphonicsflashcards2,IH-ENG-9265,Bricks Phonics Flash cards 2
8809476400091,bricksphonicsflashcards1,IH-ENG-9266,Bricks Phonics Flash cards 1
9791162731932,bricksphonicswb2,IH-ENG-9267,Bricks Phonics WB 2
9791162731956,bricksphonicswb4,IH-ENG-9268,Bricks Phonics WB 4
9791162731963,bricksphonicswb5,IH-ENG-9269,Bricks Phonics WB 5
9791162731949,bricksphonicswb3,IH-ENG-9270,Bricks Phonics WB 3
9791162731918,bricksphonicssb5,IH-ENG-9271,Bricks Phonics SB 5 (SB+E.CODE+APP)
9791162731901,bricksphonicssb4,IH-ENG-9272,Bricks Phonics SB 4 (SB+E.CODE+APP)
9791162731895,bricksphonicssb3,IH-ENG-9273,Bricks Phonics SB 3 (SB+E.CODE+APP)
9791162731888,bricksphonicssb2,IH-ENG-9274,Bricks Phonics SB 2 (SB+E.CODE+APP)
9791162731925,bricksphonicswb1,IH-ENG-9275,Bricks Phonics WB 1
9791162731871,bricksphonicssb1,IH-ENG-9276,Bricks Phonics SB 1 (SB+E.CODE+APP)
9788964356395,spotlightonfirstphonicsset4,IH-ENG-9277,Spotlight on First Phonics Set 4 (Student Book + Storybook + E.CODE + APP)
9788964356579,spotlightonphonics3,IH-ENG-9278,Spotlight on Phonics 3
9788964356562,spotlightonphonics2,IH-ENG-9279,Spotlight on Phonics 2
9788964356364,spotlightonfirstphonicsset1,IH-ENG-9280,Spotlight on First Phonics Set 1 (Student Book + Storybook + E.CODE + APP)
9788964356401,spotlightonfirstphonicsset5,IH-ENG-9281,Spotlight on First Phonics Set 5 (Student Book + Storybook + E.CODE + APP)
9788964356371,spotlightonfirstphonicsset2,IH-ENG-9282,Spotlight on First Phonics Set 2 (Student Book + Storybook + E.CODE + APP)
9788964356388,spotlightonfirstphonicsset3,IH-ENG-9283,Spotlight on First Phonics Set 3 (Student Book + Storybook + E.CODE + APP)
9788964353721,spotlightonfirstphonics4,IH-ENG-9284,Spotlight on First Phonics 4(Workbook)
9788964353646,spotlightonfirstphonics2,IH-ENG-9285,Spotlight on First Phonics 2(Workbook)
9788964353684,spotlightonfirstphonics3,IH-ENG-9286,Spotlight on First Phonics 3(Workbook)
9788964353608,spotlightonfirstphonics1,IH-ENG-9287,Spotlight on First Phonics 1(Workbook)
9788964353769,spotlightonfirstphonics5,IH-ENG-9288,Spotlight on First Phonics 5(Workbook)
9788964350614,spotlightonphonicsstoryworkbook3,IH-ENG-9289,Spotlight on Phonics Story Workbook 3
9788964350591,spotlightonphonicsstoryworkbook1,IH-ENG-9290,Spotlight on Phonics Story Workbook 1
9788964350607,spotlightonphonicsstoryworkbook2,IH-ENG-9291,Spotlight on Phonics Story Workbook 2
9788964350263,spotlightonphonicslevel3,IH-ENG-9292,Spotlight on Phonics Level 3(Work Book)
9791125320821,subjectlink1,IH-ENG-9293,Subject Link 1(Word Book)
9791125320838,subjectlink2,IH-ENG-9294,Subject Link 2(Word Book)
9791125320845,subjectlink3,IH-ENG-9295,Subject Link 3(Word Book)
9791125320852,subjectlink4,IH-ENG-9296,Subject Link 4(Word Book)
9791125320869,subjectlink5,IH-ENG-9297,Subject Link 5(Word Book)
9791125320876,subjectlink6,IH-ENG-9298,Subject Link 6(Word Book)
9791125324003,subjectlinkstarter1,IH-ENG-9299,Subject Link Starter 1(Word book)
9791125324010,subjectlinkstarter2,IH-ENG-9300,Subject Link Starter 2(Word book)
9791125324027,subjectlinkstarter3,IH-ENG-9301,Subject Link Starter 3(Word book)
9791125329008,subjectlink7,IH-ENG-9302,Subject Link 7(Word Book)
9791125329015,subjectlink8,IH-ENG-9303,Subject Link 8(Word Book)
9791125329022,subjectlink9,IH-ENG-9304,Subject Link 9(Word Book)
9791189906757,readingtown1,IH-ENG-9320,Reading Town 1 (with QR)
9791189906764,readingtown2,IH-ENG-9321,Reading Town 2 (with QR)
9791189906771,readingtown3,IH-ENG-9322,Reading Town 3 (with QR)
9788990700018,해커스리딩스타트,IH-ENG-9323,해커스 리딩 스타트(Hackers Reading Start)
9788971729915,readingaone1startup,IH-ENG-9324,Reading A one 1 start-up
9788960006157,nexustoeflibtreadingstarter,IH-ENG-9325,NEXUS TOEFL IBT READING STARTER
9788917238914,benchmarkreadingstarter3,IH-ENG-9327,Benchmark Reading Starter 3
9788917238907,benchmarkreadingstarter2,IH-ENG-9328,Benchmark Reading Starter 2
9788917238891,benchmarkreadingstarter1,IH-ENG-9329,Benchmark Reading Starter 1
9791192314129,tosel공식new유형분석집2prestarterreadingwriting,IH-ENG-9330,TOSEL 공식 New 유형분석집 2 Pre-Starter Reading & Writing
9788917237818,thestarsthelastlesson,IH-ENG-9331,The Stars / The Last Lesson(별 / 마지막 수업)(1200 words Grade 4)
9791186624395,toselreadingseries학생용1,IH-ENG-9332,TOSEL Reading Series(Pre-Starter) 학생용 1
9791186624401,toselreadingseries학생용2,IH-ENG-9333,TOSEL Reading Series(Pre-Starter) 학생용 2
9791186624418,toselreadingseries학생용3,IH-ENG-9334,TOSEL Reading Series(Pre-Starter) 학생용 3
9791186624425,toselreadingseries교사용,IH-ENG-9335,TOSEL Reading Series(Pre-Starter) 교사용
9791188228331,readingmentorjoystart2,IH-ENG-9336,Reading Mentor Joy Start 2(Longman)
9791125318750,readingsketchstarter3,IH-ENG-9337,Reading Sketch Starter 3(Word Book)
9791125318774,readingsketchstarter2,IH-ENG-9338,Reading Sketch Starter 2(Word Book)
9791125318798,readingsketchstarter1,IH-ENG-9339,Reading Sketch Starter 1(Word Book)
9791188228348,readingmentorjoystart3,IH-ENG-9340,Reading Mentor Joy Start 3(Longman)
9791188228324,readingmentorjoystart1,IH-ENG-9341,Reading Mentor Joy Start 1(Longman)
9791196824808,readingwhatstarter1,IH-ENG-9343,Reading What? Starter 1
9791196824815,readingwhatstarter2,IH-ENG-9344,Reading What? Starter 2
9791196824822,readingwhatstarter3,IH-ENG-9345,Reading What? Starter 3
9788968061615,readingqstarter2,IH-ENG-9346,Reading Q Starter 2
9788968061608,readingqstarter1,IH-ENG-9347,Reading Q Starter.1
9788927709701,readingqueststarter,IH-ENG-9348,Reading Quest STARTER
9791189432201,thisisreadingstarter2,IH-ENG-9349,This is Reading Starter 2
9791189432218,thisisreadingstarter3,IH-ENG-9350,This is Reading Starter 3
9791189432195,thisisreadingstarter1,IH-ENG-9351,This is Reading Starter 1
9791188808311,미국교과서읽는리딩readingkeypreschoolstarter6,IH-ENG-9353,미국교과서 읽는 리딩 Reading Key Preschool Starter 6
9791188808304,미국교과서읽는리딩readingkeypreschoolstarter5,IH-ENG-9355,미국교과서 읽는 리딩 Reading Key Preschool Starter 5
9791188808298,미국교과서읽는리딩readingkeypreschoolstarter4,IH-ENG-9356,미국교과서 읽는 리딩 Reading Key Preschool Starter 4
9791188808267,미국교과서읽는리딩readingkeypreschoolstarter3,IH-ENG-9357,미국교과서 읽는 리딩 Reading Key Preschool Starter 3
9791188808175,미국교과서읽는리딩readingkeypreschoolstarter2,IH-ENG-9358,미국교과서 읽는 리딩 Reading Key Preschool Starter 2
9788927708193,readingvoyagestarter3,IH-ENG-9359,Reading Voyage Starter 3
9788927708179,readingvoyagestarter1,IH-ENG-9360,Reading Voyage Starter 1
9814742759,wonderskillsreadingstarter1audiocd,IH-ENG-9361,WonderSkills Reading Starter 1 (Book(+Workbook) + Audio CD)
9788974577568,readingfunstarter3,IH-ENG-9374,Reading Fun(리딩 펀) Starter 3
9788974577551,readingfunstarter2,IH-ENG-9375,Reading Fun(리딩 펀) Starter 2
9788966867042,readingspark1,IH-ENG-9378,Reading Spark 1
9788966867059,readingspark2,IH-ENG-9379,Reading Spark 2
9788966867066,readingspark3,IH-ENG-9380,Reading Spark 3
9788966867073,readingspark4,IH-ENG-9381,Reading Spark 4
9788966867080,readingspark5,IH-ENG-9382,Reading Spark 5
9788966867097,readingspark6,IH-ENG-9383,Reading Spark 6
9788968842856,winnersreadingwritingstarter,IH-ENG-9384,Winners Reading & Writing: Starter
9788925657875,shiningstar,IH-ENG-9387,Shining Star
9788917214406,etstoeicstarterreading,IH-ENG-9388,ETS TOEIC Starter Reading
9788960864788,ustartoeicreading,IH-ENG-9389,Ustar TOEIC(유스타토익): Reading
9788963980584,juniorreadingstartyellowbook4,IH-ENG-9390,Junior Reading Start Yellow Book 4
9788963980577,juniorreadingstartyellowbook3,IH-ENG-9391,Junior Reading Start Yellow Book 3
9788963980560,juniorreadingstartyellowbook2,IH-ENG-9392,Junior Reading Start Yellow Book 2
9788963980553,juniorreadingstartyellowbook1,IH-ENG-9393,Junior Reading Start Yellow Book 1
9788960492370,영어스피치리딩훈련starter2,IH-ENG-9394,영어 스피치 리딩 훈련 STARTER 2
9788960492363,영어스피치리딩훈련starter1,IH-ENG-9395,영어 스피치 리딩 훈련 STARTER 1
9788956053530,라따뚜이runremyrun,IH-ENG-9397,라따뚜이(RATATOUILLE): RUN REMY RUN
9788931514650,topichighreadingstarter4,IH-ENG-9399,TOPIC HIGH READING STARTER 4
9788931514643,topichighreadingstarter3,IH-ENG-9400,TOPIC HIGH READING STARTER 3
9788956053561,walleburnethefixitbot,IH-ENG-9403,WALL E: Burn-E The Fix-IT Bot
9788956053592,theprincessandthefrog,IH-ENG-9404,THE PRINCESS AND THE FROG
9788956053554,wallesmashtrash,IH-ENG-9405,WALL E: Smash Trash!
9788956053493,findingnemo,IH-ENG-9406,FINDING NEMO
9788989977582,essentialguideforthetoeflreadingstarter,IH-ENG-9409,ESSENTIAL GUIDE FOR THE TOEFL READING STARTER(IBT)
9788993610079,smartstartreading1sb,IH-ENG-9410,SMART START READING. 1 S/B
9788993610062,easystartreading3sb,IH-ENG-9411,EASY START READING. 3 S/B
9788993610055,easystartreading2,IH-ENG-9412,EASY START READING. 2
9788993610048,easystartreading1,IH-ENG-9413,EASY START READING. 1
9788992965187,wonderreadingforstarters3,IH-ENG-9414,WONDER READING FOR STARTERS. 3
9788992965170,wonderreadingforstarters2,IH-ENG-9415,WONDER READING FOR STARTERS. 2
9788992965163,wonderreadingforstarters1,IH-ENG-9416,WONDER READING FOR STARTERS. 1
9788945063168,northstarreadingandwritingintermediatetape,IH-ENG-9420,Northstar:Reading and Writing Intermediate Tape
9788945063540,northstarreadingandwritingadvancedtape2개,IH-ENG-9421,Northstar:Reading and Writing Advanced Tape:2개
9788945063533,northstarreadingandwritinghighintermediatetape2개,IH-ENG-9422,Northstar : Reading and Writing High Intermediate TAPE:2개
9791125328650,insightlinkstarter1,IH-ENG-9423,Insight Link Starter 1(Word book)
9791125328667,insightlinkstarter2,IH-ENG-9424,Insight Link Starter 2(Word book)
9791125328674,insightlinkstarter3,IH-ENG-9425,Insight Link Starter 3(Word book)
9791125328681,insightlink1,IH-ENG-9426,Insight Link 1(Word book)
9791125328698,insightlink2,IH-ENG-9427,Insight Link 2(Word book)
9791125328704,insightlink3,IH-ENG-9428,Insight Link 3(Word book)
9791125328711,insightlink4,IH-ENG-9429,Insight Link 4(Word book)
9791125328728,insightlink5,IH-ENG-9430,Insight Link 5(Word book)
9791125328735,insightlink6,IH-ENG-9431,Insight Link 6(Word book)
9791125318699,readingsketchup3,IH-ENG-9432,Reading Sketch Up 3(Word Book)
9791125318712,readingsketchup2,IH-ENG-9433,Reading Sketch Up 2(Word Book)
9791125318736,readingsketchup1,IH-ENG-9434,Reading Sketch Up 1(Word Book)
9791125318811,readingsketch3,IH-ENG-9435,Reading Sketch 3(Word Book)
9791125318835,readingsketch2,IH-ENG-9436,Reading Sketch 2(Word Book)
9791125318859,readingsketch1,IH-ENG-9437,Reading Sketch 1(Word Book)
9791156807599,myfirstreading2,IH-ENG-9438,My First Reading 2 (with QR)
9791156807582,myfirstreading1,IH-ENG-9439,My First Reading 1 (with QR)
9791156807605,myfirstreading3,IH-ENG-9440,My First Reading 3 (with QR)
9791156807643,mynextreading4,IH-ENG-9443,My Next Reading 4 (with QR)
9791156807650,mynextreading5,IH-ENG-9444,My Next Reading 5 (with QR)
9791156807667,mynextreading6,IH-ENG-9445,My Next Reading 6 (with QR)
9791156807636,mynextreading3,IH-ENG-9446,My Next Reading 3 (with QR)
9791156807629,mynextreading2,IH-ENG-9447,My Next Reading 2 (with QR)
9791156807612,mynextreading1,IH-ENG-9448,My Next Reading 1 (with QR)
9788956356389,neatreadingm1,IH-ENG-9452,NEAT Reading M. 1
9788956356082,toefljuniorbasic,IH-ENG-9453,TOEFL JUNIOR: BASIC
9788956356136,readingworld3,IH-ENG-9454,READING WORLD. 3(STUDENT BOOK)
9791196789039,worldhoteltourismenglish,IH-ENG-9460,World Hotel & Tourism English
9791160576481,wonderfulworldprime5sbwithappqr,IH-ENG-9464,Wonderful WORLD PRIME 5 SB with App QR
,ashorthistoryofnearlyeverything,IH-CLS-0001,A Short History of Nearly Everything
,ashorthistoryofnearlyeverything20,IH-CLS-0002,A Short History of Nearly Everything 2.0
,sapiens,IH-CLS-0003,Sapiens
,factfulness,IH-CLS-0004,Factfulness
,abriefhistoryoftime,IH-CLS-0005,A Brief History of Time
,thepenguinhistoryoftheworld,IH-CLS-0006,The Penguin History of the World
,alittlehistoryoftheworld,IH-CLS-0007,A Little History of the World
,theknowledge,IH-CLS-0008,The Knowledge
,whatif,IH-CLS-0009,What If?
,thebookofgeneralignorance,IH-CLS-0010,The Book of General Ignorance (QI)
,thelessonsofhistory,IH-CLS-0011,The Lessons of History
,fromdawntodecadence,IH-CLS-0012,From Dawn to Decadence
,astudyofhistory,IH-CLS-0013,A Study of History
,theprinciplesofpsychology,IH-CLS-0014,The Principles of Psychology
,thevarietiesofreligiousexperience,IH-CLS-0015,The Varieties of Religious Experience
,thinkingfastandslow,IH-CLS-0016,"Thinking, Fast and Slow"
,howthemindworks,IH-CLS-0017,How the Mind Works
,themanwhomistookhiswifeforahat,IH-CLS-0018,The Man Who Mistook His Wife for a Hat
,thepowerofhabit,IH-CLS-0019,The Power of Habit
,outliers,IH-CLS-0020,Outliers
,thinkagain,IH-CLS-0021,Think Again
,ourbrainsourselves,IH-CLS-0022,"Our Brains, Our Selves"
,themindelectric,IH-CLS-0023,The Mind Electric
,anenquiryconcerninghumanunderstanding,IH-CLS-0024,An Enquiry Concerning Human Understanding
,religiomedici,IH-CLS-0025,Religio Medici
,therambler,IH-CLS-0026,The Rambler
,onliberty,IH-CLS-0027,On Liberty
,theideaofauniversity,IH-CLS-0028,The Idea of a University
,scienceandthemodernworld,IH-CLS-0029,Science and the Modern World
,thehedgehogandthefox,IH-CLS-0030,The Hedgehog and the Fox
,theproblemsofphilosophy,IH-CLS-0031,The Problems of Philosophy
,whatdoesitallmean,IH-CLS-0032,What Does It All Mean?
,whyplatomattersnow,IH-CLS-0033,Why Plato Matters Now
,thewealthofnations,IH-CLS-0034,The Wealth of Nations
,thetheoryoftheleisureclass,IH-CLS-0035,The Theory of the Leisure Class
,theeconomicconsequencesofthepeace,IH-CLS-0036,The Economic Consequences of the Peace
,theaffluentsociety,IH-CLS-0037,The Affluent Society
,freakonomics,IH-CLS-0038,Freakonomics
,thepsychologyofmoney,IH-CLS-0039,The Psychology of Money
,theundercovereconomist,IH-CLS-0040,The Undercover Economist
,ourdollaryourproblem,IH-CLS-0041,"Our Dollar, Your Problem"
,ontheoriginofspecies,IH-CLS-0042,On the Origin of Species
,evolutionandethics,IH-CLS-0043,Evolution and Ethics
,thepandasthumb,IH-CLS-0044,The Panda's Thumb
,theimmensejourney,IH-CLS-0045,The Immense Journey
,thelivesofacell,IH-CLS-0046,The Lives of a Cell
,theselfishgene,IH-CLS-0047,The Selfish Gene
,thebody,IH-CLS-0048,The Body
,theimmortallifeofhenriettalacks,IH-CLS-0049,The Immortal Life of Henrietta Lacks
,theriseandfallofthedinosaurs,IH-CLS-0050,The Rise and Fall of the Dinosaurs
,icontainmultitudes,IH-CLS-0051,I Contain Multitudes
,eve,IH-CLS-0052,Eve
,thelighteaters,IH-CLS-0053,The Light Eaters
,fragmentsofscience,IH-CLS-0054,Fragments of Science
,themysteriousuniverse,IH-CLS-0055,The Mysterious Universe
,thenatureofthephysicalworld,IH-CLS-0056,The Nature of the Physical World
,cosmos,IH-CLS-0057,Cosmos
,astrophysicsforpeopleinahurry,IH-CLS-0058,Astrophysics for People in a Hurry
,sevenbrieflessonsonphysics,IH-CLS-0059,Seven Brief Lessons on Physics
,theendofeverything,IH-CLS-0060,The End of Everything
,battleofthebigbang,IH-CLS-0061,Battle of the Big Bang
,airborne,IH-CLS-0062,Air-Borne
,thedeclineandfalloftheromanempire,IH-CLS-0063,The Decline and Fall of the Roman Empire
,thehistoryofengland,IH-CLS-0064,The History of England
,thefrenchrevolution,IH-CLS-0065,The French Revolution
,confessionsofanenglishopiumeater,IH-CLS-0066,Confessions of an English Opium-Eater
,reflectionsontherevolutioninfrance,IH-CLS-0067,Reflections on the Revolution in France
,democracyinamerica,IH-CLS-0068,Democracy in America
,theinterpretationofcultures,IH-CLS-0069,The Interpretation of Cultures
,gunsgermsandsteel,IH-CLS-0070,"Guns, Germs, and Steel"
,thesilkroads,IH-CLS-0071,The Silk Roads
,vanished,IH-CLS-0072,Vanished
,growthandstructureoftheenglishlanguage,IH-CLS-0073,Growth and Structure of the English Language
,thesenseofstyle,IH-CLS-0074,The Sense of Style
,throughthelanguageglass,IH-CLS-0075,Through the Language Glass
,themothertongue,IH-CLS-0076,The Mother Tongue
,thestoriesofenglish,IH-CLS-0077,The Stories of English
,babel,IH-CLS-0078,Babel
,proto,IH-CLS-0079,Proto
,pronountrouble,IH-CLS-0080,Pronoun Trouble
,sayswho,IH-CLS-0081,Says Who?
,modernpainters,IH-CLS-0082,Modern Painters
,studiesinthehistoryoftherenaissance,IH-CLS-0083,Studies in the History of the Renaissance
,cultureandanarchy,IH-CLS-0084,Culture and Anarchy
,anatomyofcriticism,IH-CLS-0085,Anatomy of Criticism
,seventypesofambiguity,IH-CLS-0086,Seven Types of Ambiguity
,theliberalimagination,IH-CLS-0087,The Liberal Imagination
,civilisation,IH-CLS-0088,Civilisation
,whatareyoulookingat,IH-CLS-0089,What Are You Looking At?
,waysofseeing,IH-CLS-0090,Ways of Seeing
,thestoryofartwithoutmen,IH-CLS-0091,The Story of Art Without Men
,thefederalistpapers,IH-CLS-0092,The Federalist Papers
,thecommonlaw,IH-CLS-0093,The Common Law
,erewhon,IH-CLS-0094,Erewhon (The Book of the Machines)
,thehumanuseofhumanbeings,IH-CLS-0095,The Human Use of Human Beings
,superintelligence,IH-CLS-0096,Superintelligence
,theageofsurveillancecapitalism,IH-CLS-0097,The Age of Surveillance Capitalism
,thealignmentproblem,IH-CLS-0098,The Alignment Problem
,theinnovators,IH-CLS-0099,The Innovators
,empireofai,IH-CLS-0100,Empire of AI
,educated,IH-CLS-0101,Educated
,bornacrime,IH-CLS-0102,Born a Crime
,killersoftheflowermoon,IH-CLS-0103,Killers of the Flower Moon
,saynothing,IH-CLS-0104,Say Nothing
,becoming,IH-CLS-0105,Becoming
,speakmemory,IH-CLS-0106,"Speak, Memory"
,notesofanativeson,IH-CLS-0107,Notes of a Native Son
,slouchingtowardsbethlehem,IH-CLS-0108,Slouching Towards Bethlehem
,pilgrimattinkercreek,IH-CLS-0109,Pilgrim at Tinker Creek
,rhetoric,IH-CLS-0110,Rhetoric
,essays,IH-CLS-0111,Essays
,essays,IH-CLS-0112,Essays
,selfrelianceandotheressays,IH-CLS-0113,Self-Reliance and Other Essays
,walden,IH-CLS-0114,Walden
,essaysofelia,IH-CLS-0115,Essays of Elia
,tabletalk,IH-CLS-0116,Table Talk
,lettersfromastoic,IH-CLS-0117,Letters from a Stoic
,meditations,IH-CLS-0118,Meditations
,lives,IH-CLS-0119,Lives
,elements,IH-CLS-0120,Elements
,amathematiciansapology,IH-CLS-0121,A Mathematician's Apology
,relativitythespecialandgeneraltheory,IH-CLS-0122,Relativity: The Special and General Theory
,ahistoryofwesternphilosophy,IH-CLS-0123,A History of Western Philosophy
,thestructureofscientificrevolutions,IH-CLS-0124,The Structure of Scientific Revolutions
,thelogicofscientificdiscovery,IH-CLS-0125,The Logic of Scientific Discovery
,gdelescherbach,IH-CLS-0126,"Gödel, Escher, Bach"
,chaos,IH-CLS-0127,Chaos
,fermatslasttheorem,IH-CLS-0128,Fermat's Last Theorem
,civilizationanditsdiscontents,IH-CLS-0129,Civilization and Its Discontents
,modernmaninsearchofasoul,IH-CLS-0130,Modern Man in Search of a Soul
,manssearchformeaning,IH-CLS-0131,Man's Search for Meaning
,howtowinfriendsandinfluencepeople,IH-CLS-0132,How to Win Friends and Influence People
,flow,IH-CLS-0133,Flow
,therepublic,IH-CLS-0134,The Republic
,nicomacheanethics,IH-CLS-0135,Nicomachean Ethics
,meditationsonfirstphilosophy,IH-CLS-0136,Meditations on First Philosophy
,beyondgoodandevil,IH-CLS-0137,Beyond Good and Evil
,tractatuslogicophilosophicus,IH-CLS-0138,Tractatus Logico-Philosophicus
,thehumancondition,IH-CLS-0139,The Human Condition
,atheoryofjustice,IH-CLS-0140,A Theory of Justice
,thecommunistmanifesto,IH-CLS-0141,The Communist Manifesto
,theroadtoserfdom,IH-CLS-0142,The Road to Serfdom
,capitalismandfreedom,IH-CLS-0143,Capitalism and Freedom
,justice,IH-CLS-0144,Justice
,23thingstheydonttellyouaboutcapitalism,IH-CLS-0145,23 Things They Don't Tell You About Capitalism
,capitalinthetwentyfirstcentury,IH-CLS-0146,Capital in the Twenty-First Century
,silentspring,IH-CLS-0147,Silent Spring
,theemperorofallmaladies,IH-CLS-0148,The Emperor of All Maladies
,consilience,IH-CLS-0149,Consilience
,entangledlife,IH-CLS-0150,Entangled Life
,intheshadowofman,IH-CLS-0151,In the Shadow of Man
,sidereusnuncius,IH-CLS-0152,Sidereus Nuncius
,sixeasypieces,IH-CLS-0153,Six Easy Pieces
,theelegantuniverse,IH-CLS-0154,The Elegant Universe
,thehistories,IH-CLS-0155,The Histories
,historyofthepeloponnesianwar,IH-CLS-0156,History of the Peloponnesian War
,theprince,IH-CLS-0157,The Prince
,thegunsofaugust,IH-CLS-0158,The Guns of August
,theageofrevolution,IH-CLS-0159,The Age of Revolution
,1491,IH-CLS-0160,1491
,theriseofthewest,IH-CLS-0161,The Rise of the West
,courseingenerallinguistics,IH-CLS-0162,Course in General Linguistics
,syntacticstructures,IH-CLS-0163,Syntactic Structures
,theetymologicon,IH-CLS-0164,The Etymologicon
,eatsshootsandleaves,IH-CLS-0165,"Eats, Shoots and Leaves"
,poetics,IH-CLS-0166,Poetics
,livesoftheartists,IH-CLS-0167,Lives of the Artists
,thestoryofart,IH-CLS-0168,The Story of Art
,onphotography,IH-CLS-0169,On Photography
,theshockofthenew,IH-CLS-0170,The Shock of the New
,leviathan,IH-CLS-0171,Leviathan
,twotreatisesofgovernment,IH-CLS-0172,Two Treatises of Government
,thesocialcontract,IH-CLS-0173,The Social Contract
,letterfrombirminghamjail,IH-CLS-0174,Letter from Birmingham Jail
,understandingmedia,IH-CLS-0175,Understanding Media
,amusingourselvestodeath,IH-CLS-0176,Amusing Ourselves to Death
,weaponsofmathdestruction,IH-CLS-0177,Weapons of Math Destruction
,nexus,IH-CLS-0178,Nexus
,narrativeofthelifeoffrederickdouglass,IH-CLS-0179,Narrative of the Life of Frederick Douglass
,theautobiographyofbenjaminfranklin,IH-CLS-0180,The Autobiography of Benjamin Franklin
,ifthisisaman,IH-CLS-0181,If This Is a Man
,iknowwhythecagedbirdsings,IH-CLS-0182,I Know Why the Caged Bird Sings
,night,IH-CLS-0183,Night
9791164065868,기적의파닉스리딩13세트,IH-ENG-9467,기적의 파닉스 리딩 1~3 세트
9791171011735,초등영어표현익힘책2,IH-ENG-9468,초등 영어표현 익힘책 2(5~6학년용)
9791198758736,매직영어단어쓰기,IH-ENG-9469,매직 영어단어 쓰기
9791161508139,요즘어른들의다시시작하는영어학교2,IH-ENG-9471,요즘 어른들의 다시 시작하는 영어 학교 2
9791161508122,요즘어른들의다시시작하는영어학교1,IH-ENG-9472,요즘 어른들의 다시 시작하는 영어 학교 1
9791169876568,앤드류채전공영어멘토영어학,IH-ENG-9474,앤드류 채 전공영어 멘토영어학
9788952133977,서울대석학이알려주는자녀교육법영어,IH-ENG-9475,서울대 석학이 알려주는 자녀 교육법: 영어
9791198002914,키위엔영어표현하루5분의기적실전대화완성편,IH-ENG-9476,키위엔 영어표현 하루 5분의 기적: 실전 대화 완성편
9791197920448,hello이솝우화3,IH-ENG-9477,Hello 이솝우화 3
9791197920431,hello이솝우화2,IH-ENG-9478,Hello 이솝우화 2
9791197920424,hello이솝우화1,IH-ENG-9479,Hello 이솝우화 1
9791198311900,마서한산,IH-ENG-9480,마서한산
9788953145016,영어를제2모국어로만드는정철의ad영어학습법,IH-ENG-9482,영어를 제2 모국어로 만드는 정철의 A.D. 영어학습법
9788954777513,이현석의입이트이는영어최고의스피킹60취미생활편,IH-ENG-9483,이현석의 입이 트이는 영어 최고의 스피킹 60: 취미생활 편
9788960498068,초등생의영어학부모의계획,IH-ENG-9484,초등생의 영어 학부모의 계획
9791139210569,유레카영어학습법,IH-ENG-9486,유레카 영어학습법
9791192590714,2024최진호영어학기출분석,IH-ENG-9487,2024 최진호 영어학 기출분석
9791169190725,미디어활용영어학습,IH-ENG-9488,미디어 활용 영어학습
9788963321370,영어학의이해,IH-ENG-9489,영어학의 이해
9788956769332,온리원영어학원만들기,IH-ENG-9490,온리원 영어학원 만들기
9791165261627,wonderfulreadingtoolsjobs1,IH-ENG-9491,Wonderful Reading Tools: Jobs 1
9788954799829,이현석의입이트이는영어최고의스피킹60여가생활편,IH-ENG-9492,이현석의 입이 트이는 영어 최고의 스피킹 60: 여가생활 편
9791140700240,아이와간다면캐나다,IH-ENG-9493,"아이와 간다면, 캐나다"
9788965293200,중2mvp영어학습법,IH-ENG-9494,중2 MVP 영어 학습법
9791165261511,미국교과서읽는리딩sightwordkey2,IH-ENG-9495,미국교과서 읽는 리딩 Sight Word Key 2
9791192071398,조동진선생님의차례가기영어,IH-ENG-9497,조동진 선생님의 차례가기 영어
9791191158847,한영어학자의자전적학문여정과회상,IH-ENG-9498,한 영어학자의 자전적 학문 여정과 회상
9791138804851,강한영어학원만들기2,IH-ENG-9499,강한 영어학원 만들기 2
9791165218058,영어공부잘하는아이는이렇게공부합니다,IH-ENG-9500,영어 공부 잘하는 아이는 이렇게 공부합니다
9791137262874,독서위에얹은영어학습법,IH-ENG-9501,독서위에 얹은 영어학습법 (컬러판)
9791158491505,아빠표영어로끝장내는영어학습법,IH-ENG-9502,아빠표 영어로 끝장내는 영어 학습법
9788925416106,영어학습을위한인공지능챗봇활용및제작,IH-ENG-9503,영어학습을 위한 인공지능 챗봇 활용 및 제작
9788954759083,김태연의이지잉글리시최고의대화문150목적편,IH-ENG-9505,"김태연의 이지 잉글리시, 최고의 대화문 150 : 목적 편"
9791165396831,빵빵터지는영어시스템만들기,IH-ENG-9508,빵빵 터지는 영어 시스템 만들기
9791191447026,64만원벌던공부방선생님은어떻게1년만에2억버는영어학원장이되었을까,IH-ENG-9509,64만 원 벌던 공부방 선생님은 어떻게 1년 만에 2억 버는 영어학원장이 되었을까
9791191391190,최진호전공영어영어학advanced,IH-ENG-9510,최진호 전공영어 영어학 Advanced
9791164448777,전공영어멘토영어학,IH-ENG-9511,전공영어 멘토영어학
9788954756105,김태연의이지잉글리시최고의대화문150주제편,IH-ENG-9512,김태연의 이지 잉글리시 최고의 대화문 150: 주제 편
9788968179495,영어학습동기연구의새지평,IH-ENG-9513,영어 학습 동기 연구의 새 지평
9791190700832,최진호영어학intermediate,IH-ENG-9514,최진호 영어학 Intermediate
9791191209020,현서네유튜브영어학습법,IH-ENG-9515,현서네 유튜브 영어 학습법
9788954753920,김태연의이지잉글리시최고의대화문150상황편,IH-ENG-9516,김태연의 이지 잉글리시 최고의 대화문 150: 상황 편
9788954753937,이현석의입이트이는영어최고의스피킹60일상생활편,IH-ENG-9517,이현석의 입이 트이는 영어 최고의 스피킹 60: 일상생활 편
9791165367855,강한영어학원만들기1,IH-ENG-9518,강한 영어학원 만들기 1
9788967280826,기초탄탄영어공부2,IH-ENG-9519,기초탄탄 영어공부 2
9791190179331,오늘하루도걱정없이영어,IH-ENG-9520,"오늘 하루도 걱정 없이, 영어"
9788967280819,기초탄탄영어공부1,IH-ENG-9521,기초탄탄 영어공부 1
9788925414614,한국영어학습자코퍼스와중간언어연구,IH-ENG-9523,한국 영어 학습자 코퍼스와 중간언어 연구
9788986408706,영미인다운영어학습,IH-ENG-9524,영미인다운 영어 학습
9791159054525,영어학자의눈에비친두얼굴의한국어존대법,IH-ENG-9526,영어학자의 눈에 비친 두 얼굴의 한국어 존대법
9791189909093,it개발자의영어필살기,IH-ENG-9529,IT 개발자의 영어 필살기
9788962515527,englishlinguistics영어학basic,IH-ENG-9531,English Linguistics 영어학 Basic
9791196762094,고등고1영어학력평가문제집,IH-ENG-9532,고등 고1 영어 학력 평가문제집(2020)
9791196823702,영어를공부하는이유,IH-ENG-9533,영어를 공부하는 이유
9788965292142,어쩌다13년째영어학원을하고있습니다,IH-ENG-9534,어쩌다 13년째 영어학원을 하고 있습니다
9791189719524,yaybraingamestrainingforkids,IH-ENG-9535,Yay! Brain Games Training for KiDs
9791162997178,한권으로끝내는영어,IH-ENG-9540,한 권으로 끝내는 영어
9788955064674,영문학개론,IH-ENG-9541,(텍스트와 함께하는) 영문학개론
9788946783256,영문인을위한현대영문학개론,IH-ENG-9542,영문인을 위한 현대영문학개론
9788981799892,21세기영문학개론,IH-ENG-9543,21세기 영문학개론
9788987314143,영문학사,IH-ENG-9544,영문학사
9788995392119,영문학사입문,IH-ENG-9546,영문학사 입문
9788955061833,옥스퍼드영문학사,IH-ENG-9547,옥스퍼드 영문학사
9791199776715,영미문학의현대적문제의식,IH-ENG-9554,영미문학의 현대적 문제의식
9791173561788,2027조셉신the영미문학master,IH-ENG-9555,2027 조셉신 THE 영미문학 MASTER
9791192702704,highschoolreadingenglishliterature자습서,IH-ENG-9556,High School Reading English Literature(고등 영미문학읽기) 자습서
9791125988052,고등영미문학읽기자습서평가문제집22개정,IH-ENG-9557,고등 영미문학 읽기 자습서평가문제집(강규한)22개정
9791198299260,영미문학향연,IH-ENG-9558,영미문학 향연
9791163287414,허은성전공영어영미문학,IH-ENG-9559,허은성 전공영어 영미문학
9791173560989,2027the영미문학advanced,IH-ENG-9560,2027 THE 영미문학 ADVANCED
9791173560897,2027조셉신the영미문학edge,IH-ENG-9561,2027 조셉신 THE 영미문학 EDGE
9788971351550,세련된문화인을위한간추린영미문학,IH-ENG-9563,세련된 문화인을 위한 간추린 영미 문학
9791169876223,유희태전공영어영미문학4영미문학문제은행,IH-ENG-9564,유희태 전공영어 영미문학 4 -영미문학 문제은행(제4판)
9791169870580,유희태전공영어영미문학1영미문학개론,IH-ENG-9568,유희태 전공영어 영미문학 1: 영미문학개론
9791167048875,유희태전공영어영미문학3영미문학기출,IH-ENG-9569,유희태 전공영어 영미문학 3: 영미문학 기출
9791192428413,멜라니클라인적관점에서영미문학읽기,IH-ENG-9571,멜라니 클라인적 관점에서 영미문학 읽기
9791192428352,blackprince,IH-ENG-9572,Black Prince
9791167042439,2022유희태영미문학2영미소설의이해,IH-ENG-9573,2022 유희태 영미문학 2: 영미소설의 이해
9788955068412,영미문학의숲과창조적자아,IH-ENG-9574,영미문학의 숲과 창조적 자아
9791191391244,김수아전공영어영미문학readingforliterature2,IH-ENG-9576,김수아 전공영어 영미문학: Reading for Literature 2
9791190700825,김수아영미문학readingforliterature1,IH-ENG-9577,김수아 영미문학: Reading for Literature 1
9788983960702,제인에어,IH-ENG-9580,제인 에어(Jane Eyre)
9788962515510,englishreadingandliterature일반영어영미문학basic,IH-ENG-9585,English Reading and Literature 일반영어 영미문학 Basic
9791160732894,영미문학개관,IH-ENG-9586,영미문학개관
9788984118027,영미문학어떻게읽는가감성과실천,IH-ENG-9589,"영미 문학, 어떻게 읽는가: 감성과 실천"
9791160181449,전공영어일반영어영미문학,IH-ENG-9590,전공영어: 일반영어 영미문학(교원임용)
9788955968262,문학의명장면,IH-ENG-9594,문학의 명장면
9788986964172,tothelighthouse등대로,IH-ENG-9595,TO THE LIGHTHOUSE: 등대로
9788983961815,mrsdalloway,IH-ENG-9599,Mrs.Dalloway(댈러웨이 부인)
9788983124128,영미문학비평과포스트모던이론,IH-ENG-9604,영미문학 비평과 포스트모던이론
9788955066722,알기쉬운영미문학,IH-ENG-9608,알기쉬운 영미문학
9788998534509,영미문학즐겁게읽기,IH-ENG-9613,영미문학 즐겁게 읽기
9791130802459,영미문학비평론,IH-ENG-9616,영미문학비평론
9788941481935,영미문학시리즈,IH-ENG-9621,(유희태) 영미문학 시리즈 (세트)
9788983960542,영미문학68theoldmanandthesea노인과바다,IH-ENG-9622,영미문학 68 The Old Man and the Sea : 노인과 바다
9788991131804,영미문학의길잡이,IH-ENG-9623,영미문학의 길잡이
9788983967831,영미문학산책,IH-ENG-9624,영미문학 산책
9788962490312,영미문학과탈문화,IH-ENG-9625,영미문학과 탈문화
9788997460564,전공영어객관식연습일반영어영미문학,IH-ENG-9626,전공영어 객관식연습: 일반영어 영미문학(2013)
9788961055802,전공영어특강영미문학,IH-ENG-9627,전공영어특강: 영미문학(중등 임용고사 대비)
9788944983412,영미문학비평의이해,IH-ENG-9628,영미문학비평의 이해
9788995749692,영미문학의탐색,IH-ENG-9630,영미문학의 탐색
9788983961433,thesoundandthefury,IH-ENG-9631,The Sound and the Fury
9788994102030,영국문학의지평,IH-ENG-9633,영국문학의 지평
9788983961716,sonsandlovers,IH-ENG-9635,SONS AND LOVERS(영미문학 82)
9788944902918,영미문학과영화,IH-ENG-9639,영미문학과 영화 (5)
9788995749616,영미문학의이해,IH-ENG-9640,영미문학의 이해
9788961051019,영미문학개론,IH-ENG-9641,영미문학개론
9788983122995,영미문학과디지털문화,IH-ENG-9642,영미문학과 디지털 문화
9788983965516,puddnheadwilson,IH-ENG-9643,Puddnhead Wilson (푸든헤드 윌슨)
8991004792,영미문학이것만은알고가자,IH-ENG-9644,영미문학 이것만은 알고 가자!
9788991245624,박태영step일반영어영미문학,IH-ENG-9645,박태영 step 일반영어/영미문학
9788944902093,seeingmedicinethroughenglishliterature,IH-ENG-9646,SEEING MEDICINE THROUGH ENGLISH LITERATURE
9788983965233,womeninlove,IH-ENG-9647,Women in Love (사랑하는 여인)
9788983964380,theblithedaleromance,IH-ENG-9648,THE BLITHEDALE ROMANCE (영미문학 91)
9788983965257,modrenpoetry,IH-ENG-9649,Modren Poetry
9788983965110,theassistant점원,IH-ENG-9650,THE ASSISTANT: 점원
9788986964202,영미문학15aportraitoftheartistasayoung젊은예술가의초상,IH-ENG-9651,영미문학 15 A Portrait of the Artist as a Young : 젊은 예술가의 초상
9788983961525,영미문학시리즈영미문학83thefrenchlieutenantswoman,IH-ENG-9652,영미문학 시리즈 영미문학 83 The French Lieutenant's Woman(프랑스 중위의 여자)
9788983964755,lordoftheflies,IH-ENG-9654,LORD OF THE FLIES (파리대왕) (영미문학 86)
9788955062342,영미문학을읽는새로운패러다임,IH-ENG-9655,영미문학을 읽는 새로운 패러다임
9788957261668,영미문학과동양정신,IH-ENG-9656,영미문학과 동양정신
9788986964950,영미문학8greatgatsby위대한개츠비,IH-ENG-9657,영미문학 8 Great Gatsby : 위대한 개츠비
9788983964533,영미문학51theawakening자각,IH-ENG-9658,영미문학 51 The Awakening : 자각
9788952104946,텍스트의욕망정신분석과영미문학텍스트일기,IH-ENG-9659,텍스트의 욕망:정신분석과 영미문학 텍스트 일기
9788983964410,영미문학사,IH-ENG-9660,영미문학사
9798983962309,영미문학27selectedenglishcriticaltexts영문학비평선,IH-ENG-9661,영미문학 27 Selected English Critical Texts : 영문학 비평선
9788955061789,들뢰즈철학과영미문학읽기,IH-ENG-9662,들뢰즈 철학과 영미문학 읽기
9788986964660,영미문학17silasmarner사이너스마너,IH-ENG-9664,영미문학 17 Silas Marner : 사이너스 마너
9798983962194,thebell,IH-ENG-9665,THE BELL
9798983962163,sula,IH-ENG-9666,SULA
9788983960856,영미문학53bestshortstories1근대영미단편선1,IH-ENG-9667,영미문학 53 Best Short Stories 1 : 근대영미단편선 1
8944901414,영미문학비평,IH-ENG-9668,영미문학비평
9788977359574,영미문학자세히읽기,IH-ENG-9669,영미문학 자세히 읽기
9788983962041,영미문학75asentimentaljourney,IH-ENG-9670,영미문학 75 A SENTIMENTAL JOURNEY(감성여행 75)
9788986964042,영미문학24thescarletletter주홍글씨,IH-ENG-9672,영미문학 24 The Scarlet Letter : 주홍글씨
9788983962058,understandingshortstories,IH-ENG-9673,Understanding Short Stories
9788986964059,dubliners더블린사람들,IH-ENG-9674,Dubliners: 더블린 사람들
9788983962034,thehistoryoftheadventuresofjosephandrews,IH-ENG-9675,THE HISTORY OF THE ADVENTURES OF JOSEPH ANDREWS(조셉 앤드류즈)
9788986964844,영미문학35apassagetoindia인도에의길,IH-ENG-9676,영미문학 35 A Passage to India : 인도에의 길
9788977359178,영미문학연구,IH-ENG-9677,영미문학연구
9798983961906,asilaydying,IH-ENG-9678,AS I LAY DYING (영미문학 39)
9788983961914,영미문학61modernpoetry현대영미시선,IH-ENG-9679,영미문학 61 Modern Poetry : 현대 영미시선
9788983961884,tristramshandy1,IH-ENG-9680,TRISTRAM SHANDY 1(영미문학79)
9788983961891,tristramshandy2,IH-ENG-9681,TRISTRAM SHANDY 2(영미문학80)
8936483102,영미문학의길잡이2,IH-ENG-9682,영미문학의 길잡이 2 (미국문학과 비평이론)
9788955061116,영미문학영화로읽기,IH-ENG-9683,영미문학 영화로 읽기
8936483099,영미문학의길잡이1,IH-ENG-9684,영미문학의 길잡이 1 (영국문학)
9788983961822,영미문학59myantonia나의안토니아,IH-ENG-9685,영미문학 59 My Antonia : 나의 안토니아
9788986964271,영미문학62modernessays현대수필선,IH-ENG-9686,영미문학 62 Modern Essays : 현대수필선
9788983961396,theredponythepeari,IH-ENG-9687,THE RED PONY/THE PEARI
9788983965134,thebearandotherstories,IH-ENG-9688,The Bear and Other Stories (포크너 단편선)
9788983965172,mollflanders,IH-ENG-9689,Moll Flanders (몰 플란더즈)
9788983961303,20세기영미문학의이해,IH-ENG-9691,20세기 영미문학의 이해
9788983961112,theredbadgeofcourageandotherstories붉은훈장,IH-ENG-9692,THE RED BADGE OF COURAGE AND OTHER STORIES :붉은 훈장(영미문학 33)
9788986961112,영미문학33theredbadgeofcourage붉은훈장,IH-ENG-9693,영미문학 33 The Red Badge of Courage : 붉은 훈장
9788983961013,실용영미문학비평,IH-ENG-9694,실용 영미문학 비평
9791138392501,시대에듀독학사영어영문학과34단계20세기영미소설,IH-ENG-9729,시대에듀 독학사 영어영문학과 3·4단계 20세기 영미소설
9791138381932,시대에듀독학사영어영문학과24단계19세기영미소설,IH-ENG-9730,시대에듀 독학사 영어영문학과 2·4단계 19세기 영미소설
9791199071810,디지털시대의이야기들,IH-ENG-9731,디지털 시대의 이야기들
9791198392466,강의실밖으로나온영미소설,IH-ENG-9732,강의실 밖으로 나온 영미소설
9791193320105,근대의여행과모험그리고서사,IH-ENG-9733,근대의 여행과 모험 그리고 서사
9791193320099,근대영미소설속질병재난공동체,IH-ENG-9734,"근대영미소설 속 질병, 재난, 공동체"
9788955068283,영미소설과영화의만남,IH-ENG-9739,영미 소설과 영화의 만남
9791158903558,네이티브스피커,IH-ENG-9740,네이티브 스피커
9788983963727,영미소설속장르,IH-ENG-9741,영미 소설 속 장르
9788983963734,20세기영국소설강의,IH-ENG-9742,20세기 영국소설 강의
9788983963741,20세기미국소설강의,IH-ENG-9743,20세기 미국소설 강의
9788955068092,부커상과영소설의자취50년,IH-ENG-9744,부커상과 영소설의 자취 50년
9791158902995,오늘을잡아라점원,IH-ENG-9745,오늘을 잡아라 점원
9791188350056,영미소설과도시인문학,IH-ENG-9746,영미소설과 도시인문학
9791158902513,분노의포도,IH-ENG-9747,분노의 포도
9791186778135,영미소설명장면읽기,IH-ENG-9748,영미소설 명장면 읽기
9791158901691,소음과분노,IH-ENG-9749,소음과 분노
9788983969248,공포와일탈의상상력,IH-ENG-9751,공포와 일탈의 상상력
9788955066661,영미소설과영화의상호텍스트성연구,IH-ENG-9752,영미소설과 영화의 상호텍스트성 연구
9788983969095,기억과회복의서사,IH-ENG-9753,기억과 회복의 서사
9788994045153,stepbystep영미소설을통해배우는영문법,IH-ENG-9755,Step by Step 영미소설을 통해 배우는 영문법
9788983968760,미국소설과서술기법,IH-ENG-9756,미국소설과 서술기법
9788983968227,상처와치유의서사,IH-ENG-9757,상처와 치유의 서사
9788983967824,영어권탈식민주의소설연구,IH-ENG-9758,영어권 탈식민주의 소설연구
9788983967367,세상이야기,IH-ENG-9759,세상이야기
9788993047141,19세기영미소설과젠더,IH-ENG-9760,19세기 영미소설과 젠더
9788955064575,역사속의영미소설,IH-ENG-9761,역사속의 영미소설
9788994102061,현대영미소설,IH-ENG-9762,현대 영미소설
9788983966735,사랑이야기,IH-ENG-9763,사랑이야기
9788984481336,영미소설의이해,IH-ENG-9764,영미소설의 이해
9788995911181,영미소설의서술방법과구조,IH-ENG-9765,영미소설의 서술방법과 구조
9788955062991,토머스핀천,IH-ENG-9766,토머스 핀천
9788973006588,주홍글자,IH-ENG-9767,주홍글자 (서숙 교수의 영미소설 특강 1)
9788983965004,모비딕,IH-ENG-9768,모비딕
9788983964779,트리스트람섄디,IH-ENG-9769,트리스트람 섄디
9788983964731,폭풍의언덕,IH-ENG-9770,폭풍의 언덕
9788988996416,현대영미소설의이해,IH-ENG-9771,현대 영미소설의 이해
9788983964397,19세기미국소설강의,IH-ENG-9772,19세기 미국소설 강의
9788952103734,페미니즘시각에서영미소설읽기,IH-ENG-9773,페미니즘 시각에서 영미소설 읽기
9791193320518,aichatgpt와20세기영미시읽기,IH-ENG-9786,AI·ChatGPT와 20세기 영 미시 읽기
9788920050312,영미시,IH-ENG-9787,영미시
9791138346115,sd에듀독학사영어영문학과3단계20세기영미시,IH-ENG-9792,SD에듀 독학사 영어영문학과 3단계 20세기 영미시
9791138331630,독학사2단계영어영문학과19세기영미시,IH-ENG-9793,독학사 2단계 영어영문학과 19세기 영미시
9788955068337,영미시와그리스로마신화,IH-ENG-9798,영미시와 그리스 로마 신화
9788983963642,현대영미시의이해작가별로읽기,IH-ENG-9799,현대 영미시의 이해: 작가별로 읽기
9788968177477,대지의노래,IH-ENG-9800,대지의 노래
9788993994261,영미시문학의이해,IH-ENG-9801,영미 시문학의 이해
9788968174599,사랑의무게,IH-ENG-9802,사랑의 무게
9788983969521,20세기영미시와실용영어교육,IH-ENG-9803,20세기 영미시와 실용 영어교육
9788955067040,20세기영미시인순례,IH-ENG-9804,20세기 영미시인 순례
9791186778036,영미시로의초대,IH-ENG-9805,영미시로의 초대
9788955066760,영미시의감상과이해,IH-ENG-9807,영미시의 감상과 이해
9788959711079,19세기영미시이해,IH-ENG-9810,19세기 영미시 이해
9791157660490,20세기영미시들여다보기풀어야할삶의과제들,IH-ENG-9811,20세기 영미시 들여다 보기: 풀어야 할 삶의 과제들
9788955066333,영미시의정수,IH-ENG-9812,영미시의 정수
9788955065572,영미시에나타난참을수없는존재의가벼움과무거움그아리아드네적전망,IH-ENG-9814,영미시에 나타난 참을수 없는 존재의 가벼움과 무거움: 그 아리아드네적 전망
9788955065374,현대영미여성시의이해,IH-ENG-9815,현대영미 여성시의 이해
9788993047349,영미시오디세이,IH-ENG-9817,영미시 오디세이
9788955065121,영미시이해와해석,IH-ENG-9818,영미시 이해와 해석
9788955064711,21세기문화콘텐츠를위한영미시와철학문화,IH-ENG-9820,21세기 문화콘텐츠를 위한 영미시와 철학문화
9788926819043,영미시와과학문화,IH-ENG-9821,영미 시와 과학문화
9788955064476,21세기교양인을위한영미시와문화이론,IH-ENG-9822,21세기 교양인을 위한 영미시와 문화이론
9788992362832,현대영미시산책,IH-ENG-9823,현대 영미시 산책
9788955064087,영미시이해와감상,IH-ENG-9824,영미시 이해와 감상
9788993047059,포스트모던시대의영미시,IH-ENG-9825,포스트모던 시대의 영미시
9788993047035,19세기영미시인들의소통에대한욕구,IH-ENG-9830,19세기 영미시인들의 소통에 대한 욕구
9788955063561,영미시즐기기,IH-ENG-9831,영미시 즐기기
9788959470372,영미시작가론,IH-ENG-9837,영미시 작가론(상)
9791143010803,원서발췌언어학개론,IH-ENG-9856,원서발췌 언어학 개론(큰글자책)
9791162265109,언어학개론,IH-ENG-9857,언어학개론
9788968178337,언어풀어쓴언어학개론,IH-ENG-9858,언어: 풀어쓴 언어학 개론
9791130450704,언어학개론천줄읽기,IH-ENG-9859,언어학개론 천줄읽기(큰글씨책)
9788957268421,코퍼스언어학개론,IH-ENG-9863,코퍼스 언어학개론
9788959664054,인지언어학개론,IH-ENG-9864,인지언어학 개론(개정판)
9788957262061,텍스트언어학개론,IH-ENG-9866,텍스트언어학 개론
8974071266,사회언어학개론,IH-ENG-9867,사회언어학 개론
9788955868319,소쉬르의일반언어학강의읽기,IH-ENG-9869,소쉬르의 일반언어학 강의 읽기(큰글자책)
9788976826978,일반언어학강의,IH-ENG-9870,일반언어학 강의
9788976828354,소쉬르의2차일반언어학강의190809,IH-ENG-9871,소쉬르의 2차 일반언어학 강의: 1908~09
9788976828804,소쉬르의3차일반언어학강의191011,IH-ENG-9872,소쉬르의 3차 일반언어학 강의: 1910~11
9788976828774,소쉬르의1차일반언어학강의1907,IH-ENG-9873,소쉬르의 1차 일반언어학 강의: 1907
9788937416330,소쉬르의마지막강의,IH-ENG-9874,소쉬르의 마지막 강의
9791130454702,일반언어학의여러문제2천줄읽기,IH-ENG-9875,일반언어학의 여러 문제 2 천줄읽기(큰글씨책)
9791130455716,일반언어학의여러문제2,IH-ENG-9876,일반언어학의 여러 문제 2(큰글씨책)
9791130455709,일반언어학의여러문제1,IH-ENG-9877,일반언어학의 여러 문제 1(큰글씨책)
9791130453095,일반언어학의여러문제1천줄읽기,IH-ENG-9878,일반언어학의 여러 문제 1 천줄읽기(큰글씨책)
9791130412443,일반언어학의여러문제,IH-ENG-9879,일반언어학의 여러 문제 (세트)
9788974184117,일반언어학노트,IH-ENG-9880,일반언어학 노트
9791124168127,응용언어학연구에서의정체성,IH-ENG-9885,응용언어학 연구에서의 정체성
9791158526061,포스트휴머니즘응용언어학지금어디로,IH-ENG-9886,포스트휴머니즘 응용언어학 지금 어디로?
9791158524128,포스트휴머니즘응용언어학,IH-ENG-9887,포스트휴머니즘 응용언어학
9788968178719,응용언어학질적연구방법론이론과실제,IH-ENG-9888,응용언어학 질적 연구 방법론: 이론과 실제
9788992613446,응용언어학의이해,IH-ENG-9890,응용언어학의 이해
9788975989926,영어교육과응용언어학연구를위한spss의활용,IH-ENG-9891,영어교육과 응용언어학 연구를 위한 SPSS의 활용
9788959319251,표시과목영어의교사자격기준개발과평가영역상세화및수업능력평가연구,IH-ENG-9892,표시과목 「영어」의 교사 자격 기준 개발과 평가 영역 상세화 및 수업 능력 평가 연구
9788957262610,영어학의최근논점3,IH-ENG-9893,영어학의 최근 논점 3 (의미론 응용언어학)
8973313843,응용언어학,IH-ENG-9894,응용언어학
9788978784559,언어평가,IH-ENG-9895,언어평가 (PAAL응용 언어학 번역총서 1)
8989191173,응용언어학사전,IH-ENG-9896,응용언어학사전
9791138374484,시대에듀독학사영어영문학과2단계영어음성학,IH-ENG-9898,시대에듀 독학사 영어영문학과 2단계 영어음성학
9791159712043,영어음성학,IH-ENG-9899,영어음성학
9788983962560,영어음성학의이해,IH-ENG-9900,영어 음성학의 이해
9788977946620,영어음성학및음운론기초,IH-ENG-9901,영어 음성학 및 음운론 기초
9788968172076,영어음성학과발음지도,IH-ENG-9902,영어음성학과 발음지도
9788964495582,어려운영어음성학을쉽게풀어쓴실용영어발음학습사전,IH-ENG-9903,어려운 영어음성학을 쉽게 풀어 쓴 실용 영어발음 학습사전
9788984775060,실용영어음성학,IH-ENG-9904,실용영어 음성학
9788947243315,현대영어음성학,IH-ENG-9906,현대영어음성학
9788961690942,핵심영어음성학,IH-ENG-9907,핵심 영어음성학
9788992129145,영어음성학과음운론,IH-ENG-9908,영어 음성학과 음운론
9788984150706,쉽게배우는영어음성학,IH-ENG-9909,쉽게 배우는 영어 음성학
8995377666,미국영어음성학,IH-ENG-9911,미국영어음성학
9788983962065,영어음성학의이론과실제,IH-ENG-9912,영어 음성학의 이론과 실제
9791160733952,영어음운론,IH-ENG-9913,영어음운론
9788983969989,응용영어음운론,IH-ENG-9914,응용영어음운론
9788984210356,영어음운론의이해,IH-ENG-9915,영어 음운론의 이해
9791138377386,시대에듀독학사영어영문학과3단계영어통사론,IH-ENG-9919,시대에듀 독학사 영어영문학과 3단계 영어통사론
9788968176814,영어통사론그리고논증,IH-ENG-9920,영어통사론 그리고 논증
9788976419095,영어통사론,IH-ENG-9921,영어 통사론
9788975994289,현대영어통사론,IH-ENG-9923,현대 영어 통사론
9788957613245,핵심영어통사론,IH-ENG-9924,핵심영어통사론
9788955063486,영어통사론입문,IH-ENG-9925,영어 통사론 입문
9788957611319,영어통사론이해,IH-ENG-9926,영어 통사론 이해
9788988395752,영어통사론학습,IH-ENG-9927,영어통사론 학습
9788957260050,영어통사론의이해,IH-ENG-9928,영어통사론의 이해
9788977358782,논항구조와영어통사론,IH-ENG-9929,논항구조와 영어 통사론
9788984210417,변형문법이론과영어통사론1,IH-ENG-9931,변형문법이론과 영어통사론 1
8984210404,변형문법이론과영어통사론,IH-ENG-9932,변형문법이론과 영어통사론 (전2권)
9788980993628,영어의미론,IH-ENG-9935,영어의미론
8944901112,신영어의미론,IH-ENG-9936,신 영어의미론
9791158525095,한국어변이사회언어학연구의통계분석방법론,IH-ENG-9939,한국어 변이사회언어학 연구의 통계 분석 방법론
9791167071583,언어다양성과불평등,IH-ENG-9940,언어 다양성과 불평등
9791168949577,미끄러지는말들,IH-ENG-9941,미끄러지는 말들
9791158523022,한국사회언어학연구30년의성과와과제,IH-ENG-9942,한국 사회언어학 연구 30년의 성과와 과제
9791190205320,언어정책사회언어학의핵심주제,IH-ENG-9943,언어 정책: 사회언어학의 핵심 주제
9791190635035,거리의언어학,IH-ENG-9944,거리의 언어학
9788997496587,사회언어학의이해,IH-ENG-9945,사회언어학의 이해
9791189946005,사회언어학과서로다른리터러시,IH-ENG-9946,사회 언어학과 서로 다른 리터러시
9788983969767,글로벌영어와문화의사회언어학적이해,IH-ENG-9947,글로벌 영어와 문화의 사회언어학적 이해
9791156868996,한국어경어법의사회언어학적연구,IH-ENG-9948,한국어 경어법의 사회언어학적 연구
9791185650722,사회언어학언어와사회그리고문화,IH-ENG-9951,"사회언어학: 언어와 사회, 그리고 문화"
9788965370635,한일커뮤니케이션행동에관한사회언어학적연구,IH-ENG-9952,한일커뮤니케이션행동에 관한 사회언어학적 연구
9788968490811,사회언어학의질적연구방법,IH-ENG-9953,사회언어학의 질적 연구방법
9788993454666,사회언어학사전,IH-ENG-9954,사회언어학 사전
9788955562842,중국청도조선족언어의사회언어학적연구,IH-ENG-9955,중국 청도 조선족 언어의 사회언어학적 연구
9788974646974,아프리카사회언어학,IH-ENG-9956,아프리카 사회언어학
9788992258876,사회언어학,IH-ENG-9957,사회언어학
9788956685960,사회언어학의전망,IH-ENG-9959,사회언어학의 전망
9788957264843,일본사회언어학의초대,IH-ENG-9960,일본 사회언어학의 초대
9788995834756,사회언어학적코퍼스분석의실제,IH-ENG-9961,사회언어학적 코퍼스 분석의 실제
8981073570,사회언어학적조사와연구방법,IH-ENG-9962,사회언어학적 조사와 연구 방법
9788977359710,문화와의사소통의사회언어학,IH-ENG-9963,문화와 의사소통의 사회언어학
9788976414489,언어간의사소통의사회언어학,IH-ENG-9964,언어간 의사소통의 사회언어학
9788976414373,번역의사회언어학적기반,IH-ENG-9965,번역의 사회언어학적 기반
8984330728,재미있는사회언어학,IH-ENG-9966,재미있는 사회언어학
8977357748,일반사회언어학,IH-ENG-9967,일반사회언어학
9791128882142,심리언어학말과마음의학문,IH-ENG-9970,"심리언어학, 말과 마음의 학문"
9788957266632,심리언어학,IH-ENG-9971,심리언어학
9791174911377,현직교사곰쌤의임용전공영어1차기분최고thinkaloud1영어교육론,IH-ENG-9974,현직 교사 곰쌤의 임용 전공영어 1차 기분최고 THINK ALOUD 1: 영어교육론
9791175199897,newbuildup박현수영어교육론5beyondthebank,IH-ENG-9975,New Build Up 박현수 영어교육론 5: Beyond the Bank
9791173841255,2027권영주영어교육론임용기출문제해설서,IH-ENG-9976,2027 권영주 영어교육론 임용 기출문제 해설서
9791173561009,2027조셉신the영어교육론practical,IH-ENG-9977,2027 조셉신 THE 영어교육론 PRACTICAL
9791173841088,2027권영주전공영어영어교육론mindmap,IH-ENG-9978,2027 권영주 전공 영어 영어교육론 MIND MAP
9791173841071,2027권영주영어교육론keywordsatoz,IH-ENG-9979,2027 권영주 영어 교육론 KEYWORDS A to Z
9791163287452,허은성전공영어영어교육론,IH-ENG-9980,허은성 전공영어 영어교육론
9791173560996,2027the영어교육론edge,IH-ENG-9981,2027 THE 영어교육론 EDGE
9791172629465,newbuildup박현수영어교육론문제은행,IH-ENG-9982,New Build Up 박현수 영어교육론 Ⅳ 문제은행 (전2권)
9791172627928,newbuildup박현수영어교육론기출문제,IH-ENG-9984,New Build Up 박현수 영어교육론 Ⅲ 기출문제(전 2권)
9791172625023,newbuildup박현수영어교육론,IH-ENG-9987,New Build Up 박현수 영어교육론 Ⅱ (제1판)
9791172624163,newbuildup박현수영어교육론제1판,IH-ENG-9988,New Build Up 박현수 영어교육론 Ⅰ[제1판](전2권)
9788963369631,2026권영주임용전공영어교육론,IH-ENG-9989,2026 권영주 임용전공 영어교육론
9788962362480,알기쉬운영어교육론,IH-ENG-9990,알기 쉬운 영어교육론
9791193644294,조셉신the통합영어교육론,IH-ENG-9991,조셉 신 THE 통합 영어교육론
9788963368818,2025권영주영어교육론기출문제해설서,IH-ENG-9992,2025 권영주 영어교육론 기출문제 해설서
9791198221117,ivision영어교육론,IH-ENG-9997,iVision 영어교육론
9791191419252,어린이영어교육론,IH-ENG-10004,어린이 영어교육론
9791158522872,영어교과논리및논술,IH-ENG-10014,영어교과 논리 및 논술
9791156830566,영어교육론논술형연습서,IH-ENG-10043,영어교육론 논술형 연습서(2015)
9788967730604,권영주임용영어교육론서답형문제해설집,IH-ENG-10047,권영주 임용 영어교육론 서답형 문제해설집(2014)
9788955065022,아동영어교육론,IH-ENG-10051,아동영어 교육론
9788991307988,영어교육론basic,IH-ENG-10055,(휴머니즘) 영어교육론 basic
8956431825,영어교육론buildup,IH-ENG-10056,(형설 박현수) 영어교육론 build-up (2)
9788957262146,21세기멀티미디어영어교육론,IH-ENG-10057,21세기 멀티미디어 영어교육론
8957262148,멀티미디어영어교육론,IH-ENG-10059,(21세기)멀티미디어 영어교육론
8956431272,박현수영어교육론buildup,IH-ENG-10060,박현수 영어교육론 build-up
8955710313,영미문학영어교육론,IH-ENG-10061,"영·미문학 , 영어교육론"
9788981790707,멀티미디어기반초중등영어교육론,IH-ENG-10062,멀티미디어 기반 초.중등 영어교육론
9788920041792,영어교수법,IH-ENG-10064,영어교수법
9788924080193,임용시험을위한영어교수법,IH-ENG-10065,임용 시험을 위한 영어 교수법
9788926827239,글로벌태권도사범을위한영어교수법2실제편,IH-ENG-10066,글로벌 태권도 사범을 위한 영어교수법 2: 실제편
9788926827215,글로벌태권도사범을위한영어교수법1기초편,IH-ENG-10067,글로벌 태권도 사범을 위한 영어교수법 1: 기초편
9788926827192,글로벌태권도사범을위한영어교수법,IH-ENG-10068,글로벌 태권도 사범을 위한 영어교수법 (set)
9788983966599,교사를위한영어교수법,IH-ENG-10069,교사를 위한 영어교수법
8989054176,영어교수법의이론과실제,IH-ENG-10071,영어교수법의 이론과 실제
8987002225,영어교수법연구,IH-ENG-10072,영어교수법 연구
9791167420329,제2언어습득,IH-ENG-10073,제2언어 습득
9791158523138,연결주의와제2언어습득,IH-ENG-10074,연결주의와 제2언어 습득
9791160733921,제2언어습득과외국어학습,IH-ENG-10075,제2언어 습득과 외국어 학습
9788968177781,제2언어습득의원리와연구동향,IH-ENG-10076,제2언어 습득의 원리와 연구 동향
9788956681979,제2언어습득학습전략,IH-ENG-10078,제2언어 습득 학습전략
9788961057370,제2언어습득의이해,IH-ENG-10080,제2언어 습득의 이해
9791112071590,podtranslationdictionary,IH-ENG-10085,[POD] Translation Dictionary
9788997134670,실전의료한국어통번역2,IH-ENG-10086,실전! 의료 한국어 통번역 2
9788997134663,실전의료한국어통번역1,IH-ENG-10087,실전! 의료 한국어 통번역 1
9791199201804,podthngbindchbusinesshnvit01,IH-ENG-10088,[POD] Thông Biên Dịch Business Hàn Việt 01 (컬러판)
9791199201828,pod한베비즈니스통번역01,IH-ENG-10089,[POD] 한베 비즈니스 통번역 01 (흑백판)
9791169193047,ai와통번역의미래,IH-ENG-10090,AI와 통번역의 미래
9791191957297,한국어통번역사를위한ai번역의이해,IH-ENG-10091,한국어 통번역사를 위한 AI 번역의 이해
9791167480897,외국어로서의한국어통번역학의이해,IH-ENG-10092,외국어로서의 한국어통번역학의 이해
9791196944636,올어바웃통번역사2,IH-ENG-10093,올 어바웃 통번역사 2
9791159018749,통번역교육을위한기본개념과모델,IH-ENG-10094,통번역 교육을 위한 기본 개념과 모델
9791159017896,통번역과인지,IH-ENG-10097,통번역과 인지
9791190175142,한중의료통번역입문,IH-ENG-10098,한중 의료 통번역 입문
9791196944629,올어바웃통번역사,IH-ENG-10099,올 어바웃 통번역사
9788968177705,통번역학요론,IH-ENG-10100,통번역학 요론
9791158522353,iittjuniorlevel78,IH-ENG-10101,IITT Junior: Level 7-8
9791158522360,iittjuniorlevel56,IH-ENG-10102,IITT Junior: Level 5-6
9791125428800,비즈니스영어통번역,IH-ENG-10103,비즈니스 영어 통번역(영한편)
9791125441472,비즈니스중국어통번역,IH-ENG-10104,비즈니스 중국어 통번역(중한편)
9788960496460,사용빈도1억영어실수백신,IH-ENG-10105,사용빈도 1억 영어실수 백신
9791159012389,통번역학에서의시험과평가,IH-ENG-10106,통번역학에서의 시험과 평가
9791125432234,비즈니스영어통번역한영편,IH-ENG-10107,비즈니스 영어 통번역: 한영편(2017)
9788924043099,해군실무프랑스어통번역,IH-ENG-10108,해군 실무 프랑스어 통번역
9788968174032,통번역의이해와수행,IH-ENG-10109,통번역의 이해와 수행
9791159010750,통번역학연구입문,IH-ENG-10110,통번역학 연구 입문
9791159010637,통번역과정연구방법및전략,IH-ENG-10111,통번역 과정 연구 방법 및 전략
9788974640064,통번역과정의심층탐구,IH-ENG-10112,통번역 과정의 심층 탐구
9788961830171,통번역학이론과실제,IH-ENG-10113,통번역학 이론과 실제
9788974649210,통번역의사회문화적측면,IH-ENG-10114,통번역의 사회문화적 측면
9788974649166,통번역학연구문제점과향후방향,IH-ENG-10115,통번역학: 연구 문제점과 향후 방향
9788967600297,영어통번역정복지침서,IH-ENG-10116,영어 통번역 정복 지침서
9788974827939,국제회의용어사전,IH-ENG-10117,국제회의 용어사전
9788968170454,통번역학연구현황과향후전망2,IH-ENG-10118,통번역학 연구 현황과 향후 전망 2
9788968170447,통번역학연구현황과향후전망1,IH-ENG-10119,통번역학 연구 현황과 향후 전망 1
9788974648190,통번역사교육abc,IH-ENG-10120,통번역사 교육 ABC
9788980814039,영한통번역,IH-ENG-10124,영한 통번역 (세트)
9788968170430,통번역학연구현황과향후전망,IH-ENG-10125,통번역학 연구 현황과 향후 전망 (세트)
9788980814053,한영통번역,IH-ENG-10126,한영 통번역 (2)
9788994632698,중국어어법의끝,IH-ENG-10127,중국어 어법의 끝
9788983123589,말레이시아어통번역패턴집,IH-ENG-10128,말레이시아어 통번역 패턴집
9788957269510,통번역입문,IH-ENG-10129,통번역입문
9788984104259,일본어권의료관광통번역연습,IH-ENG-10130,일본어권 의료관광 통번역 연습
9788984104235,영어권의료관광통번역연습,IH-ENG-10131,영어권 의료관광 통번역 연습
9788984104228,중국어권의료관광통번역연습,IH-ENG-10132,중국어권 의료관광 통번역연습
9788974646691,한국외국어대학교통번역대학원입학시험문제집,IH-ENG-10133,한국외국어대학교 통번역대학원 입학시험문제집(2011)
9788980803750,통번역과언어습득,IH-ENG-10134,통번역과 언어습득
9788974646127,법률통번역입문,IH-ENG-10135,법률통번역 입문
9788974644970,통번역대학원입학시험문제집2008,IH-ENG-10137,통번역대학원 입학시험문제집 2008
9788996070429,통번역교육방법론,IH-ENG-10138,통번역 교육방법론
9788957262399,통번역과등가,IH-ENG-10141,통번역과 등가 (통역번역학 시리즈 5)
9791199776739,생성형ai시대의영어교육번역학문학연구,IH-ENG-10143,생성형 AI 시대의 영어교육·번역학·문학연구
9791193320501,번역학입문강의노트,IH-ENG-10144,번역학 입문 강의 노트
9791169191845,텍스트중심번역학,IH-ENG-10145,텍스트중심 번역학
9791159019760,번역학입문이론과적용,IH-ENG-10146,번역학 입문: 이론과 적용
9791159019197,생각을키우는번역학수업,IH-ENG-10147,생각을 키우는 번역학 수업
9791191161014,번역과문예학,IH-ENG-10148,번역과 문예학
9791190205603,번역,IH-ENG-10149,번역
9788984215160,번역학과국어학의대화,IH-ENG-10150,번역학과 국어학의 대화
9791155167533,번역학연구와코퍼스문체론,IH-ENG-10151,번역학 연구와 코퍼스 문체론
9788955066739,번역학연구방법론,IH-ENG-10152,번역학 연구방법론
9791185736181,한국고전번역학의구성과모색2,IH-ENG-10153,한국 고전번역학의 구성과 모색 2
9788974648985,번역학과번역철학,IH-ENG-10154,번역학과 번역철학
9791195028238,한국고전번역학의구성과모색,IH-ENG-10155,한국 고전번역학의 구성과 모색
9788978013352,번역학무엇을연구하는가,IH-ENG-10156,번역학 무엇을 연구하는가
9788977757493,번역에서번역학으로,IH-ENG-10157,번역에서 번역학으로
9788957268834,문장부호의번역학,IH-ENG-10158,문장부호의 번역학
9788973008926,번역학발전사,IH-ENG-10159,번역학 발전사
9788957267325,신번역학논고,IH-ENG-10160,신번역학논고
9788955063899,대조언어학과번역학의코퍼스기반방법론연구,IH-ENG-10162,대조 언어학과 번역학의 코퍼스기반 방법론 연구
9788934806431,번역학백과사전,IH-ENG-10163,(라우트리지) 번역학 백과사전
9788955063653,코퍼스기반번역학이론연구결과응용,IH-ENG-10164,"코퍼스기반 번역학: 이론, 연구결과, 응용"
9788995112090,번역학연구의길잡이,IH-ENG-10166,번역학 연구의 길잡이
8974644266,번역학비판,IH-ENG-10167,번역학 비판
9788957262801,말바꾸기,IH-ENG-10168,말 바꾸기 (번역학 입문)
9788934806301,번역학이론과실제,IH-ENG-10169,번역학 이론과 실제
8934806303,번역학,IH-ENG-10170,번역학
9788976414687,불어와영어의비교문체론,IH-ENG-10171,불어와 영어의 비교문체론
9788976414168,번역과번역하기,IH-ENG-10172,번역과 번역하기(번역학총서1)
9788992835190,저절로외워지는영어,IH-ENG-10175,저절로 외워지는 영어
9788992835183,문형으로배우는어린이영어,IH-ENG-10176,문형으로 배우는 어린이영어
9791124374108,로버트쇼의동투르크스탄어영어사전역주,IH-ENG-10177,로버트 쇼(Robert B. Shaw)의 동투르크스탄어-영어 사전 역주
9791194065593,교과세특영어사례유형작성법,IH-ENG-10178,교과세특 영어 사례유형 작성법
9788992835176,영어문형학습법,IH-ENG-10179,영어문형학습법
9791194132448,20263월반배치학력평가중간고사대비예비고1전과목2개년12회,IH-ENG-10180,2026 3월 반배치+학력평가+중간고사 대비 예비 고1 전과목 (국어 수학 영어 사회 한국사 과학) 2개년 12회
9791194132455,20263월반배치학력평가중간고사대비예비고1전과목3개년18회,IH-ENG-10181,2026 3월 반배치+학력평가+중간고사 대비 예비 고1 전과목 (국어 수학 영어 사회 한국사 과학) 3개년 18회
9791194132462,20263월반배치학력평가중간고사대비예비고1전과목5개년30회,IH-ENG-10182,2026 3월 반배치+학력평가+중간고사 대비 예비 고1 전과목 (국어 수학 영어 사회 한국사 과학) 5개년 30회
9791198769381,20263월반배치학력평가중간고사대비예비고1전과목6개년36회,IH-ENG-10183,2026 3월 반배치+학력평가+중간고사 대비 예비 고1 전과목 (국어 수학 영어 사회 한국사 과학) 6개년 36회
9791124178157,20263월대비전국연합학력평가기출모의고사1개년6회예비고1전과목,IH-ENG-10184,2026 3월 대비 전국연합 학력평가 기출 모의고사 1개년 6회(국어 수학 영어 사회 한국사 과학) 예비 고1 전과목
9791124178188,20263월대비전국연합학력평가기출모의고사6개년36회예비고1전과목,IH-ENG-10185,2026 3월 대비 전국연합 학력평가 기출 모의고사 6개년 36회(국어 수학 영어 사회 한국사 과학) 예비 고1 전과목
9791169193177,쉽게읽는영어사,IH-ENG-10186,쉽게 읽는 영어사
9788992835169,성경으로배우는영어2,IH-ENG-10187,성경으로 배우는 영어 2
9788992835152,성경으로배우는영어1,IH-ENG-10188,성경으로 배우는 영어 1
9791185719344,탑보카시험장어휘1500,IH-ENG-10189,탑보카(Top Voca) 시험장 어휘 1500
8809316334241,첫영어사전,IH-ENG-10190,첫 영어 사전
9791198191366,아제르바이잔어한국어영어사전,IH-ENG-10191,아제르바이잔어-한국어-영어 사전
9791185719337,탑보카2전치사콜로케이션,IH-ENG-10192,탑보카(Top Voca) 2: 전치사 & 콜로케이션
9791198648907,미국tv방송청취시청영어사전,IH-ENG-10194,미국TV(Television) 방송 청취 / 시청 영어 사전
9788959408375,이상한영어사전,IH-ENG-10195,이상한 영어 사전(큰글자도서)
8809477873641,빅튤립한글영어사운드카드우리집,IH-ENG-10196,빅 튤립 한글영어 사운드 카드: 우리 집
8809477873634,빅튤립한글영어사운드카드동물,IH-ENG-10197,빅 튤립 한글영어 사운드 카드: 동물
9788992835121,우리말과영어의만남,IH-ENG-10198,우리말과 영어의 만남
8809255053050,콕콕콕한글영어사운드북,IH-ENG-10199,콕콕콕 한글 영어 사운드북
8809264181591,빨간모자영어사운드북,IH-ENG-10200,빨간 모자(Little Red Riding Hood) 영어 사운드북
8809264182208,잠자는숲속의공주영어사운드북,IH-ENG-10201,잠자는 숲속의 공주(Sleeping Beauty) 영어 사운드북
9791156351887,하루하루첫그림영어사전,IH-ENG-10202,하루하루 첫 그림 영어사전
8809264181980,아기돼지삼형제영어사운드북,IH-ENG-10204,아기 돼지 삼 형제(The Three Little Pigs) 영어 사운드북
8809264181966,눈의여왕영어사운드북,IH-ENG-10205,눈의 여왕(The Snow Queen) 영어 사운드북
9791161253343,아이돌영어사용설명서,IH-ENG-10206,아이돌 영어 사용 설명서
8809264181843,세계명작동화골디락스와곰세마리영어사운드북,IH-ENG-10207,세계 명작 동화 골디락스와 곰 세마리 영어 사운드북
9788928107018,우리아이첫영어사전,IH-ENG-10208,우리 아이 첫 영어사전
8809264181881,진저브레드맨영어사운드북,IH-ENG-10209,진저브레드 맨(The Gingerbread man) 영어 사운드북
9788986823080,새영어사전,IH-ENG-10210,새영어사전(초등학교)
9788964150788,레이니데이인뉴욕,IH-ENG-10211,레이니 데이 인 뉴욕
9791196394752,영국식표준영어퀸즈잉글리시,IH-ENG-10212,"영국식 표준 영어, 퀸즈 잉글리시"
8809264181584,신데렐라영어사운드북,IH-ENG-10214,신데렐라(Cinderella) 영어 사운드북
9788930270892,그림으로보고듣는스마트영어사전,IH-ENG-10216,그림으로 보고 듣는 스마트 영어 사전
9788954670753,빌브라이슨의틀리기쉬운영어,IH-ENG-10217,빌 브라이슨의 틀리기 쉬운 영어
9791164382460,신비아파트고스트볼더블x6개의예언찾아라알파벳영어사전,IH-ENG-10219,신비아파트 고스트볼 더블X 6개의 예언 찾아라! 알파벳! 영어 사전
9788983963925,영어이야기,IH-ENG-10221,영어이야기
9788938704368,영어사용법사전,IH-ENG-10222,영어사용법사전
9788938704740,실용군사영어사전,IH-ENG-10223,실용 군사영어사전
9791185719269,교양영어고급지문1원서독해,IH-ENG-10224,교양영어 고급지문 1: 원서독해
9791185719283,교양영어고급지문2원서독해,IH-ENG-10225,교양영어 고급지문 .2: 원서독해
9788964150771,아이필프리티자막없이보기,IH-ENG-10226,아이 필 프리티 자막 없이 보기
9788991692527,지능쑥쑥영어사전,IH-ENG-10227,지능 쑥쑥! 영어사전
9788992197939,easy영어사전,IH-ENG-10228,EASY 영어사전
9791156350972,어린이첫그림영어사전,IH-ENG-10229,어린이 첫 그림 영어사전
9788952632807,권쌤영어사고치기grammar,IH-ENG-10230,권쌤영어 사고치기 grammar(문법편)
9791185719252,만점으로가는마지막비상구,IH-ENG-10231,만점으로 가는 마지막 비상구
9791185719245,backtothebasics어법입문,IH-ENG-10233,Back To the Basics: 어법 입문(BTB)
9788975357015,영어사전없이영어해석하기,IH-ENG-10234,영어사전 없이 영어 해석하기
9788925564982,hello디즈니처음영어사전,IH-ENG-10237,HELLO 디즈니 처음 영어 사전
9791185719214,호텔리어와인1,IH-ENG-10238,호텔리어 & 와인 1
9791187014126,알파벳비밀로보는전치사의모든것,IH-ENG-10239,알파벳 비밀로 보는 전치사의 모든것
9788964150740,스크린자막없이보기어휘표현300,IH-ENG-10241,스크린 자막없이 보기 어휘표현 300
9788964150757,스크린자막없이보기회화문법150,IH-ENG-10242,스크린 자막없이 보기 회화문법 150
9791187014119,알파벳26자의비밀,IH-ENG-10244,알파벳 26자의 비밀
9788968175923,영어공부어떻게할까,IH-ENG-10246,영어공부 어떻게 할까
9791161500973,나의영어사춘기,IH-ENG-10247,나의 영어 사춘기(리커버)
9788995123225,9급공무원영어,IH-ENG-10248,9급 공무원 영어(9급 영어의 모든 것)
9791196044404,독약영문법,IH-ENG-10249,독약영문법
9791159873799,나만의비밀영어사전,IH-ENG-10250,나만의 비밀 영어사전
9788964150733,스포트라이트,IH-ENG-10251,스포트라이트
9791187014096,올킬말하기첫걸음inenglish최상위개념진짜의미미니영어사전,IH-ENG-10252,올킬 말하기 첫걸음 in English 최상위 개념 진짜의미 미니영어사전
9791187014102,올킬말하기첫걸음inenglish세트,IH-ENG-10253,올킬 말하기 첫걸음 in English 세트
9791187014072,realphonics세트,IH-ENG-10254,Real Phonics 세트
9791187014065,realphonics4,IH-ENG-10255,Real Phonics 4
9791187014058,realphonics3,IH-ENG-10256,Real Phonics 3
9791187014041,realphonics2,IH-ENG-10257,Real Phonics 2
9791187014034,realphonics1,IH-ENG-10258,Real Phonics 1
9791187014010,영어문법부터쓰레기통에버려라,IH-ENG-10260,영어 문법부터 쓰레기통에 버려라
9791187014027,올킬영문법영어문법부터쓰레기통에버려라최상위개념진짜의미미니영어사전voca1000,IH-ENG-10261,올킬영문법 영어 문법부터 쓰레기통에 버려라: 최상위개념 진짜의미 미니영어사전 VOCA 1000
9788917050301,엘리트한영소사전,IH-ENG-10262,엘리트 한영소사전
9788917224627,첫그림영어사전,IH-ENG-10263,첫 그림 영어사전
8809256423470,노래로듀얼한글영어사운드북,IH-ENG-10264,노래로 듀얼 한글 영어 사운드북
8809256423463,노래로시작영어사운드북,IH-ENG-10265,노래로 시작 영어 사운드북
9788995123218,fatoz교양영어,IH-ENG-10267,Fatoz 교양 영어
9788996832072,올킬영어발음32일세트,IH-ENG-10268,올킬 영어발음 32일 세트
9788996832096,최상위개념진짜의미미니영어사전voca1000,IH-ENG-10269,최상위개념 진짜의미 미니영어사전 VOCA 1000
9788996832089,올킬영어발음32일,IH-ENG-10270,올킬 영어발음 32일
9788961428071,단어와문장에의한우리아이첫영어사전,IH-ENG-10271,단어와 문장에 의한 우리아이 첫 영어 사전
9791185719092,최우선영어단어심화편1,IH-ENG-10272,최우선 영어단어: 심화편 1(A~D)
9788915095519,한글영어사운드북해님달님,IH-ENG-10273,한글 영어 사운드북: 해님 달님
9788915095489,한글영어사운드북신데렐라,IH-ENG-10276,한글 영어 사운드북: 신데렐라
9788915095472,한글영어사운드북백설공주,IH-ENG-10277,한글 영어 사운드북: 백설공주
9788915095465,한글영어사운드북브레멘음악대,IH-ENG-10278,한글 영어 사운드북: 브레멘 음악대
9788968172021,영어사용자가꼭알아야할핵심영문법,IH-ENG-10284,영어 사용자가 꼭 알아야 할 핵심 영문법
9788918122571,금융투자영어사전,IH-ENG-10285,금융 투자 영어사전
9788964150245,트랜스포머사라진시대,IH-ENG-10286,트랜스포머 사라진시대
9788961984188,어린이first영어사전,IH-ENG-10287,어린이 First 영어 사전
9791185383583,영어필기체잘난체,IH-ENG-10288,영어 필기체 잘난 체
9791185719009,실탄어휘2000발,IH-ENG-10289,실탄어휘 2000발(중급)
9788964150221,셰익스피어인러브,IH-ENG-10290,셰익스피어 인 러브
9788971099339,중학영어사전,IH-ENG-10291,중학 영어사전(최신 컬러판)
9788959472352,영어사,IH-ENG-10294,영어사
9788959062454,교양영어사전2,IH-ENG-10295,교양 영어 사전 2
9791195093786,상위1를만드는어법400제,IH-ENG-10297,상위 1%를 만드는 어법 400제
9791155280898,고교영어사전으로끝장내기,IH-ENG-10299,고교영어 사전으로 끝장내기
9788964150214,하이힐을신고달리는여자,IH-ENG-10303,하이힐을 신고 달리는 여자
9788997551514,빈칸완성정답률100에도전하는빈칸매직,IH-ENG-10304,빈칸완성 정답률 100%에 도전하는 빈칸매직
9788997551491,ebs연계닥듄공보카vol1수특인수,IH-ENG-10305,EBS연계 닥듄공 보카 Vol.1 수 특 인 수(2014)
9788961983723,어린이magic영어사전,IH-ENG-10308,어린이 Magic 영어사전
9788997551460,ebs닥듄공영어엑기스,IH-ENG-10309,EBS 닥듄공 영어 엑기스(수특 인수지문 보카)(2013)
9788964150023,트루먼쇼,IH-ENG-10310,트루먼 쇼(THE TRUMAN SHOW)
9788930234696,그림으로보는옥스퍼드첫영어사전,IH-ENG-10312,그림으로 보는 옥스퍼드 첫영어 사전
9788964150184,쇼생크탈출,IH-ENG-10316,쇼생크탈출
9788909072991,포케톱영한사전,IH-ENG-10319,포케톱 영한사전(2색도)
9788909180184,마이콘사이스영한사전,IH-ENG-10320,마이 콘사이스 영한사전
9788964150160,니모를찾아서3d,IH-ENG-10322,니모를 찾아서 3D
9788918080284,법률영어사전,IH-ENG-10323,법률영어사전
9788959062447,교양영어사전,IH-ENG-10324,교양 영어 사전 (세트)
9788996832034,영어왕초보들의역습,IH-ENG-10325,영어 왕초보들의 역습 (세트)
9788997551156,리딩팝중학교3학년,IH-ENG-10330,리딩팝 중학교 3학년(2013)
9788997551149,리딩팝중학교2학년,IH-ENG-10331,리딩팝 중학교 2학년
9788997551132,리딩팝중학교1학년,IH-ENG-10332,리딩팝 중학교 1학년(2013)
9788994973135,굿바이영어사교육,IH-ENG-10333,굿바이 영어 사교육
9788968170034,영어사전사용연구,IH-ENG-10337,영어 사전 사용 연구
9788992835060,영어문형코드,IH-ENG-10338,영어문형코드
9788997551118,내신잡는중학교과서voca18001402,IH-ENG-10339,내신잡는 중학 교과서 VOCA 1800 + 1402
9788960008670,영어사전basic,IH-ENG-10341,영어사전 BASIC
9788964150153,디즈니픽사메리다와마법의숲,IH-ENG-10342,디즈니 픽사 메리다와 마법의 숲
9788997551071,neatbille,IH-ENG-10344,NEAT Bille(한끝편)(2012)
9788964150139,제리맥과이어,IH-ENG-10345,제리 맥과이어
9788997551064,ebs연계닥듄공보카명품익스트림,IH-ENG-10347,EBS연계 닥듄공 보카 명품 익스트림(2012)
9788964150054,lena의돈버는영어이렇게만말하면된다,IH-ENG-10349,Lena의 돈버는 영어 이렇게만 말하면 된다
9791158489595,코퍼스언어학을위한통계실용적가이드,IH-ENG-10351,코퍼스 언어학을 위한 통계: 실용적 가이드
9788968176265,코퍼스언어학기초,IH-ENG-10352,코퍼스언어학 기초
9791162441459,코퍼스언어학연구,IH-ENG-10353,코퍼스 언어학 연구
9791186778197,코퍼스언어학의이해와실제,IH-ENG-10355,코퍼스 언어학의 이해와 실제
9788968173486,r을활용한코퍼스언어학과통계학,IH-ENG-10356,R을 활용한 코퍼스언어학과 통계학
9788976418913,바이버의코퍼스언어학,IH-ENG-10357,바이버의 코퍼스 언어학
9788957269619,코퍼스언어학과영어교육,IH-ENG-10358,코퍼스 언어학과 영어교육
9788957269558,코퍼스언어학입문,IH-ENG-10359,코퍼스 언어학 입문
9791169190190,국어담화분석연구,IH-ENG-10360,국어 담화분석 연구
9788959965854,텍스트상황맥락숨겨진의도,IH-ENG-10361,"텍스트, 상황 맥락, 숨겨진 의도"
9788959961894,담화분석방법,IH-ENG-10363,담화 분석 방법
9788968171208,비판적담화분석,IH-ENG-10365,비판적 담화분석
9788968170256,담화분석과영어교육,IH-ENG-10366,담화분석과 영어교육
9791161101149,issuesintesolcapstoneprojects,IH-ENG-10370,Issues in TESOL Capstone Projects
9791161101118,issuesintesol,IH-ENG-10371,Issues in TESOL
9788963320953,englishlinguisticsfortesol,IH-ENG-10372,English linguistics for TESOL
9788993279436,tesolinaction,IH-ENG-10374,TESOL IN ACTION
9781107534216,englishhistoricallinguistics,IH-ENG-10375,English Historical Linguistics
9791189023089,englishlinguisticsandenglishteaching,IH-ENG-10376,English Linguistics and English Teaching
9791158905477,이화영어영문학과100년19252025,IH-ENG-10380,이화 영어영문학과 100년: 1925~2025
9791191822779,agreekenglishlexiconofthenewtestamentandotherearlychristianliterature3rdedition,IH-ENG-10381,"A Greek-English Lexicon of the New Testament and Other Early Christian Literature, 3rd Edition(BDAG)(한국내 판매용 정식 리프린트판)"
9788962513363,englishreadingandliteraturenewedition,IH-ENG-10382,English Reading and Literature New Edition(전공영어)
9788996413103,greekenglishlexiconofthenewtestamentandotherearlychristianliterature,IH-ENG-10383,Greek English Lexicon of the New Testament and Other Early Christian Literature
9788955066395,anintroductiontoenglishandamericanliterature,IH-ENG-10384,An Introduction to English and American Literature
9788955063677,영문학의길잡이,IH-ENG-10387,영문학의 길잡이
9788961250788,understandingchildrensenglishliteratureasesl,IH-ENG-10388,UNDERSTANDING CHILDREN S ENGLISH LITERATURE AS ESL(아동영문학 이해)
9791175854147,9월학력평가기말고사대비모의고사1개년고1전과목,IH-ENG-10394,9월 학력평가 기말고사 대비 모의고사 1개년 고1 전과목(국어 수학 영어 사회 한국사 과학) (2026년)
9791175854154,9월학력평가기말고사대비모의고사2개년고1전과목,IH-ENG-10395,9월 학력평가 기말고사 대비 모의고사 2개년 고1 전과목(국어 수학 영어 사회 한국사 과학) (2026년)
9791175854161,9월학력평가기말고사대비모의고사3개년고1전과목,IH-ENG-10396,9월 학력평가 기말고사 대비 모의고사 3개년 고1 전과목(국어 수학 영어 사회 한국사 과학) (2026년)
9791175854178,9월학력평가기말고사대비모의고사4개년고1전과목,IH-ENG-10397,9월 학력평가 기말고사 대비 모의고사 4개년 고1 전과목(국어 수학 영어 사회 한국사 과학) (2026년)
9788997134625,실전글로벌비즈니스한국어통번역1,IH-ENG-10468,실전! 글로벌 비즈니스 한국어 통번역 1
9788997134632,실전글로벌비즈니스한국어통번역2,IH-ENG-10469,실전! 글로벌 비즈니스 한국어 통번역 2
9791165263010,초등영문법문법이쓰기다기본1,IH-ENG-10472,초등 영문법 문법이 쓰기다 기본 1
9788964150726,어린왕자,IH-ENG-11384,어린왕자
9788917239508,ets토익정기시험기출문제집1000vol4reading토익기출문제독점출간allnew최신기출10회수록문제집해설집무료동영상강의기출어휘단어장app모바일학습,IH-ALADIN-9788917239508,ETS 토익 정기시험 기출문제집 1000 Vol. 4 Reading (리딩) - 토익 기출문제 독점출간/ ALL NEW 최신기출 10회 수록/ 문제집+해설집+무료 동영상 강의+기출어휘 단어장(PDF)+APP 모바일 학습
9788917239492,ets토익정기시험기출문제집1000vol4listening토익기출문제독점출간allnew최신기출10회수록문제집해설집무료정기시험성우mp3무료동영상강의기출어휘단어장app모바일학습,IH-ALADIN-9788917239492,ETS 토익 정기시험 기출문제집 1000 Vol. 4 Listening (리스닝) - 토익 기출문제 독점출간/ ALL NEW 최신기출 10회 수록/ 문제집+해설집+무료 정기시험 성우 MP3+무료 동영상 강의+기출어휘 단어장(PDF)+APP 모바일 학습
9788917243802,ets토익정기시험기출문제집1000vol5reading토익기출문제독점출간allnew최신기출10회수록문제집해설집무료동영상강의기출어휘단어장앱모바일학습,IH-ALADIN-9788917243802,ETS 토익 정기시험 기출문제집 1000 Vol. 5 Reading (리딩) - 토익 기출문제 독점출간/ ALL NEW 최신기출 10회 수록/ 문제집+해설집+무료 동영상 강의+기출어휘 단어장(PDF)+앱 모바일 학습
9788917243796,ets토익정기시험기출문제집1000vol5listening토익기출문제독점출간allnew최신기출10회수록문제집해설집무료정기시험성우mp3무료동영상강의기출어휘단어장앱모바일학습,IH-ALADIN-9788917243796,ETS 토익 정기시험 기출문제집 1000 Vol. 5 Listening (리스닝) - 토익 기출문제 독점출간/ ALL NEW 최신기출 10회 수록/ 문제집+해설집+무료 정기시험 성우 MP3+무료 동영상 강의+기출어휘 단어장(PDF)+앱 모바일 학습
9788917243789,ets토익단기공략750본책해설집실전모의고사1회분mp3파일무료동영상모바일app학습출제기관ets기출문제한국독점출간,IH-ALADIN-9788917243789,ETS 토익 단기 공략 750+ (LC + RC) - 본책 + 해설집 + 실전 모의고사 1회분(별책) + MP3 파일 + 무료 동영상 + 모바일 APP 학습 / 출제기관 ETS 기출문제 한국 독점출간
9788968062285,천일문기본basic1001sentences개정판고1대상천일비급별책포함,IH-ALADIN-9788968062285,천일문 기본 Basic 1001 Sentences - 개정판 / 고1 대상 / 천일비급 별책포함
9788954735810,ebsiroselee의grammarholic로즈리의수험생어법필독서,IH-ALADIN-9788954735810,EBSi Rose Lee의 Grammar Holic - 로즈리의 수험생 어법 필독서
9788965424765,해커스토익rcreading기본서최신기출경향완벽반영실전모의고사4회분시험장에도들고가는토익rc필수어휘단어암기mp3제공,IH-ALADIN-9788965424765,해커스 토익 RC Reading(리딩) 기본서 - 최신기출경향 완벽 반영｜실전모의고사 4회분 [시험장에도 들고 가는 토익 RC 필수 어휘 & 단어암기 MP3 제공]
9791125337072,grammarinsidelevel1withworkbook,IH-ALADIN-9791125337072,Grammar Inside Level 1 - with Workbook
9791125337089,grammarinsidelevel2withworkbook,IH-ALADIN-9791125337089,Grammar Inside Level 2 - with Workbook
9788917238549,ets토익정기시험기출문제집1000vol3readingtoeic기출문제한국독점출간문제집해설집app모바일학습2022대비최신판,IH-ALADIN-9788917238549,ETS 토익 정기시험 기출문제집 1000 Vol. 3 Reading (리딩) - TOEIC 기출문제 한국 독점출간 / 문제집 + 해설집 + APP 모바일 학습 / 2022 대비 최신판
9788965424772,해커스토익lclistening기본서최신기출경향완벽반영실전모의고사4회분시험장에도들고가는토익lc필수어휘단어암기mp3제공,IH-ALADIN-9788965424772,해커스 토익 LC Listening(리스닝) 기본서 - 최신기출경향 완벽 반영｜실전모의고사 4회분 [시험장에도 들고 가는 토익 LC 필수 어휘 & 단어암기 MP3 제공]
9788917238532,ets토익정기시험기출문제집1000vol3listeningtoeic기출문제한국독점출간문제집해설집ets성우음원mp3파일app모바일학습2022대비최신판,IH-ALADIN-9788917238532,ETS 토익 정기시험 기출문제집 1000 Vol. 3 Listening (리스닝) - TOEIC 기출문제 한국 독점출간 / 문제집 + 해설집 + ETS 성우 음원 MP3 파일 + APP 모바일 학습 / 2022 대비 최신판
9788965423379,해커스토익스타트rcreading입문서최신기출경향반영초보를위한토익리딩입문서기초문법어휘독해4주완성실전모의고사단어암기장mp3제공,IH-ALADIN-9788965423379,해커스 토익 스타트 RC Reading (리딩) 입문서 - 최신기출경향 반영 | 초보를 위한 토익 리딩 입문서 | 기초 문법ㆍ어휘ㆍ독해 4주 완성 [실전모의고사(별책)+ 단어암기장&MP3 제공]
9788968062254,천일문입문intro500sentences개정판예비고1대상천일비급별책포함,IH-ALADIN-9788968062254,천일문 입문 Intro 500 Sentences - 개정판 / 예비고1 대상 / 천일비급 별책포함
9788934922056,again뒤집어본영문법,IH-ALADIN-9788934922056,Again! 뒤집어본 영문법
9788965424628,한권으로끝내는해커스토익700최신기출유형100반영기초부터실전까지20일완성실전모의고사2회제공,IH-ALADIN-9788965424628,한 권으로 끝내는 해커스 토익 700+ (LC+RC+VOCA) - 최신기출유형 100%반영ㅣ기초부터 실전까지 20일 완성 [실전모의고사 2회(교재1회+온라인1회) 제공]
9788965423386,해커스토익스타트lclistening입문서최신기출경향반영초보를위한토익리스닝입문서기초리스닝4주완성실전모의고사단어암기장mp3제공,IH-ALADIN-9788965423386,해커스 토익 스타트 LC Listening (리스닝) 입문서 - 최신기출경향 반영 | 초보를 위한 토익 리스닝 입문서 | 기초 리스닝 4주 완성 [실전모의고사(별책)+단어암기장&MP3 제공]
9788917237955,ets토익단기공략850본책해설집실전모의고사1회분무료mp3파일toeic고난도최신기출문항으로완성된단기완성시리즈기출문제한국독점출간,IH-ALADIN-9788917237955,"ETS 토익 단기 공략 850+ (LC + RC) - 본책 + 해설집 + 실전 모의고사 1회분 + 무료 MP3 파일 / TOEIC 고난도 최신 기출문항으로 완성된 단기완성 시리즈, 기출문제 한국 독점 출간"
9788974572884,강성태영단어어원편암기하지않아도암기되는공신들의영단어공부비법,IH-ALADIN-9788974572884,강성태 영단어 어원편 - 암기하지 않아도 암기되는 공신들의 영단어 공부 비법 (원어민 MP3 및 QR 코드 + 미니북 + 어원맵 제공)
9791171010875,영어로문장만들기훈련1차임계점,IH-ALADIN-9791171010875,영어로 문장 만들기 훈련 1차 임계점
9788917243772,ets토익단기공략650본책해설집실전모의고사1회분mp3파일무료동영상모바일app학습출제기관ets기출문제한국독점출간최신개정판,IH-ALADIN-9788917243772,"ETS 토익 단기 공략 650+ (LC + RC) - 본책 + 해설집 + 실전 모의고사 1회분(별책) + MP3 파일 + 무료 동영상 + 모바일 APP 학습 / 출제기관 ETS 기출문제 한국 독점출간, 최신개정판"
9791125337096,grammarinsidelevel3withworkbook,IH-ALADIN-9791125337096,Grammar Inside Level 3 - with Workbook
9791171715435,영어책한권외워봤니뉴에디션딱한권만넘으면영어울렁증이사라진다,IH-ALADIN-9791171715435,영어책 한 권 외워봤니? 뉴 에디션 - 딱 한 권만 넘으면 영어 울렁증이 사라진다
9788994553092,보카바이블40공무원편입토플텝스satgre대비,IH-ALADIN-9788994553092,"보카바이블 (VOCA Bible) 4.0 (A권 + B권) - 공무원, 편입, 토플, 텝스, SAT, GRE 대비"
9791194368625,가브리엘의잉글리시다이어리50일원어민일기로배우는일상영어표현,IH-ALADIN-9791194368625,가브리엘의 잉글리시 다이어리 - 50일 원어민 일기로 배우는 일상 영어 표현
9788968062315,천일문핵심essential500sentences개정판고2대상천일비급별책포함,IH-ALADIN-9788968062315,천일문 핵심 Essential 500 Sentences - 개정판 / 고2 대상 / 천일비급 별책포함
9788965424581,한권으로끝내는해커스토익800최신기출유형100초스피드토익졸업을위한한권시리즈본책해설집실전모의고사2회분토익기출voca무료mp3,IH-ALADIN-9788965424581,한 권으로 끝내는 해커스 토익 800 (LC + RC + VOCA) - 최신기출유형 100% | 초스피드 토익졸업을 위한 한권 시리즈ㅣ본책+해설집+실전모의고사 2회분+토익 기출 VOCA+무료 MP3
9788927701057,네이티브영어표현력사전진짜영어로가는17가지핵심법칙,IH-ALADIN-9788927701057,네이티브 영어표현력 사전 - 진짜 영어로 가는 17가지 핵심 법칙
9788957974643,영어순해영문독해의bible4thedition,IH-ALADIN-9788957974643,"영어순해 - 영문독해의 Bible, 4th Edition"
9788965427766,한권으로끝내는해커스토익900최신기출유형100초스피드토익졸업을위한한권시리즈본책해설집실전모의고사4회분토익기출voca무료mp3,IH-ALADIN-9788965427766,한 권으로 끝내는 해커스 토익 900+ (LC + RC + VOCA) - 최신 기출 유형 100% | 초스피드 토익졸업을 위한 한권 시리즈ㅣ본책+해설집+실전모의고사 4회분+토익 기출 VOCA+무료 MP3
9788990700056,해커스그래머스타트시험대비기본영문법토익토플텝스편입공무원수능ielts,IH-ALADIN-9788990700056,"해커스 그래머 스타트 (Hackers Grammar Start) - 시험 대비 기본 영문법, 토익.토플.텝스.편입.공무원.수능.IELTS"
9788965423300,해커스토익왕기초rcreading최신기출경향반영토익초보토린이를위한토익첫걸음,IH-ALADIN-9788965423300,해커스 토익 왕기초 RC Reading (리딩) - 최신기출경향 반영ㅣ토익 초보 토린이를 위한 토익 첫걸음
9791198843845,만능문장으로끝내는토익스피킹시계토끼올인원기본서7일완성전면개정판,IH-ALADIN-9791198843845,"만능문장으로 끝내는 토익스피킹 시계토끼 올인원 기본서 - 7일 완성, 전면 개정판"
9791169666145,2026심우철실전동형모의고사season4,IH-ALADIN-9791169666145,2026 심우철 실전 동형 모의고사 Season 4
9788954741293,ebsreadingpower유형편완성리딩파워내신절대평가대비수준별유형별영어독해,IH-ALADIN-9788954741293,EBS Reading Power 유형편 완성 (2026년용) - 리딩파워 내신+절대평가 대비 수준별 유형별 영어 독해
9788968065859,어법끝start수능내신어법의시작,IH-ALADIN-9788968065859,어법끝 Start - 수능ㆍ내신 어법의 시작
9788965423294,해커스토익왕기초lclistening최신기출경향반영토익초보토린이를위한토익첫걸음,IH-ALADIN-9788965423294,해커스 토익 왕기초 LC Listening (리스닝) - 최신기출경향 반영｜토익 초보 토린이를 위한 토익 첫걸음
9788917238587,ets토익정기시험기출입문서lc리스닝toeic기출문제한국독점출간본책해설집무료동영상강의ets성우음원mp3파일단어장파일mp3온라인모의고사app모바일학습2022대비최신판,IH-ALADIN-9788917238587,ETS 토익 정기시험 기출입문서 LC 리스닝 - TOEIC 기출문제 한국 독점출간 / 본책 + 해설집 + 무료 동영상 강의(QR코드) + ETS 성우 음원 MP3 파일 + 단어장 파일/MP3 + 온라인 모의고사 + APP 모바일 학습 / 2022 대비 최신판
9771976770006,ebsfmradio입이트이는영어20267,IH-ALADIN-9771976770006,EBS FM Radio 입이 트이는 영어 2026.7
9788965427483,해커스토익실전lcrc3최신토익기출경향완벽반영리스닝5회분리딩5회분교재실전용복습용mp3토익학습어플빅플단어암기장제공,IH-ALADIN-9788965427483,해커스 토익 실전 LC + RC 3 (모의고사 문제집 + 해설집) - 최신 토익 기출경향 완벽 반영 ｜리스닝 5회분+리딩 5회분｜교재 실전용+복습용 MP3｜토익 학습 어플 빅플｜단어암기장(PDF) 제공
9791140709960,동사x전치사도감외우지않는편안함,IH-ALADIN-9791140709960,동사 X 전치사 도감 - 외우지 않는 편안함
9791169666152,2027공단기심슨보카,IH-ALADIN-9791169666152,2027 공단기 심슨 보카
9788917238594,ets토익정기시험기출입문서rc리딩toeic기출문제한국독점출간본책해설집무료동영상강의단어장파일mp3온라인모의고사app모바일학습2022대비최신판,IH-ALADIN-9788917238594,ETS 토익 정기시험 기출입문서 RC 리딩 - TOEIC 기출문제 한국 독점출간/ 본책 + 해설집 + 무료 동영상 강의(QR 코드) + 단어장 파일/ MP3 + 온라인 모의고사 + APP 모바일 학습 / 2022 대비 최신판
9791162409046,xistory자이스토리전국연합모의고사고1영어2022개정교육과정수능기출문제집,IH-ALADIN-9791162409046,"Xistory 자이스토리 전국연합 모의고사 고1 영어 (2026년) - 2022 개정 교육과정, 수능기출문제집"
9788965420286,해커스그래머게이트웨이베이직초보를위한기초영문법기초영어문법한달완성영문법영어회화영작동시학습,IH-ALADIN-9788965420286,"해커스 그래머 게이트웨이 베이직 : 초보를 위한 기초 영문법 (Grammar Gateway Basic Light Version) - 기초영어 문법 한달 완성, 영문법·영어회화·영작동시학습"
9788965425052,해커스토익실전1000제1rcreading문제집최신기출유형100반영무료part56해설온라인실전모의고사무료동영상강의제공,IH-ALADIN-9788965425052,해커스 토익 실전 1000제 1 RC Reading(리딩) 문제집 - 최신기출유형 100% 반영 [무료 Part 5&6 해설ㅣ온라인 실전모의고사ㅣ무료 동영상강의 제공]
9788965426530,해커스updated토플리딩2026newtoefl완벽반영고득점을위한완벽한전략본교재인강단어암기mp3ibt토플리딩실전모의고사,IH-ALADIN-9788965426530,해커스 Updated 토플 리딩 (Hackers Updated TOEFL READING) - 2026 NEW TOEFL 완벽 반영 | 고득점을 위한 완벽한 전략 | 본 교재 인강 | 단어암기 MP3 | iBT 토플 리딩 실전모의고사
9788965424222,20일만에끝내는해커스토익750rc최신토익기출경향완벽반영기출유형별로완성하는리딩집중공략서실전모의고사3회분제공,IH-ALADIN-9788965424222,20일 만에 끝내는 해커스 토익 750+ RC(리딩) - 최신 토익기출경향 완벽 반영 | 기출 유형별로 완성하는 리딩 집중공략서 [실전모의고사 3회분(별책 1회+온라인 2회) 제공]
9791166831515,영어필사100일의기적하루10분작은습관이만드는커다란변화,IH-ALADIN-9791166831515,"영어 필사 100일의 기적 - 하루 10분, 작은 습관이 만드는 커다란 변화"
9788968062346,천일문완성master500sentences개정판고23대상천일비급별책포함,IH-ALADIN-9788968062346,천일문 완성 Master 500 Sentences - 개정판 / 고2~3 대상 / 천일비급 별책포함
9791188228010,longmangrammarmentorjoy1,IH-ALADIN-9791188228010,Longman Grammar Mentor Joy 1
9791192389998,김재우의구동사100100일간의구동사마스터클래스,IH-ALADIN-9791192389998,김재우의 구동사 100 - 100일간의 구동사 마스터 클래스
9791169661027,출제공식29개로끝내는정재현지텔프level2소방경찰군무원지텔프기본서개정판,IH-ALADIN-9791169661027,"출제 공식 29개로 끝내는 정재현 지텔프 Level 2 - 소방·경찰·군무원 지텔프 기본서, 개정판"
9788995637159,영어글쓰기의기본리버스북시리즈0,IH-ALADIN-9788995637159,영어 글쓰기의 기본 - 리버스 북 시리즈 0
9791125329275,readingexpert1a5levelreadingcourseforeflreaders,IH-ALADIN-9791125329275,Reading Expert 1 - A 5-level Reading Course for EFL Readers
9791195312771,longmangrammarmentorjoystart1,IH-ALADIN-9791195312771,Longman Grammar Mentor Joy Start 1
9791187158448,알파벳따라쓰기572대표발음기호,IH-ALADIN-9791187158448,알파벳 따라쓰기 572 - +대표 발음기호
9791188228034,longmangrammarmentorjoy2,IH-ALADIN-9791188228034,Longman Grammar Mentor Joy 2
9788965426554,해커스updated토플리스닝2026newtoefl완벽반영고득점을위한완벽한전략본교재인강쉐도잉프로그램단어암기mp3ibt토플리스닝실전모의고사,IH-ALADIN-9788965426554,해커스 Updated 토플 리스닝 (Hackers Updated TOEFL LISTENING) - 2026 NEW TOEFL 완벽 반영 | 고득점을 위한 완벽한 전략 | 본 교재 인강 | 쉐도잉 프로그램 | 단어암기 MP3 | iBT 토플 리스닝 실전모의고사
9788917244168,ets토익기출보카파트별필수어휘최신개정판기출문제한국독점출간단어암기app단어시험출제마법사mp3동영상강의,IH-ALADIN-9788917244168,ETS 토익 기출보카 - 파트별 필수 어휘 / 최신 개정판 / 기출문제 한국 독점출간 / 단어 암기 APP / 단어 시험 출제 마법사 / MP3 / 동영상 강의
9791168271999,부모의어휘력정확히말할수록아이의세상이커지는필수어휘1262025년세종도서교양부문선정,IH-ALADIN-9791168271999,"부모의 어휘력 - 정확히 말할수록 아이의 세상이 커지는 필수 어휘 126, 2025년 세종도서 교양부문 선정"
9788965425076,해커스토익실전1000제1lclistening문제집최신기출유형100반영교재실전용복습용mp3온라인실전모의고사무료동영상강의제공,IH-ALADIN-9788965425076,해커스 토익 실전 1000제 1 LC Listening(리스닝) 문제집 - 최신기출유형 100% 반영 [교재 실전용+복습용 MP3ㅣ온라인 실전 모의고사ㅣ무료 동영상강의 제공]
9788968062704,천일문starter11001개문장으로익히는중등필수구문문법,IH-ALADIN-9788968062704,"천일문 STARTER 1 - 1,001개 문장으로 익히는 중등 필수 구문 & 문법"
9788960499751,거의모든일상표현의영어,IH-ALADIN-9788960499751,거의 모든 일상 표현의 영어
9788965424239,20일만에끝내는해커스토익750lc최신토익기출경향완벽반영기출lc유형완성최빈출어휘실전모의고사3회분무료mp3제공,IH-ALADIN-9788965424239,20일 만에 끝내는 해커스 토익 750+ LC(리스닝) - 최신 토익기출경향 완벽 반영 | 기출 LC 유형 완성 [최빈출 어휘 & 실전모의고사 3회분(별책 1회+온라인 2회) & 무료 MP3 제공]
9788965424208,해커스첫토익lcrcvoca기초입문서최신기출경향반영한권으로10일만에토린이졸업미니단어장무료강의노트제공,IH-ALADIN-9788965424208,해커스 첫토익 LC + RC + VOCA 기초입문서 - 최신기출경향 반영｜한 권으로 10일만에 토린이 졸업! [미니 단어장+무료 강의&노트 제공]
9791162409053,xistory자이스토리전국연합모의고사고2영어2022개정교육과정수능기출문제집,IH-ALADIN-9791162409053,"Xistory 자이스토리 전국연합 모의고사 고2 영어 (2026년) - 2022 개정 교육과정, 수능기출문제집"
9788965426820,해커스updated토플라이팅2026newtoefl완벽반영고득점을위한완벽한전략본교재인강ibt토플라이팅실전모의고사,IH-ALADIN-9788965426820,해커스 Updated 토플 라이팅 (Hackers Updated TOEFL Writing) - 2026 NEW TOEFL 완벽 반영 | 고득점을 위한 완벽한 전략 | 본 교재 인강 | iBT 토플 라이팅 실전모의고사
9788954799355,ebs왕초보영어,IH-ALADIN-9788954799355,EBS 왕초보 영어 (2026 상편)
9788974890414,mantoman기본영어1개정판,IH-ALADIN-9788974890414,Man to Man 기본영어 1 - 개정판
9788954798778,ebs2027학년도수능연계교재의voca1800,IH-ALADIN-9788954798778,EBS 2027학년도 수능연계교재의 VOCA 1800 (2026년)
9791162371732,eeaenglishforeverydayactivities일상표현낭독편50일영어낭독으로원어민되기,IH-ALADIN-9791162371732,EEA : English for Everyday Activities 일상표현 낭독편 - 50일 영어낭독으로 원어민 되기
9788965426561,해커스updated토플스피킹2026newtoefl완벽반영고득점을위한완벽한전략본교재인강말하기연습프로그램교재mp3ibt토플스피킹실전모의고사,IH-ALADIN-9788965426561,해커스 Updated 토플 스피킹 (Hackers Updated TOEFL SPEAKING) - 2026 NEW TOEFL 완벽 반영 | 고득점을 위한 완벽한 전략 | 본 교재 인강 | 말하기 연습 프로그램 | 교재 MP3 | iBT 토플 스피킹 실전모의고사
9788917239614,ets토익단기공략950기출모의고사3회수록문제집해설집무료정기시험성우mp3기출어휘pdfapp모바일학습기출문제한국독점출간,IH-ALADIN-9788917239614,"ETS 토익 단기 공략 950+ (LC + RC) - 기출 모의고사 3회 수록 / 문제집 + 해설집 + 무료 정기시험 성우 MP3 + 기출어휘 PDF + APP 모바일 학습, 기출문제 한국 독점 출간"
9791169665179,2026심우철이것만은알고가자공무원영어,IH-ALADIN-9791169665179,2026 심우철 이것만은 알고 가자 - 공무원 영어
9791166571824,마음에힘이되는하루한문장영어필사,IH-ALADIN-9791166571824,마음에 힘이 되는 하루 한 문장 영어 필사
9791169665025,2026심슨문법300제공무원영어,IH-ALADIN-9791169665025,2026 심슨 문법 300제 - 공무원 영어
9791169666046,2027심슨구문,IH-ALADIN-9791169666046,2027 심슨 구문
9788954785853,ebs중학신입생예비과정영어2022개정교육과정예비중1을위한내신대비서,IH-ALADIN-9788954785853,"EBS 중학 신입생 예비과정 영어 (2026년용) - 2022 개정 교육과정, 예비 중1을 위한 내신 대비서"
9788954785877,ebs고등예비과정공통영어2022개정교육과정고등학교입문서,IH-ALADIN-9788954785877,"EBS 고등예비과정 공통영어 (2026년용) - 2022 개정 교육과정, 고등학교 입문서"
9788965422518,해커스텝스리딩텝스실전모의고사2회분제공본교재동영상강의무료,IH-ALADIN-9788965422518,해커스 텝스 리딩 (TEPS Reading) - 텝스 실전모의고사 2회분 제공 | 본 교재 동영상강의 무료
9788965425380,해커스토익실전1000제2rcreading문제집최신기출유형100반영무료part56해설온라인실전모의고사무료동영상강의제공,IH-ALADIN-9788965425380,해커스 토익 실전 1000제 2 RC Reading(리딩) 문제집 - 최신기출유형 100% 반영 [무료 Part 5&6 해설ㅣ온라인 실전모의고사ㅣ무료 동영상강의 제공]
9788917238600,ets토익정기시험기출종합서lc리스닝toeic기출문제한국독점출간본책해설집ets성우음원mp3파일무료동영상강의온라인모의고사단어테스트지app모바일학습2022대비최신판,IH-ALADIN-9788917238600,ETS 토익 정기시험 기출종합서 LC 리스닝 - TOEIC 기출문제 한국 독점출간 / 본책 + 해설집 + ETS 성우 음원 MP3 파일 + 무료 동영상 강의(QR코드)+ 온라인 모의고사 + 단어 테스트지 + APP 모바일 학습 / 2022 대비 최신판
9791169666053,2026심우철하프모의고사season5지방직대비공무원영어,IH-ALADIN-9791169666053,2026 심우철 하프 모의고사 Season 5 : 지방직 대비 - 공무원 영어
9788990700506,해커스리딩인트로영어독해의시작토플ielts텝스특목고수능편입,IH-ALADIN-9788990700506,해커스 리딩 인트로 (Hackers Reading Intro) - 영어독해의 시작ㅣ토플.IELTS.텝스.특목고.수능.편입
9791198843821,만능문장으로끝내는토익스피킹실전모의고사25회5일완성,IH-ALADIN-9791198843821,만능문장으로 끝내는 토익스피킹 실전 모의고사 25회 5일완성
9791162409107,2027수능대비xistory자이스토리연도별모의고사고3영어수능기출문제집,IH-ALADIN-9791162409107,2027 수능대비 Xistory 자이스토리 연도별 모의고사 고3 영어 (2026년) - 수능기출문제집
9788957974667,영어순해basicreadeasy영문독해의기본원리,IH-ALADIN-9788957974667,영어순해 Basic - Read Easy - 영문독해의 기본원리
9788974578329,미국교과서읽는리딩basic1중고등학생용,IH-ALADIN-9788974578329,미국교과서 읽는 리딩 Basic 1 (교재 + 워크북) - 중.고등학생용(중급과정)
9791125329282,readingexpert2a5levelreadingcourseforeflreaders,IH-ALADIN-9791125329282,Reading Expert 2 - A 5-level Reading Course for EFL Readers
9791175632158,2027마더텅수능기출모의고사30회영어영역연도별기출문제집,IH-ALADIN-9791175632158,2027 마더텅 수능기출 모의고사 30회 영어 영역 (2026년) - 연도별 기출문제집
9788969653376,teps서울대텝스관리위원회공식기출문제집출제기관공식수험서뉴텝스최신기출5회분독점출간모바일자동채점및성적분석서비스무료실전용복습용mp3무료텝스적중예상특강,IH-ALADIN-9788969653376,TEPS 서울대 텝스관리위원회 공식 기출문제집 : 출제기관 공식 수험서 - 뉴텝스 최신 기출 5회분 독점 출간 | 모바일 자동 채점 및 성적 분석 서비스 | 무료 실전용/복습용 MP3 | 무료 텝스 적중예상특강
9788965425397,해커스토익실전1000제2lclistening문제집최신기출유형100반영교재실전용복습용mp3온라인실전모의고사무료동영상강의제공,IH-ALADIN-9788965425397,해커스 토익 실전 1000제 2 LC Listening(리스닝) 문제집 - 최신기출유형 100% 반영 [교재 실전용+복습용 MP3ㅣ온라인 실전 모의고사ㅣ무료 동영상강의 제공]
9788954796521,ebsi2027학년도수능대비강의노트수능개념영어주혜연의해석공식basic,IH-ALADIN-9788954796521,EBSi 2027학년도 수능 대비 강의노트 수능개념 영어 주혜연의 해석공식 BASIC (2026년)
9791160184273,2026이동기영어실전동형모의고사vol1온라인동영상강의무료제공,IH-ALADIN-9791160184273,2026 이동기 영어 실전동형 모의고사 Vol.1 - 온라인 동영상 강의 무료 제공
9788965424826,해커스토익실전1000제3rcreading문제집최신기출유형100반영무료part56해설온라인실전모의고사제공,IH-ALADIN-9788965424826,해커스 토익 실전 1000제 3 RC Reading(리딩) 문제집 - 최신기출유형 100% 반영 [무료 Part 5&6 해설ㅣ온라인 실전모의고사 제공]
9791125329299,readingexpert3a5levelreadingcourseforeflreaders,IH-ALADIN-9791125329299,Reading Expert 3 - A 5-level Reading Course for EFL Readers
9788917238617,ets토익정기시험기출종합서rc리딩toeic기출문제한국독점출간본책해설집단어테스트지온라인모의고사무료동영상강의app모바일학습2022대비최신판,IH-ALADIN-9788917238617,ETS 토익 정기시험 기출종합서 RC 리딩 - TOEIC 기출문제 한국 독점출간 / 본책 + 해설집 + 단어 테스트지 + 온라인 모의고사 + 무료 동영상 강의(QR코드) + APP 모바일 학습 / 2022 대비 최신판
9791161509228,최신지텔프공식기출문제집7회분level22025최신gtelpkorea공식기출문제,IH-ALADIN-9791161509228,최신 지텔프 공식 기출문제집 7회분 Level 2 - 2025 최신 G-TELP KOREA 공식 기출 문제
9791199858909,2026이동기영어실전동형모의고사vol2온라인동영상강의무료제공,IH-ALADIN-9791199858909,2026 이동기 영어 실전동형 모의고사 Vol.2 - 온라인 동영상 강의 무료 제공
9788954761628,ebs마이그래머코치mygrammarcoach기초편개념잡는중학영문법,IH-ALADIN-9788954761628,EBS 마이 그래머 코치 My Grammar Coach 기초편 (2026년용) - 개념 잡는 중학 영문법
9788954786768,ebs중학뉴런영어12022개정교육과정,IH-ALADIN-9788954786768,EBS 중학 뉴런 영어 1 (2026년용) - 2022 개정 교육과정
9788968062827,어법끝서술형어법으로서술형영작까지정복,IH-ALADIN-9788968062827,어법끝 서술형 - 어법으로 서술형 영작까지 정복!
9788995151730,해커스리딩토플ielts편입공무원대학원,IH-ALADIN-9788995151730,해커스 리딩 (Hackers Reading) - 토플ㆍIELTSㆍ편입ㆍ공무원ㆍ대학원
9788965422594,해커스텝스최신기출유형실전모의고사문제집텝스모의고사6회분teps최신시험출제경향반영실제시험과동일한성우음성mp3최다모의고사6회분정답스크립트해석,IH-ALADIN-9788965422594,해커스 텝스(TEPS) 최신기출유형 실전모의고사 문제집 - 텝스 모의고사 6회분 : TEPS 최신 시험 출제경향 반영 / 실제 시험과 동일한 성우 음성 MP3 / 최다 모의고사 6회분+정답+스크립트+해석
9791188228058,longmangrammarmentorjoy3,IH-ALADIN-9791188228058,Longman Grammar Mentor Joy 3
9791195312795,longmangrammarmentorjoystart2,IH-ALADIN-9791195312795,Longman Grammar Mentor Joy Start 2
9791171011377,영어로문장만들기훈련2차임계점,IH-ALADIN-9791171011377,영어로 문장 만들기 훈련 2차 임계점
9791169665056,2026심우철문법풀이전략서신의한수공시계의혁명,IH-ALADIN-9791169665056,2026 심우철 문법 풀이 전략서 (문풀전) - 신의 한 수! 공시계의 혁명
9788917239324,ets토익정기시험실전1000vol1rctoeic출제기관독점제공ets실전문제9회최신기출1회app모바일학습,IH-ALADIN-9788917239324,ETS 토익 정기시험 실전 1000 Vol. 1 RC(리딩) - TOEIC 출제기관 독점제공 / ETS 실전문제 9회·최신기출 1회 / +APP 모바일 학습
9788965424840,해커스토익실전1000제3lclistening문제집최신기출유형100반영교재실전용복습용mp3온라인실전모의고사제공,IH-ALADIN-9788965424840,해커스 토익 실전 1000제 3 LC Listening(리스닝) 문제집 - 최신기출유형 100% 반영 [교재 실전용+복습용 MP3ㅣ온라인 실전모의고사 제공]
9788965422525,해커스텝스리스닝텝스청해기본에서실전까지텝스실전모의고사2회분제공실제텝스성우가녹음한mp3무료다운로드teps유형분석반영,IH-ALADIN-9788965422525,해커스 텝스 리스닝 (TEPS Listening) - 텝스 청해 기본에서 실전까지! / 텝스 실전모의고사 2회분 제공 / 실제 텝스 성우가 녹음한 MP3 무료 다운로드 / TEPS 유형 분석 반영 (학습자료 무료 다운로드+단어암기 MP3 무료 다운로드)
9788965425991,해커스토플리딩2023년7월26일개정시험반영libt토플리딩실전모의고사l빈출어휘암기지문녹음mp3l기본부터실전까지4주완성,IH-ALADIN-9788965425991,해커스 토플 리딩 (Hackers TOEFL Reading) - 2023년 7월 26일 개정 시험 반영 l iBT 토플 리딩 실전모의고사 l 빈출어휘 암기&지문녹음 MP3 l 기본부터 실전까지 4주 완성
9791124038123,캘리쌤의루틴잉글리시하루10분90일영어습관프로젝트,IH-ALADIN-9791124038123,"캘리쌤의 루틴 잉글리시 - 하루 10분, 90일 영어 습관 프로젝트"
9791125342847,1316grammarlevel1기초부터내신까지중학영문법완성,IH-ALADIN-9791125342847,1316 Grammar Level 1 - 기초부터 내신까지 중학 영문법 완성
9788954756709,ebs수능연계기출vaccinevoca2200휴대용포켓단어장제공,IH-ALADIN-9788954756709,EBS 수능연계 기출 Vaccine VOCA 2200 (2026년용) - 휴대용 포켓 단어장 제공
9791169664943,2026심슨독해300제공무원영어,IH-ALADIN-9791169664943,2026 심슨 독해 300제 - 공무원 영어
9791125337102,초등그래머인사이드grammarinsidelevel1,IH-ALADIN-9791125337102,초등 그래머 인사이드 Grammar Inside Level 1
9791139724356,1일1페이지영어어휘력3651가지라틴어뿌리를알면10가지영어단어가보인다,IH-ALADIN-9791139724356,1일 1페이지 영어 어휘력 365 - 1가지 라틴어 뿌리를 알면 10가지 영어 단어가 보인다
9788917239317,ets토익정기시험실전1000vol1lctoeic출제기관독점제공ets실전문제9회최신기출1회정기시험성우음성app모바일학습,IH-ALADIN-9788917239317,ETS 토익 정기시험 실전 1000 Vol. 1 LC(리스닝) - TOEIC 출제기관 독점제공 / ETS 실전문제 9회·최신기출 1회+정기시험 성우 음성+APP 모바일 학습
9791198843838,3일벼락치기로끝내는토익스피킹만능문장모음zip,IH-ALADIN-9791198843838,3일 벼락치기로 끝내는 토익스피킹 만능문장 모음.ZIP
9788968065873,어법끝essential수능내신어법의완결,IH-ALADIN-9788968065873,어법끝 Essential - 수능·내신 어법의 완결
9788965424871,10일만에끝내는해커스토익스피킹최신기출완벽반영한권으로토스고득점점수달성무료온라인실전모의고사무료교재mp3,IH-ALADIN-9788965424871,10일 만에 끝내는 해커스 토익스피킹(토스) - 최신 기출 완벽 반영ㅣ한 권으로 토스 고득점 점수 달성ㅣ무료 온라인 실전모의고사+무료 교재 MP3
9788994521596,preparationbookforthetoefljuniortestrcbasicfocusonquestiontypes,IH-ALADIN-9788994521596,Preparation Book for the TOEFL Junior Test RC Basic - Focus on Question Types
9788954796316,ebsi2027학년도수능대비강의노트수능개념영어주혜연의해석공식기출구문,IH-ALADIN-9788954796316,EBSi 2027학년도 수능 대비 강의노트 수능개념 영어 주혜연의 해석공식 기출구문 (2026년)
9788965427759,한권으로끝내는해커스토익600최신기출유형100초스피드토익졸업을위한한권시리즈본책해설집실전모의고사2회분토익기출voca무료mp3,IH-ALADIN-9788965427759,한 권으로 끝내는 해커스 토익 600+ (LC + RC + VOCA) - 최신기출유형 100% | 초스피드 토익졸업을 위한 한권 시리즈ㅣ본책+해설집+실전모의고사 2회분+토익 기출 VOCA+무료 MP3
9791186858387,제이크쌤의28시간에끝내는토익스피킹allinone2026최신기출전면개정판,IH-ALADIN-9791186858387,제이크쌤의 28시간에 끝내는 토익스피킹 All in One - 2026 최신 기출 전면 개정판
9788965424338,2주만에끝내는해커스지텔프문법level2최신개정판gtelpkorea공식지정5급공무원회계사노무사감정평가사세무사대비영어시험gtelp문법암기노트,IH-ALADIN-9788965424338,2주 만에 끝내는 해커스 지텔프 문법 (G-TELP) Level. 2 - 최신개정판|G-TELP KOREA(지텔프코리아) 공식 지정|5급 공무원·회계사·노무사·감정평가사·세무사 대비 영어시험|G-TELP 문법 암기 노트
9771739514007,ebsfmradio귀가트이는영어20267,IH-ALADIN-9771739514007,EBS FM Radio 귀가 트이는 영어 2026.7
9791169665292,2026심우철하프모의고사season4국가직대비공무원영어,IH-ALADIN-9791169665292,2026 심우철 하프 모의고사 Season 4 : 국가직 대비 - 공무원 영어
9791125340416,juniorreadingexpert2중학생을위한원서독해교재,IH-ALADIN-9791125340416,Junior Reading Expert 2 - 중학생을 위한 원서독해교재
9788990700483,해커스리스닝인트로영어청취의시작토플ielts텝스특목고,IH-ALADIN-9788990700483,"해커스 리스닝 인트로 (Hackers Listening Intro) - 영어청취의 시작, 토플·IELTS·텝스·특목고"
9788996241669,장수경의삼원소영문법전3권개정판,IH-ALADIN-9788996241669,장수경의 삼원소 영문법 - 전3권 - 개정판
9791125329305,readingexpert4a5levelreadingcourseforeflreaders,IH-ALADIN-9791125329305,Reading Expert 4 - A 5-level Reading Course for EFL Readers
9788965424864,10일만에끝내는해커스토익스피킹스타트최신기출완벽반영토스기초에서실전까지한번에무료말하기연습프로그램무료교재mp3제공,IH-ALADIN-9788965424864,10일 만에 끝내는 해커스 토익스피킹(토스) 스타트 - 최신 기출 완벽 반영｜토스 기초에서 실전까지 한 번에!｜무료 말하기 연습 프로그램+무료 교재 MP3 제공
9788965425915,한권으로끝내는토익실전lcrc1listening5회분reading5회분l최신기출유형100반영2주완성교재실전용복습용mp3온라인실전모의고사제공,IH-ALADIN-9788965425915,한 권으로 끝내는 토익 실전 LC + RC 1 (모의고사 문제집 + 해설집) - Listening 5회분 + Reading 5회분 l 최신기출유형 100% 반영 ㅣ 2주 완성 [교재 실전용+복습용 MP3ㅣ온라인 실전모의고사 제공]
9791166091803,마법같은블록구문고등영어기본편,IH-ALADIN-9791166091803,마법같은 블록구문 고등영어 기본편 (2026년용)
9791125337119,초등그래머인사이드grammarinsidelevel2,IH-ALADIN-9791125337119,초등 그래머 인사이드 Grammar Inside Level 2
9791125340423,juniorreadingexpert3중학생을위한원서독해교재,IH-ALADIN-9791125340423,Junior Reading Expert 3 - 중학생을 위한 원서독해교재
9791161509143,서아쌤의토익비밀과외어디서도알려준적없는토익고득점비밀과외,IH-ALADIN-9791161509143,서아쌤의 토익 비밀과외 - 어디서도 알려준 적 없는 토익 고득점 비밀과외
9788965422297,해커스아이엘츠리딩아이엘츠유형별공략으로overall고득점달성,IH-ALADIN-9788965422297,해커스 아이엘츠 리딩 (Hackers IELTS Reading) - 아이엘츠 유형별 공략으로 Overall 고득점 달성!
9791161508849,서아쌤의토익비밀과외start토익베스트셀러1위저자서아쌤의토익700완성입문서,IH-ALADIN-9791161508849,"서아쌤의 토익 비밀과외 START - 토익 베스트셀러 1위 저자, 서아쌤의 토익 700+ 완성 입문서"
9791191343984,holes홀스개정판,IH-ALADIN-9791191343984,Holes 홀스 (영어원서 + 워크북 + 음원 QR코드) - 개정판
9788917239089,ets토익단기공략part56본책해설집어플채점서비스기출문제한국독점출간실전모의고사2회수록,IH-ALADIN-9788917239089,ETS 토익 단기공략 Part 5 6 - 본책 + 해설집 + 어플 채점서비스 / 기출문제 한국 독점출간 / 실전 모의고사 2회 수록
9791169406161,리더스뱅크readersbanklevel22022개정교육과정,IH-ALADIN-9791169406161,리더스뱅크 Reader's Bank Level 2 - 2022 개정 교육과정
9788968065866,어법끝start실력다지기수능내신어법의적용,IH-ALADIN-9788968065866,어법끝 Start 실력다지기 - 수능.내신 어법의 적용
9791165758622,100발100중기출문제집2학기중간고사중1영어동아윤정미,IH-ALADIN-9791165758622,100발 100중 기출문제집 2학기 중간고사 중1 영어 동아 윤정미 (2026년용)
9791169406208,리더스뱅크readersbanklevel12022개정교육과정,IH-ALADIN-9791169406208,리더스뱅크 Reader's Bank Level 1 - 2022 개정 교육과정
9788900434941,뜯어먹는중학영숙어100050일완성,IH-ALADIN-9788900434941,뜯어먹는 중학 영숙어 1000 - 50일 완성
9788927701330,동사중심네이티브영어표현력사전,IH-ALADIN-9788927701330,동사 중심 네이티브 영어표현력 사전
9788993432442,mdvoca33000,IH-ALADIN-9788993432442,MD VOCA 33000
9788925552651,잠수네프리스쿨영어공부법엄마와아이가모두행복한5세6세7세로드맵,IH-ALADIN-9788925552651,잠수네 프리스쿨 영어공부법 - 엄마와 아이가 모두 행복한 5세.6세.7세 로드맵
9791143600141,ebsfinal실전모의고사영어영역2027학년도수능대비,IH-ALADIN-9791143600141,EBS FINAL 실전모의고사 영어영역 (2026년) - 2027학년도 수능 대비
9791169665087,2026심우철하프모의고사season390공무원영어,IH-ALADIN-9791169665087,2026 심우철 하프 모의고사 Season 3 : 90+ - 공무원 영어
9771599499001,ebsfmradio중급일본어회화20267,IH-ALADIN-9771599499001,EBS FM Radio 중급 일본어 회화 2026.7
9791174044945,2026해커스공무원실전동형모의고사영어112회분국가직지방직등9급전직렬시험대비신유형반영공무원영어무료특강공무원보카어플모바일자동채점성적분석서비스,IH-ALADIN-9791174044945,"2026 해커스공무원 실전동형모의고사 영어 1 12회분 (9급 공무원) - 국가직, 지방직 등 9급 전 직렬 시험 대비 | 신유형 반영 | 공무원 영어 무료 특강 | 공무원 보카 어플 | 모바일 자동 채점+성적 분석 서비스"
9791175630710,마더텅수능기출전국연합학력평가20분미니모의고사24회고1영어영역,IH-ALADIN-9791175630710,마더텅 수능기출 전국연합 학력평가 20분 미니모의고사 24회 고1 영어 영역 (2026년)
9791162409022,xistory자이스토리영어어법어휘기본2022개정교육과정수능기출문제집,IH-ALADIN-9791162409022,"Xistory 자이스토리 영어 어법·어휘 기본 (2026년) - 2022 개정 교육과정, 수능기출문제집"
9791125340409,juniorreadingexpert1예비중학생및중학생을위한원서독해교재,IH-ALADIN-9791125340409,Junior Reading Expert 1 - 예비중학생 및 중학생을 위한 원서독해교재
9791125329312,readingexpert5a5levelreadingcourseforeflreaders,IH-ALADIN-9791125329312,Reading Expert 5 - A 5-level Reading Course for EFL Readers
9791188808816,어원덕분에영어공부가쉬워졌습니다쉽고재미있게배우는영어어원그림책,IH-ALADIN-9791188808816,어원 덕분에 영어 공부가 쉬워졌습니다 - 쉽고 재미있게 배우는 영어 어원 그림책
9771599498004,ebsfmradio초급일본어회화20267,IH-ALADIN-9771599498004,EBS FM Radio 초급 일본어 회화 2026.7
9791173490538,mvpvol2편입공무원toefltoeictepssatgre대비필수voca,IH-ALADIN-9791173490538,"MVP Vol.2 - 편입, 공무원, TOEFL, TOEIC, TEPS, SAT, GRE 대비 필수 VOCA"
9788965422327,해커스아이엘츠라이팅아이엘츠유형별공략으로overall고득점달성academicmodule,IH-ALADIN-9788965422327,"해커스 아이엘츠 라이팅 (Hackers IELTS Writing) - 아이엘츠 유형별 공략으로 Overall 고득점 달성!, ACADEMIC MODULE"
9791188228072,longmangrammarmentorjoy4,IH-ALADIN-9791188228072,Longman Grammar Mentor Joy 4
9791166835988,여행영어100일의기적해외여행준비d100프로젝트,IH-ALADIN-9791166835988,여행영어 100일의 기적 - 해외여행 준비 D-100 프로젝트
9788900484878,특급기출중학영어122학기통합동아윤정미2022개정교육과정중학영어교과서점유율1위,IH-ALADIN-9788900484878,"특급기출 중학 영어 1-2 2학기 통합 동아 윤정미 (2026년용) - 2022 개정 교육과정, 중학 영어 교과서 점유율 1위"
9788968062711,천일문starter21001개문장으로익히는중등필수구문문법,IH-ALADIN-9788968062711,"천일문 STARTER 2 - 1,001개 문장으로 익히는 중등 필수 구문 & 문법"
9791196618384,미국드라마로배우는영어표현,IH-ALADIN-9791196618384,미국드라마로 배우는 영어표현
9791166082863,씨뮬14th전국연합3년간기출모의고사고1영어내신학평,IH-ALADIN-9791166082863,씨뮬 14th 전국연합 3년간 기출 모의고사 고1 영어 (2026년) - 내신·학평
9788917235951,ets토익정기시험예상문제집lc실전5세트allnew최신개발etstoeic출제기관독점제공문제집해설집정기시험성우음원mp3무료제공,IH-ALADIN-9788917235951,ETS 토익 정기시험 예상문제집 LC(리스닝) 실전 5세트 All New 최신개발 - ETS TOEIC 출제기관 독점제공 / 문제집 + 해설집 + 정기시험 성우 음원 MP3 무료 제공
9788968064760,미리수능영어기초독해중학생을위한수능영어첫단추,IH-ALADIN-9788968064760,미리 수능 영어 기초 독해 - 중학생을 위한 수능 영어 첫단추
9788974578350,미국교과서읽는리딩core1미국초등56학년과정,IH-ALADIN-9788974578350,미국교과서 읽는 리딩 Core 1 (Student Book + Workbook + Audio QR code) - 미국 초등 5.6학년 과정
9788965423072,해커스토플액츄얼테스트리스닝고득점을위한토플마무리실전서ibt토플실전모의고사7회분제공,IH-ALADIN-9788965423072,"해커스 토플 액츄얼 테스트 리스닝 (Hackers TOEFL Actual Test Listening) - 고득점을 위한 토플 마무리 실전서, iBT 토플 실전모의고사 7회분 제공 (교재 6회분 + 온라인 1회분)"
9788964358245,bricks중학grammar2,IH-ALADIN-9788964358245,Bricks 중학 Grammar 2
9788965423058,해커스토플리스닝베이직토플리스닝의기본서,IH-ALADIN-9788965423058,해커스 토플 리스닝 베이직 (Hackers TOEFL Listening Basic) - 토플 리스닝의 기본서
9791125340430,juniorreadingexpert4중학생을위한원서독해교재,IH-ALADIN-9791125340430,Junior Reading Expert 4 - 중학생을 위한 원서독해교재
9791175630727,마더텅수능기출전국연합학력평가20분미니모의고사24회고2영어영역,IH-ALADIN-9791175630727,마더텅 수능기출 전국연합 학력평가 20분 미니모의고사 24회 고2 영어 영역 (2026년)
9791173491221,필수vocamvpvol1편입공무원toefltoeictepssatgre대비필수voca,IH-ALADIN-9791173491221,"필수 VOCA MVP Vol.1 - 편입, 공무원, TOEFL, TOEIC, TEPS, SAT, GRE 대비 필수 VOCA"
9791173168079,리더스뱅크readersbanklevel52022개정교육과정중2수준,IH-ALADIN-9791173168079,"리더스뱅크 Reader's Bank Level 5 - 2022 개정 교육과정, 중2 수준"
9788917230581,옥스포드practicalenglishusage실용어법사전4thedition전면개정판,IH-ALADIN-9788917230581,옥스포드 Practical English Usage 실용어법사전 (한국어판) - 4th Edition 전면개정판
9791173168055,리더스뱅크readersbanklevel32022개정교육과정중1수준,IH-ALADIN-9791173168055,"리더스뱅크 Reader's Bank Level 3 - 2022 개정 교육과정, 중1 수준"
9791169666060,2027심우철영기싹영어기초싹쓸이공무원영어,IH-ALADIN-9791169666060,2027 심우철 영기싹 : 영어 기초 싹쓸이 - 공무원 영어
9772234148001,ebsfmradioeasywriting이지라이팅20267,IH-ALADIN-9772234148001,EBS FM Radio Easy Writing 이지 라이팅 2026.7
9791125337126,초등그래머인사이드grammarinsidelevel3,IH-ALADIN-9791125337126,초등 그래머 인사이드 Grammar Inside Level 3
9788917228069,etstoeictest공식문제집lc출제기관미공개2017최신실전문항독점공개,IH-ALADIN-9788917228069,ETS TOEIC Test 공식문제집 LC - 출제기관 미공개 2017 최신 실전문항 독점 공개
9791169666428,2027심슨문법공무원영어,IH-ALADIN-9791169666428,2027 심슨 문법 - 공무원 영어
9791125340706,필히통하는고등서술형기본편,IH-ALADIN-9791125340706,필히 통하는 고등 서술형 기본편 (2024년용)
9791165211363,스피킹매트릭스2분영어말하기국내1위영어스피킹훈련프로그램,IH-ALADIN-9791165211363,스피킹 매트릭스 : 2분 영어 말하기 - 국내 1위 영어 스피킹 훈련 프로그램
9788917228076,etstoeictest공식문제집rc출제기관미공개2017최신실전문항독점공개,IH-ALADIN-9788917228076,ETS TOEIC Test 공식문제집 RC (문제집 + 해설집 + ETS 빈출어휘 PDF 파일) - 출제기관 미공개 2017 최신 실전문항 독점 공개
9788965422303,해커스아이엘츠리스닝아이엘츠유형별공략으로overall고득점달성,IH-ALADIN-9788965422303,해커스 아이엘츠 리스닝 (Hackers IELTS Listening) - 아이엘츠 유형별 공략으로 Overall 고득점 달성!
9788965424789,기출로적중해커스고등영문법고교내신수능대비고등영어문법한권완성기초문법부록제공,IH-ALADIN-9788965424789,기출로 적중 해커스 고등영문법 - 고교 내신 · 수능 대비ㅣ고등영어문법 한 권 완성ㅣ기초문법 부록 제공
9788994521626,preparationbookforthetoefljuniortestrcintermediatefocusonquestiontypes,IH-ALADIN-9788994521626,Preparation Book for the TOEFL Junior Test RC Intermediate - Focus on Question Types
9791173168062,리더스뱅크readersbanklevel42022개정교육과정중1수준,IH-ALADIN-9791173168062,"리더스뱅크 Reader's Bank Level 4 - 2022 개정 교육과정, 중1 수준"
9788954761673,ebs왕초보영어여행편마스터유진과함께하는여행영어,IH-ALADIN-9788954761673,EBS 왕초보 영어 : 여행편 - 마스터유진과 함께하는 여행영어
9791125350682,grammarzone중등필수withworkbook,IH-ALADIN-9791125350682,Grammar Zone 중등 필수 - with Workbook
9791165758967,100발100중기출문제집최종점검2학기전과정중1영어동아윤정미,IH-ALADIN-9791165758967,100발 100중 기출문제집 최종점검 2학기 전과정 중1 영어 동아 윤정미 (2026년용)
9791165211356,스피킹매트릭스1분영어말하기국내1위영어스피킹훈련프로그램,IH-ALADIN-9791165211356,스피킹 매트릭스 : 1분 영어 말하기 - 국내 1위 영어 스피킹 훈련 프로그램
9791162720844,중학영문법3800제중간기말고사대비편3학년,IH-ALADIN-9791162720844,중학영문법 3800제 중간.기말고사 대비편 3학년
9791190768009,패턴과구조영문법,IH-ALADIN-9791190768009,패턴과 구조 영문법
9791155817933,김원장s어원365,IH-ALADIN-9791155817933,김 원장’s 어원 365
9788917239478,ets토익단기공략첫걸음기출문제한국독점출간,IH-ALADIN-9788917239478,ETS 토익 단기공략 첫걸음 (LC+RC+VOCA) - 기출문제 한국 독점 출간
9791157686445,처음부터시작하는어션영어의진짜기초영어알파벳부터파닉스단어문법패턴회화까지한권에,IH-ALADIN-9791157686445,"처음부터 시작하는 어션영어의 진짜 기초영어 - 알파벳부터 파닉스, 단어, 문법, 패턴, 회화까지 한 권에"
9788964359112,bricksgrammar1withworkbook,IH-ALADIN-9788964359112,Bricks Grammar 1 - with workbook
9791164065196,슈퍼파닉스한글1모음한글소리를알면읽기가저절로된다2026소비자선정최고의브랜드대상수상,IH-ALADIN-9791164065196,"슈퍼 파닉스 한글 1 : 모음 - 한글, 소리를 알면 읽기가 저절로 된다!, 2026 소비자 선정 최고의 브랜드 대상 수상"
9788965426080,해커스토플리딩베이직개정증보판ibt토플리딩실전모의고사지문녹음단어암기mp3제공토플리딩의기본서,IH-ALADIN-9788965426080,"해커스 토플 리딩 베이직 (Hackers TOEFL Reading Basic) : 개정증보판 - iBT 토플 리딩 실전모의고사, 지문녹음&단어암기 MP3 제공, 토플 리딩의 기본서"
9791158681722,읽으면서바로써먹는어린이영단어,IH-ALADIN-9791158681722,읽으면서 바로 써먹는 어린이 영단어
9788971724385,어린왕자thelittleprince합본,IH-ALADIN-9788971724385,어린왕자 The Little Prince (한글판 + 영문판) - 합본
9791157523641,thisisgrammar초급2최신개정판,IH-ALADIN-9791157523641,This Is Grammar 초급 2 - 최신개정판
9791125342878,1316readinglevel1기초부터내신까지중학독해완성,IH-ALADIN-9791125342878,1316 Reading Level 1 - 기초부터 내신까지 중학 독해 완성
9788964359129,bricksgrammar2,IH-ALADIN-9788964359129,Bricks Grammar 2 (교재 + 워크북)
9788994521572,preparationbookforthetoefljuniortestlcbasicfocusonquestiontypes,IH-ALADIN-9788994521572,Preparation Book for the TOEFL Junior Test LC Basic - Focus on Question Types
9788965424314,hackersreadingsmartlevel1최신경향의흥미롭고유익한지문l최신중학교육과정이철저히반영된문제제공,IH-ALADIN-9788965424314,Hackers Reading Smart (해커스 리딩 스마트) Level 1 - 최신경향의 흥미롭고 유익한 지문 l 최신 중학교육과정이 철저히 반영된 문제 제공
9788971724378,thelittleprince영문판,IH-ALADIN-9788971724378,The Little Prince (어린왕자) - 영문판
9788965424383,hackersreadingsmartlevel2최신경향의흥미롭고유익한지문l최신중학교육과정이철저히반영된문제제공,IH-ALADIN-9788965424383,Hackers Reading Smart (해커스 리딩 스마트) Level 2 - 최신경향의 흥미롭고 유익한 지문 l 최신 중학교육과정이 철저히 반영된 문제 제공
9791157523665,thisisgrammar중급2최신개정판,IH-ALADIN-9791157523665,This Is Grammar 중급 2 - 최신개정판
9788925558455,잠수네초등34학년공부법영어수학국어사회과학,IH-ALADIN-9788925558455,"잠수네 초등 3, 4학년 공부법 - 영어.수학.국어.사회.과학"
9788964359136,bricksgrammar3,IH-ALADIN-9788964359136,Bricks Grammar 3 (교재 + 워크북)
9788917239638,ybm실전토익rc10001문제집해설집무료동영상무료단어장pdf음원,IH-ALADIN-9788917239638,YBM 실전토익 RC 1000 1 (전면개정판) - 문제집 + 해설집 + 무료 동영상 + 무료 단어장 PDF&음원
9788965428121,해커스updated토플리딩베이직2026newtoefl완벽반영기초부터실전까지20일완성본교재인강단어암기장및단어암기mp3ibt토플리딩실전모의고사,IH-ALADIN-9788965428121,해커스 Updated 토플 리딩 베이직 (Hackers Updated TOEFL READING BASIC) - 2026 NEW TOEFL 완벽 반영 | 기초부터 실전까지 20일 완성 | 본 교재 인강 | 단어암기장 및 단어암기 MP3 | iBT 토플 리딩 실전모의고사
9791125350699,grammarzone고등기본withworkbook,IH-ALADIN-9791125350699,Grammar Zone 고등 기본 - with Workbook
9788965427391,해커스고등서술형쓰기의기술기본편문법포인트를알면서술형이술술풀린다전국고등학교영어내신빈출포인트반영서술형실전모의고사5회분,IH-ALADIN-9788965427391,해커스 고등 서술형 쓰기의 기술 기본편 - 문법 포인트를 알면 서술형이 술술 풀린다! | 전국 고등학교 영어 내신 빈출 포인트 반영 | 서술형 실전 모의고사 5회분
9788965422310,해커스아이엘츠스피킹아이엘츠주제별공략으로overall고득점달성,IH-ALADIN-9788965422310,해커스 아이엘츠 스피킹 (Hackers IELTS Speaking) - 아이엘츠 주제별 공략으로 Overall 고득점 달성!
9791191343861,thegiver더기버개정판,IH-ALADIN-9791191343861,The Giver 더 기버 (영어원서 + 워크북 + 오디오북) - 개정판
9788968064777,미리수능영어유형독해중학생을위한수능영어첫단추,IH-ALADIN-9788968064777,미리 수능 영어 유형 독해 - 중학생을 위한 수능 영어 첫단추
9788957974650,문맥순해빠른독해의지름길,IH-ALADIN-9788957974650,문맥순해 - 빠른 독해의 지름길
9791169664936,2026심슨구문300제공무원영어,IH-ALADIN-9791169664936,2026 심슨 구문 300제 - 공무원 영어
9788968062469,초등영어독해왓츠리딩70a쉽고재미있게완성되는영어독해력,IH-ALADIN-9788968062469,초등 영어 독해 왓츠 리딩 (What’s Reading) 70A - 쉽고 재미있게 완성되는 영어독해력
9788986451160,성문종합영어,IH-ALADIN-9788986451160,성문 종합영어 (2023년 개정판)
9788965426028,해커스토플액츄얼테스트리딩개정증보판ibt리딩실전모의고사10회단어암기지문녹음mp3토플시험실전서,IH-ALADIN-9788965426028,"해커스 토플 액츄얼 테스트 리딩 (Hackers TOEFL Actual Test Reading), 개정증보판 - iBT 리딩 실전모의고사 10회(교재 9회+온라인 1회), 단어암기&지문녹음 MP3, 토플 시험 실전서"
9788987915685,노팅힐,IH-ALADIN-9788987915685,노팅힐 (대본 + MP3 CD 1장)
9791125337133,초등그래머인사이드grammarinsidelevel4,IH-ALADIN-9791125337133,초등 그래머 인사이드 Grammar Inside Level 4
9791160492064,켈리지텔프해석point13해석편2주만에끝내는해설법2025개정판,IH-ALADIN-9791160492064,"켈리 지텔프 해석 POINT 13 : 해석편 - 2주만에 끝내는 해설법, 2025 개정판"
9791169665049,2026심우철독해풀이전략서공무원영어,IH-ALADIN-9791169665049,2026 심우철 독해 풀이 전략서 (독풀전) - 공무원 영어
9791187158424,생활영어문법패턴장소별여행영어519,IH-ALADIN-9791187158424,생활영어 문법패턴 + 장소별 여행영어 519
9788965422426,해커스아이엘츠리딩베이직아이엘츠입문자를위한맞춤기본서아이엘츠최신경향반영,IH-ALADIN-9788965422426,해커스 아이엘츠 리딩 베이직 (Hackers IELTS Reading Basic) - 아이엘츠 입문자를 위한 맞춤 기본서 / 아이엘츠 최신 경향 반영
9791175630932,마더텅전국연합학력평가기출모의고사3개년12회고1영어영역연도별기출문제집,IH-ALADIN-9791175630932,마더텅 전국연합 학력평가 기출 모의고사 3개년 12회 고1 영어 영역 (2026년) - 연도별 기출문제집
9791140708260,시나공토익파트56실전문제집,IH-ALADIN-9791140708260,"시나공 토익 파트 5, 6 실전문제집"
9788917235968,ets토익정기시험예상문제집rc실전5세트allnew최신개발etstoeic출제기관독점제공문제집해설집,IH-ALADIN-9788917235968,ETS 토익 정기시험 예상문제집 RC(리딩) 실전 5세트 All New 최신개발 - ETS TOEIC 출제기관 독점제공 / 문제집 + 해설집
9788926964682,grammarzap기본1문제로개념잡는초등영문법,IH-ALADIN-9788926964682,"Grammar, Zap! 기본 1 - 문제로 개념 잡는 초등 영문법"
9788994283715,우선순위영단어중학교단어실력쑥쑥,IH-ALADIN-9788994283715,우선순위 영단어 (중학) - 중학교 단어실력 쑥쑥
9791162374351,eeaenglishforeverydayactivities일상활용이디엄편,IH-ALADIN-9791162374351,EEA : English for Everyday Activities 일상활용 이디엄편
9791162371749,eeaenglishforeverydayactivities일상표현낭독편activitybook50일영어낭독으로원어민되기,IH-ALADIN-9791162371749,EEA : English for Everyday Activities 일상표현 낭독편 Activity Book - 50일 영어낭독으로 원어민 되기
9791164065127,기적의영어문장만들기11형식문장단어블록연결로초등문법과작문을동시에해결,IH-ALADIN-9791164065127,기적의 영어문장 만들기 1 : 1형식 문장 - 단어 블록 연결로 초등 문법과 작문을 동시에 해결!
9791175632042,2027마더텅수능기출20분미니모의고사24회고3영어영역,IH-ALADIN-9791175632042,2027 마더텅 수능기출 20분 미니모의고사 24회 고3 영어 영역 (2026년)
9791125324768,쓰기로마스터하는중학서술형1학년최신중간기말고사빈출서술형마스터,IH-ALADIN-9791125324768,쓰기로 마스터하는 중학 서술형 1학년 - 최신 중간.기말고사 빈출 서술형 마스터
9791171012527,영어로문장만들기훈련일상표현편,IH-ALADIN-9791171012527,영어로 문장 만들기 훈련 : 일상 표현편
9788900490367,ebsfmradiostartenglish20267영어말하기의첫걸음,IH-ALADIN-9788900490367,EBS FM Radio Start English 2026.7 - 영어 말하기의 첫걸음!
9791125337140,초등그래머인사이드grammarinsidelevel5,IH-ALADIN-9791125337140,초등 그래머 인사이드 Grammar Inside Level 5
9791125337157,초등그래머인사이드grammarinsidelevel6,IH-ALADIN-9791125337157,초등 그래머 인사이드 Grammar Inside Level 6
9788956054421,harrypotterandthesorcerersstone,IH-ALADIN-9788956054421,Harry Potter and the Sorcerer's Stone (원서 읽는 단어장: Paperback)
9788968064364,쎄듀빈순삽함전략편빈칸추론글의순서문장삽입함의추론,IH-ALADIN-9788968064364,쎄듀 빈순삽함 전략편 - 빈칸추론/글의순서/문장삽입/함의추론
9788960498440,거의모든숫자표현의영어,IH-ALADIN-9788960498440,거의 모든 숫자 표현의 영어
9791164062751,기적의동사변화트레이닝한권연습으로동사의3단변화형이저절로외워지는,IH-ALADIN-9791164062751,기적의 동사 변화 트레이닝 - 한 권 연습으로 동사의 3단 변화형이 저절로 외워지는
9791175630949,마더텅전국연합학력평가기출모의고사3개년12회고2영어영역연도별기출문제집,IH-ALADIN-9791175630949,마더텅 전국연합 학력평가 기출 모의고사 3개년 12회 고2 영어 영역 (2026년) - 연도별 기출문제집
9791169664899,vocavoca보카보카공무원영어입문을위한중학기초영단어,IH-ALADIN-9791169664899,VOCA VOCA 보카보카 - 공무원 영어 입문을 위한 중학 기초 영단어
9788965424390,hackersreadingsmartlevel3최신경향의흥미롭고유익한지문l최신중학교육과정이철저히반영된문제제공,IH-ALADIN-9788965424390,Hackers Reading Smart (해커스 리딩 스마트) Level 3 - 최신경향의 흥미롭고 유익한 지문 l 최신 중학교육과정이 철저히 반영된 문제 제공
9788917239621,ybm실전토익lc10001문제집해설집mp3파일무료동영상무료단어장pdf음원,IH-ALADIN-9788917239621,YBM 실전토익 LC 1000 1 (전면개정판) - 문제집 + 해설집 + MP3 파일 + 무료 동영상 + 무료 단어장 PDF&음원
9788965424277,한권으로끝내는해커스지텔프level23250문법독해어휘청취특강79급군무원경찰공무원경찰간부소방간부대비영어시험문법독해어휘,IH-ALADIN-9788965424277,"한 권으로 끝내는 해커스 지텔프(G-TELP) Level 2 32-50+ 문법 + 독해 + 어휘 + 청취특강 - 7.9급 군무원ㅣ경찰공무원ㅣ경찰간부ㅣ소방간부 대비 영어시험, [문법+독해+어휘](+청취 특강)"
9791172101336,네이티브의눈으로다시배우는티처조의영어식사고수업생각이영어가되는2단계사고학습법,IH-ALADIN-9791172101336,네이티브의 눈으로 다시 배우는 티처조의 영어식 사고 수업 - 생각이 영어가 되는 2단계 사고 학습법
9788901298016,daynight50일영어필사더완벽한하루를만드는,IH-ALADIN-9788901298016,DAY&NIGHT 50일 영어 필사 - 더 완벽한 하루를 만드는
9788965422440,해커스아이엘츠라이팅베이직아이엘츠입문자를위한맞춤기본서아이엘츠최신경향반영,IH-ALADIN-9788965422440,해커스 아이엘츠 라이팅 베이직 (Hackers IELTS Writing Basic) - 아이엘츠 입문자를 위한 맞춤 기본서 / 아이엘츠 최신 경향 반영
9791173168086,리더스뱅크readersbanklevel62022개정교육과정중2수준,IH-ALADIN-9791173168086,"리더스뱅크 Reader's Bank Level 6 - 2022 개정 교육과정, 중2 수준"
9788965424659,해커스수능독해불변의패턴유형편수능유형한번에잡는독해기본서,IH-ALADIN-9788965424659,해커스 수능 독해 불변의 패턴 유형편 - 수능 유형 한 번에 잡는 독해 기본서
9791188228133,longmangrammarmentorjoyplus3,IH-ALADIN-9791188228133,Longman Grammar Mentor Joy Plus 3
9791129708502,1일1독해과학이야기1호기심예비초초등2학년,IH-ALADIN-9791129708502,1일 1독해 과학 이야기 1 : 호기심 - 예비초~초등 2학년
9791169665124,2026심슨독해,IH-ALADIN-9791169665124,2026 심슨 독해
9788917239645,박혜원파워토익퀵스타트lcrcmp3파일동영상미니단어장온라인실전모의고사pdf,IH-ALADIN-9788917239645,박혜원 파워토익 퀵스타트 LC + RC - MP3 파일 + 동영상 + 미니 단어장 + 온라인 실전모의고사 PDF
9791169666077,2027심슨구문복습종이,IH-ALADIN-9791169666077,2027 심슨 구문 복습종이
9791169666084,2027심우철영기싹하프모의고사,IH-ALADIN-9791169666084,2027 심우철 영기싹 하프 모의고사
9788974578367,미국교과서읽는리딩core2미국초등56학년과정,IH-ALADIN-9788974578367,미국교과서 읽는 리딩 Core 2 (Student Book + Workbook + Audio QR code) - 미국 초등 5.6학년 과정
9791140717699,사유의문장영어필사100일삶의태도를바꾸는지적인습관,IH-ALADIN-9791140717699,"사유의 문장, 영어 필사 100일 - 삶의 태도를 바꾸는 지적인 습관"
9791164065202,슈퍼파닉스한글2자음한글소리를알면읽기가저절로된다2026소비자선정최고의브랜드대상수상,IH-ALADIN-9791164065202,"슈퍼 파닉스 한글 2 : 자음 - 한글, 소리를 알면 읽기가 저절로 된다!, 2026 소비자 선정 최고의 브랜드 대상 수상"
9791125350705,grammarzone고등필수withworkbook,IH-ALADIN-9791125350705,Grammar Zone 고등 필수 - with Workbook
9791167932365,2026조태정영어백신모의고사season3,IH-ALADIN-9791167932365,2026 조태정 영어 백신 모의고사 (추론 출제 경향) Season 3
9788959973361,능률junior영어사전,IH-ALADIN-9788959973361,능률 Junior 영어사전 (사전 + 별책)
9791194687986,2026서울대teps공식기출문제집5회분teps출제기관공식수험서,IH-ALADIN-9791194687986,2026 서울대 TEPS 공식 기출문제집 5회분 - TEPS 출제기관 공식 수험서
9788917237962,ets토익단기공략part7본책해설집어플채점서비스기출문제한국독점출간실전모의고사5회,IH-ALADIN-9788917237962,ETS 토익 단기공략 Part 7 - 본책 + 해설집 + 어플 채점서비스 / 기출문제 한국 독점출간 / 실전 모의고사 5회
9791198460165,영어글쓰기도약thebluebook,IH-ALADIN-9791198460165,영어 글쓰기 도약 The Blue Book
9788968830129,정철의로마서8장영어로통독암송성령안에서누리는자유,IH-ALADIN-9788968830129,정철의 로마서 8장 영어로 통독암송 - 성령 안에서 누리는 자유
9788965424703,hackersapexreadingforthetoeflibtintermediatenewtoefleditionl토플지문학습을통한독해력완성l해설집무료mp3다운로드,IH-ALADIN-9788965424703,HACKERS APEX READING for the TOEFL iBT Intermediate - NEW TOEFL EDITION l 토플지문 학습을 통한 독해력 완성 l 해설집 + 무료 MP3 다운로드
9791194320371,성정혜영어실용적voca완주가쉬워지는45일완성어휘집,IH-ALADIN-9791194320371,성정혜 영어 실용적 VOCA - 완주가 쉬워지는 45일 완성 어휘집
9788917238877,ets토익스피킹기출문제집최신개정12회2022년6월개정시험반영기출문제한국독점출간,IH-ALADIN-9788917238877,"ETS 토익스피킹(토스) 기출문제집 최신개정 12회 - 2022년 6월 개정 시험 반영, 기출문제 한국 독점 출간"
9791173168093,리더스뱅크readersbanklevel72022개정교육과정중3수준,IH-ALADIN-9791173168093,"리더스뱅크 Reader's Bank Level 7 - 2022 개정 교육과정, 중3 수준"
9788927761457,영어콜로케이션사전최적의의미단위영어학습법,IH-ALADIN-9788927761457,영어 콜로케이션 사전 - 최적의 의미단위 영어학습법
9788960764880,블랙라벨커넥티드voca유의어반의어혼동어다의어파생어,IH-ALADIN-9788960764880,"블랙라벨 커넥티드 VOCA - 유의어, 반의어, 혼동어, 다의어, 파생어"
9791125342908,1316listeninglevel1기초부터내신까지중학듣기완성,IH-ALADIN-9791125342908,1316 Listening Level 1 - 기초부터 내신까지 중학 듣기 완성
9791187158417,스티브잡스연설문영어쉐도잉오헨리의20년후단편소설,IH-ALADIN-9791187158417,스티브 잡스 연설문 영어 쉐도잉 + 오 헨리의 20년 후 단편소설
9788900484007,올쏘중학역사22022개정교육과정내신대비서,IH-ALADIN-9788900484007,"올쏘 중학 역사 ①-2 (2026년용) - 2022 개정 교육과정, 내신 대비서"
9791161508795,5일만에끝내는토익스피킹실전모의고사20회,IH-ALADIN-9791161508795,5일 만에 끝내는 토익스피킹 실전 모의고사 20회
9788965422433,해커스아이엘츠리스닝베이직아이엘츠입문자를위한4주완성맞춤listening기본서최신경향반영한최신판,IH-ALADIN-9788965422433,해커스 아이엘츠 리스닝 베이직 (Hackers IELTS Listening Basic) - 아이엘츠 입문자를 위한 4주완성 맞춤 Listening 기본서! 최신경향 반영한 최신판
9788934922896,동사를알면죽은영어도살린다1,IH-ALADIN-9788934922896,동사를 알면 죽은 영어도 살린다 1
9791161509358,시원스쿨토익기출유형모의고사3회분최신기출트렌드반영최신논란문제수록,IH-ALADIN-9791161509358,시원스쿨 토익 기출유형 모의고사 3회분 (2025년) - 최신 기출 트렌드 반영 & 최신 논란문제 수록
9791161503073,15개템플릿으로끝내는토익스피킹필수전략서단기간에토익스피킹을마스터하는15개템플릿전략,IH-ALADIN-9791161503073,15개 템플릿으로 끝내는 토익스피킹 필수 전략서 - 단기간에 토익스피킹을 마스터하는 15개 템플릿 전략
9791171011568,거의모든상태표현의영어,IH-ALADIN-9791171011568,거의 모든 상태 표현의 영어
9788965425069,해커스토익실전1000제1rcreading해설집최신기출유형100반영온라인실전모의고사정답녹음mp3무료동영상강의제공,IH-ALADIN-9788965425069,해커스 토익 실전 1000제 1 RC Reading(리딩) 해설집 - 최신기출유형 100% 반영 [온라인 실전모의고사ㅣ정답녹음 MP3ㅣ무료 동영상강의 제공]
9788968064371,쎄듀빈순삽함실전편빈칸추론글의순서문장삽입함의추론,IH-ALADIN-9788968064371,쎄듀 빈순삽함 실전편 - 빈칸추론/글의순서/문장삽입/함의추론
9791188228171,longmanvocabularymentorjoy1최신개정판,IH-ALADIN-9791188228171,Longman Vocabulary Mentor Joy 1 (책 + QR코드) - 최신개정판
9788926926727,초등영어교과서파닉스1단계3학년과정,IH-ALADIN-9788926926727,초등영어 교과서 파닉스 1단계 - 3학년 과정
9788965428107,해커스updated토플라이팅베이직2026newtoefl완벽반영기초부터실전까지20일완성본교재인강ibt토플라이팅,IH-ALADIN-9788965428107,해커스 Updated 토플 라이팅 베이직 (Hackers Updated TOEFL WRITING BASIC) - 2026 NEW TOEFL 완벽 반영 | 기초부터 실전까지 20일 완성 | 본 교재 인강 | iBT 토플 라이팅
9791140709625,디즈니픽사베스트컬렉션주토피아zootopia국내유일전체대본수록,IH-ALADIN-9791140709625,"디즈니, 픽사 베스트 컬렉션 : 주토피아 Zootopia - 국내 유일 전체 대본 수록!"
9791125340317,readinginside리딩인사이드level1withworkbook,IH-ALADIN-9791125340317,Reading Inside 리딩 인사이드 Level 1 - with Workbook
9788994283708,우선순위기초영단어중학교단어의첫걸음,IH-ALADIN-9788994283708,우선순위 기초 영단어 (중학) - 중학교 단어의 첫걸음
9791161509174,아이엘츠마스터ieltsmaster한권으로끝내는아이엘츠마스터,IH-ALADIN-9791161509174,아이엘츠 마스터 IELTS MASTER - 한 권으로 끝내는 아이엘츠 마스터
9791157527021,나만의영어필기체쓰기mycursivehandwritingbook,IH-ALADIN-9791157527021,나만의 영어 필기체 쓰기 (스프링) - My Cursive Handwriting Book
9788965428091,해커스updated토플리스닝베이직2026년1월21일newtoefl완벽대비기초부터실전까지20일완성본교재인강쉐도잉프로그램교재mp3ibt토플리스닝실전모의고사,IH-ALADIN-9788965428091,해커스 Updated 토플 리스닝 베이직 (Hackers Updated TOEFL Listening Basic) - 2026년 1월 21일 NEW TOEFL 완벽 대비 | 기초부터 실전까지 20일 완성 | 본 교재 인강 | 쉐도잉 프로그램 | 교재 MP3 | iBT 토플 리스닝 실전모의고사
9791138925563,리딩마스터readingmaster수능유형수능과내신유형패턴별완벽분석,IH-ALADIN-9791138925563,리딩 마스터 Reading Master 수능 유형 (2026년용) - 수능과 내신 유형 패턴별 완벽 분석
9791166836336,정재현지텔프독해level2단한권으로기초부터실전까지,IH-ALADIN-9791166836336,정재현 지텔프(G-TELP) 독해 LEVEL 2 - 단 한권으로 기초부터 실전까지
9788968062490,초등영어독해왓츠리딩80a쉽고재미있게완성되는영어독해력,IH-ALADIN-9788968062490,초등 영어 독해 왓츠 리딩 (What’s Reading) 80A - 쉽고 재미있게 완성되는 영어독해력
9788986451177,성문기본영어,IH-ALADIN-9788986451177,성문 기본 영어 (2023년 개정판)
9788965427186,해커스토익실전lcrc22024년상반기출제경향완벽반영리스닝5회분리딩5회분교재실전용복습용mp3토익학습어플빅플단어암기장제공,IH-ALADIN-9788965427186,해커스 토익 실전 LC + RC 2 (모의고사 문제집 + 해설집) - 2024년 상반기 출제경향 완벽 반영 ｜ 리스닝 5회분+리딩 5회분 ｜ 교재 실전용+복습용 MP3 ｜ 토익 학습 어플 빅플 ｜ 단어암기장(PDF) 제공
9788960478985,네이티브는쉬운영어로말한다1000문장편,IH-ALADIN-9788960478985,네이티브는 쉬운 영어로 말한다 : 1000문장 편
9791173601910,2026조태정영어리그래머합격문법125,IH-ALADIN-9791173601910,2026 조태정 영어 리그래머(#Re-Grammar) 합격문법 125
9791197084041,문장완성마스터편입논리독해토익토플탭스,IH-ALADIN-9791197084041,문장완성 마스터 - 편입논리 독해 토익 토플 탭스
9791165758387,100발100중기출문제집2학기중간고사중3영어동아윤정미,IH-ALADIN-9791165758387,100발 100중 기출문제집 2학기 중간고사 중3 영어 동아 윤정미 (2026년용)
9791174045737,2026해커스공무원영어적중어휘생활영어200제국가직지방직등9급전직렬시험대비신유형반영공무원영어무료특강공무원보카어플,IH-ALADIN-9791174045737,"2026 해커스공무원 영어 적중 어휘&생활영어 200제 (9급 공무원) - 국가직, 지방직 등 9급 전 직렬 시험 대비｜신유형 반영｜공무원 영어 무료 특강｜공무원 보카 어플"
9791197618543,코알라식영어뉘앙스도감읽지않아도이해쏙쏙,IH-ALADIN-9791197618543,코알라식 영어 뉘앙스 도감 - 읽지 않아도 이해 쏙쏙!
9788965422600,해커스텝스최신기출유형실전모의고사해설집텝스최신시험출제경향반영teps문제스크립트해석해설어휘수록들으면서외우는단어암기자료정답녹음mp3제공,IH-ALADIN-9788965422600,해커스 텝스(TEPS) 최신기출유형 실전모의고사 해설집 - 텝스 최신 시험 출제경향 반영 / TEPS 문제+스크립트+해석+해설+어휘 수록 / 들으면서 외우는 단어암기자료.정답 녹음 MP3 제공
9791171011827,영어로문장만들기훈련3차임계점,IH-ALADIN-9791171011827,영어로 문장 만들기 훈련 3차 임계점
9791166091810,마법같은블록구문고등영어필수편,IH-ALADIN-9791166091810,마법같은 블록구문 고등영어 필수편 (2026년용)
9791160493801,2027켈리지텔프gpoint33문법편최신개정판,IH-ALADIN-9791160493801,2027 켈리 지텔프 G-point 33 : 문법편 - 최신개정판
9788965428343,해커스updated토플리딩인터미디엇2026newtoefl완벽반영토플중급리딩20일완성본교재인강단어암기mp3ibt리딩실전모의고사,IH-ALADIN-9788965428343,해커스 Updated 토플 리딩 인터미디엇 (Hackers Updated TOEFL READING Intermediate) - 2026 NEW TOEFL 완벽 반영 | 토플 중급 리딩 20일 완성 | 본 교재 인강 | 단어암기 MP3 | iBT 리딩 실전모의고사
9788954766418,ebs중학수능특강영어입문미리준비하는중학생을위한,IH-ALADIN-9788954766418,EBS 중학 수능특강 영어 입문 (2026년용) - 미리 준비하는 중학생을 위한
9791163033660,영어동화100편명작동화전세계어린이들이가장많이읽는,IH-ALADIN-9791163033660,영어동화 100편 : 명작동화 - 전 세계 어린이들이 가장 많이 읽는
9791162404706,xistory자이스토리중등포인트리딩level1,IH-ALADIN-9791162404706,Xistory 자이스토리 중등 포인트 리딩 Level 1
9788994521602,preparationbookforthetoefljuniortestlcintermediatefocusonquestiontypes,IH-ALADIN-9788994521602,Preparation Book for the TOEFL Junior Test LC Intermediate - Focus on Question Types
9791164139606,하루한장englishbite알파벳쓰기,IH-ALADIN-9791164139606,하루 한장 English BITE 알파벳 쓰기
9788965422501,해커스아이엘츠스피킹베이직,IH-ALADIN-9788965422501,해커스 아이엘츠 스피킹 베이직 (Hackers IELTS Speaking Basic)
9788927780793,절대어휘510013rdedition,IH-ALADIN-9788927780793,절대어휘 5100 1 (본책 + 워크북 + MP3 + 문제출제프로그램) - 3rd Edition
9788954794947,ebs중학뉴런영어22022개정교육과정,IH-ALADIN-9788954794947,EBS 중학 뉴런 영어 2 (2026년) - 2022 개정 교육과정
9788965422556,해커스텝스중급문법텝스분석반영teps문법의중급학습서해커스텝스중급문법4주완성teps실전모의고사제공,IH-ALADIN-9788965422556,"해커스 텝스 중급 문법 - 텝스 분석 반영, TEPS 문법의 중급 학습서, 해커스텝스?중급 문법 4주 완성,?TEPS?실전모의고사 제공"
9791155817209,콜린스어린이영영사전collinsfirstschooldictionary,IH-ALADIN-9791155817209,콜린스 어린이 영영 사전 Collins First School Dictionary
9788917244182,ybm실전토익rc10002동영상강의part5만점대비추가100제pdf핵심어휘단어장pdf단어암기용mp3app포함부가학습자료100무료제공,IH-ALADIN-9788917244182,"YBM 실전토익 RC 1000 2 (전면개정판) - 동영상 강의 / PART 5 만점 대비 추가 100제 PDF / 핵심 어휘 단어장 PDF, 단어 암기용 MP3/APP 포함 부가학습 자료 100% 무료 제공"
9788928349715,grammarwise그래머와이즈level3,IH-ALADIN-9788928349715,Grammar Wise 그래머 와이즈 Level 3 (문제 중심 수준별 중학 영문법)
9788968064746,미리수능영어문법어법1중학생을위한수능영어첫단추,IH-ALADIN-9788968064746,미리 수능 영어 문법·어법 1 - 중학생을 위한 수능 영어 첫단추
9788965425106,hackersapexreadingforthetoeflibtadvancedapex토플리딩시리즈lnewtoefledition해설집mp3무료다운로드,IH-ALADIN-9788965425106,"HACKERS APEX READING for the TOEFL iBT Advanced - APEX 토플 리딩 시리즈 l New TOEFL Edition, [해설집+MP3 무료 다운로드(QR코드 포함)]"
9791161652047,thisisvocabulary초급어휘의기초를다지는최신개정판,IH-ALADIN-9791161652047,"This is Vocabulary 초급 - 어휘의 기초를 다지는, 최신개정판"
9791162404720,xistory자이스토리예비고등포인트리딩level3,IH-ALADIN-9791162404720,Xistory 자이스토리 예비 고등 포인트 리딩 Level 3
9788965422563,해커스텝스중급독해어휘텝스분석반영teps독해어휘의중급학습서해커스텝스중급독해어휘4주완성teps실전모의고사제공,IH-ALADIN-9788965422563,"해커스 텝스 중급 독해·어휘 - 텝스 분석 반영, TEPS 독해 어휘의 중급 학습서, 해커스텝스 중급 독해 어휘 4주 완성, TEPS 실전모의고사 제공"
9791162730546,spotlightononephonicsstudentbook,IH-ALADIN-9791162730546,Spotlight on One Phonics : Student Book (Paperback + E.CODE + APP)
9791125947912,letsgophonics2,IH-ALADIN-9791125947912,LET'S GO Phonics 2
9788965427407,해커스고등서술형쓰기의기술실력편문법포인트를알면서술형이술술풀린다전국고등학교영어내신빈출포인트반영서술형실전모의고사6회분,IH-ALADIN-9788965427407,해커스 고등 서술형 쓰기의 기술 실력편 - 문법 포인트를 알면 서술형이 술술 풀린다! | 전국 고등학교 영어 내신 빈출 포인트 반영 | 서술형 실전 모의고사 6회분
9788968061776,grammarqintermediate2문법응용력을높여주는grammarq,IH-ALADIN-9788968061776,Grammar Q Intermediate 2 - 문법 응용력을 높여주는 GRAMMAR Q
9788964351093,그램그램영문법원정대15대답하라퍼펙트의현재완료퀴즈,IH-ALADIN-9788964351093,그램그램 영문법 원정대 15 - 대답하라! 퍼펙트의 현재완료 퀴즈
9788917244175,ybm실전토익lc10002동영상강의mp3스트리밍다운로드part2만점대비추가100제pdf핵심어휘단어장pdf단어암기용mp3app포함부가학습자료100무료제공,IH-ALADIN-9788917244175,"YBM 실전토익 LC 1000 2 (전면개정판) - 동영상 강의 / MP3 스트리밍 & 다운로드 / PART 2 만점 대비 추가 100제 PDF / 핵심 어휘 단어장 PDF, 단어 암기용 MP3/APP 포함 부가학습 자료 100% 무료 제공"
9791161504360,시원스쿨토익실전1500제rc실전15회분집중연습으로토익900종결,IH-ALADIN-9791161504360,시원스쿨 토익 실전 1500제 RC - 실전 15회분 집중 연습으로 토익 900+ 종결
9788968065880,어법끝실전모의고사수능어법파이널점검,IH-ALADIN-9788968065880,어법끝 실전 모의고사 - 수능 어법 파이널 점검
9788917238884,ets토익스피킹기출단기공략최신개정판2022년6월개정시험반영기출문제한국독점출간,IH-ALADIN-9788917238884,"ETS 토익스피킹(토스) 기출단기공략 최신개정판 - 2022년 6월 개정 시험 반영, 기출문제 한국 독점 출간"
9788968064470,초등영어독해왓츠리딩30쉽고재미있게완성되는영어독해력,IH-ALADIN-9788968064470,초등 영어 독해 왓츠 리딩 (What’s Reading) 30 - 쉽고 재미있게 완성되는 영어 독해력
9791157842131,하루3줄영어일기조금씩매일계속영어가일취월장하는3대습관,IH-ALADIN-9791157842131,"하루 3줄 영어 일기 - 조금씩, 매일, 계속! 영어가 일취월장하는 3대 습관"
9788954793261,ebs기초영독해미리완성하는중학기초영독해,IH-ALADIN-9788954793261,EBS 기초 영독해 - 미리 완성하는 중학 기초 영독해
9791195919338,기적의영어알파벳대문자소문자알파벳따라쓰기로alphabet52개수발음쓰기완성,IH-ALADIN-9791195919338,기적의 영어 알파벳 - 대문자 소문자 알파벳 따라쓰기로 alphabet 52개수 발음 쓰기 완성
9788968062506,초등영어독해왓츠리딩80b쉽고재미있게완성되는영어독해력,IH-ALADIN-9788968062506,초등 영어 독해 왓츠 리딩 (What’s Reading) 80B - 쉽고 재미있게 완성되는 영어독해력
9788901118918,똑똑한유아독해1단계1생활글,IH-ALADIN-9788901118918,똑똑한 유아 독해 1단계 1 : 생활글
9788900491487,특급기출중학영어222학기통합동아윤정미2022개정교육과정중학영어교과서점유율1위,IH-ALADIN-9788900491487,"특급기출 중학 영어 2-2 2학기 통합 동아 윤정미 (2026년) - 2022 개정 교육과정, 중학 영어 교과서 점유율 1위"
9791125947905,letsgophonics1,IH-ALADIN-9791125947905,LET'S GO Phonics 1
9788917238174,ybm실전토익rc10003만점대비allnew토익주관사2021최신판본책실전10세트해설집무료동영상강의,IH-ALADIN-9788917238174,YBM 실전토익 RC 1000 3 - 만점대비 ALL NEW / 토익주관사 2021 최신판 / 본책 실전 10세트 + 해설집 + 무료 동영상 강의
9788965422532,해커스텝스베이직리딩텝스필수문법어휘독해4주완성텝스실전모의고사제공본교재동영상강의무료teps유형분석반영,IH-ALADIN-9788965422532,해커스 텝스 베이직 리딩 (TEPS Basic Reading) - 텝스 필수 문법 어휘 독해 4주 완성! / 텝스 실전모의고사 제공 / 본교재 동영상 강의 무료 / TEPS 유형 분석 반영 (학습자료 무료 다운로드 + 단어암기 MP3 무료 다운로드)
9788964358399,englishbus1sb,IH-ALADIN-9788964358399,English Bus 1 SB (Student Book + E.CODE + APP)
9791140715299,영어필사인생의문장들고전명문명언의향기,IH-ALADIN-9791140715299,"영어 필사, 인생의 문장들 - 고전 명문 명언의 향기"
9788965428114,해커스updated토플스피킹베이직2026newtoefl완벽반영기초부터실전까지20일완성본교재인강말하기연습프로그램교재mp3ibt토플스피킹실전모의고사,IH-ALADIN-9788965428114,해커스 Updated 토플 스피킹 베이직 (Hackers Updated TOEFL Speaking Basic) - 2026 NEW TOEFL 완벽 반영 | 기초부터 실전까지 20일 완성 | 본 교재 인강 | 말하기 연습 프로그램 | 교재 MP3 | iBT 토플 스피킹 실전모의고사
9788956603124,뉴욕의사의백신영어내생애마지막영어공부법,IH-ALADIN-9788956603124,뉴욕의사의 백신 영어 - 내 생애 마지막 영어 공부법
9788927701835,뉴스영어네이티브영어표현력사전,IH-ALADIN-9788927701835,뉴스 영어 네이티브 영어표현력 사전
9788952136701,newteps1서울대학교teps관리위원회공식기출문제집,IH-ALADIN-9788952136701,NEW TEPS 1 - 서울대학교 TEPS관리위원회 공식기출문제집
9791169400008,그래머타파grammartapalevel1핵심문법으로격파하는중학영문법특강서,IH-ALADIN-9791169400008,"그래머 타파 Grammar TAPA Level 1 - 핵심 문법으로 격파하는, 중학 영문법 특강서"
9791125342915,1316listeninglevel2기초부터내신까지중학듣기완성,IH-ALADIN-9791125342915,1316 Listening Level 2 - 기초부터 내신까지 중학 듣기 완성
9791186701850,발음을부탁해원리편모두를위한빛나는영어,IH-ALADIN-9791186701850,발음을 부탁해 : 원리편 - 모두를 위한 빛나는 영어!
9788917238167,ybm실전토익lc10003만점대비allnew토익주관사2021최신판본책실전10세트해설집일반고속소음버전mp3무료동영상강의,IH-ALADIN-9788917238167,YBM 실전토익 LC 1000 3 - 만점대비 ALL NEW / 토익주관사 2021 최신판 / 본책 실전 10세트 + 해설집 + 일반?고속?소음 버전 MP3 + 무료 동영상 강의
9791164065134,기적의영어문장만들기22형식문장단어블록연결로초등문법과작문을동시에해결,IH-ALADIN-9791164065134,기적의 영어문장 만들기 2 : 2형식 문장 - 단어 블록 연결로 초등 문법과 작문을 동시에 해결!
9791188228195,longmanvocabularymentorjoy2최신개정판,IH-ALADIN-9791188228195,Longman Vocabulary Mentor Joy 2 (책 + QR코드) - 최신개정판
9788965424697,hackersapexreadingforthetoeflibtbasic토플지문학습을통한독해력완성l해설집무료mp3다운로드,IH-ALADIN-9788965424697,HACKERS APEX READING for the TOEFL iBT Basic - 토플지문 학습을 통한 독해력 완성 l 해설집 + 무료 MP3 다운로드
9788965425083,해커스토익실전1000제1lclistening해설집최신기출유형100반영온라인실전모의고사정답녹음mp3무료동영상강의제공,IH-ALADIN-9788965425083,해커스 토익 실전 1000제 1 LC Listening(리스닝) 해설집 - 최신기출유형 100% 반영 [온라인 실전모의고사ㅣ정답녹음 MP3ㅣ무료 동영상강의 제공]
9788965428367,해커스updated토플리스닝인터미디엇2026newtoefl완벽반영토플중급리스닝20일완성본교재인강교재단어암기mp3ibt리스닝실전모의고사쉐도잉프로그램,IH-ALADIN-9788965428367,해커스 Updated 토플 리스닝 인터미디엇 (Hackers Updated TOEFL LISTENING Intermediate) - 2026 NEW TOEFL 완벽 반영 | 토플 중급 리스닝 20일 완성 | 본 교재 인강 | 교재&단어암기 MP3 | iBT 리스닝 실전모의고사 | 쉐도잉 프로그램
9791125348276,달곰한literacyreadinglevel1,IH-ALADIN-9791125348276,달곰한 LITERACY Reading Level 1
9788965422570,해커스텝스중급청해teps최신출제경향반영텝스청해중급에서상급으로,IH-ALADIN-9788965422570,"해커스 텝스 (TEPS) 중급 청해 - TEPS 최신 출제경향 반영, 텝스 청해 중급에서 상급으로!"
9791161504377,시원스쿨토익실전1500제lc실전15회분집중연습으로토익900종결,IH-ALADIN-9791161504377,시원스쿨 토익 실전 1500제 LC - 실전 15회분 집중 연습으로 토익 900+ 종결
9791124028353,현서네유튜브영어로드맵초등학교졸업전영어로자유롭게말하는,IH-ALADIN-9791124028353,현서네 유튜브 영어 로드맵 - 초등학교 졸업 전 영어로 자유롭게 말하는
9788927708803,decodingthetoeflibtreadingintermediatenewtoefledition,IH-ALADIN-9788927708803,Decoding the TOEFL iBT Reading Intermediate - New TOEFL Edition
9791194320319,2026성정혜영어단짠피드백모의고사vol3난도변화대응응시전략완성실전훈련,IH-ALADIN-9791194320319,2026 성정혜 영어 단짠 피드백 모의고사 vol.3 - 난도 변화 대응 + 응시 전략 완성 실전 훈련
9788998454364,thevoca플러스3완전개정판중2중3대상,IH-ALADIN-9788998454364,"The Voca+ 플러스 3 - 완전개정판, 중2~중3 대상"
9788901118925,똑똑한유아독해1단계2이야기글,IH-ALADIN-9788901118925,똑똑한 유아 독해 1단계 2 : 이야기글
9791125309697,리딩버디1초등학생의영어친구,IH-ALADIN-9791125309697,리딩버디 1 - 초등학생의 영어 친구
9791188700073,엄마표영어이제시작합니다7세까지영어노출제로16세에해외대학입학한비밀,IH-ALADIN-9791188700073,"엄마표 영어 이제 시작합니다 - 7세까지 영어 노출 제로, 16세에 해외 대학 입학한 비밀"
9788994521633,preparationbookforthetoefljuniortestlcadvancedfocusonquestiontypes,IH-ALADIN-9788994521633,Preparation Book for the TOEFL Junior Test LC Advanced - Focus on Question Types
9788968061622,readingqintermediate1,IH-ALADIN-9788968061622,Reading Q : Intermediate 1
9788968062476,초등영어독해왓츠리딩70b쉽고재미있게완성되는영어독해력,IH-ALADIN-9788968062476,초등 영어 독해 왓츠 리딩 (What’s Reading) 70B - 쉽고 재미있게 완성되는 영어독해력
9791125947929,letsgophonics3,IH-ALADIN-9791125947929,LET'S GO Phonics 3
9788998454357,thevoca플러스2완전개정판중1중2대상,IH-ALADIN-9788998454357,"The Voca+ 플러스 2 - 완전개정판, 중1~중2 대상"
9788968064487,초등영어독해왓츠리딩50쉽고재미있게완성되는영어독해력,IH-ALADIN-9788968064487,초등 영어 독해 왓츠 리딩 (What’s Reading) 50 - 쉽고 재미있게 완성되는 영어 독해력
9791162374320,eeaenglishforeverydayactivities서바이벌편activitybook50일롤플레잉연습으로실전영어끝내기,IH-ALADIN-9791162374320,EEA : English for Everyday Activities 서바이벌편 Activity Book - 50일 롤플레잉 연습으로 실전 영어 끝내기
9791166833021,한권으로끝내는필수구문1000제,IH-ALADIN-9791166833021,한 권으로 끝내는 필수 구문 1000제
9788965422549,해커스텝스베이직리스닝텝스청해입문4주완성텝스실전모의고사제공실제텝스성우가녹음한mp3무료teps유형분석반영,IH-ALADIN-9788965422549,해커스 텝스 베이직 리스닝 (TEPS Basic Listening) - 텝스 청해 입문 4주 완성! / 텝스 실전모의고사 제공 / 실제 텝스 성우가 녹음한 MP3 무료 / TEPS 유형 분석 반영 (학습자료 무료 다운로드+단어암기 MP3 무료 다운로드)
9791197084010,er문법1200제basic편입문법토플토익탭스,IH-ALADIN-9791197084010,ER 문법 1200제 Basic - 편입문법 토플 토익 탭스
9788969650900,스타ielts실전writingacademicmoduleielts최신경향100반영실전을그대로옮겨놓은모의고사20회분,IH-ALADIN-9788969650900,"스타 IELTS 실전 Writing : Academic Module - IELTS 최신 경향 100% 반영, 실전을 그대로 옮겨놓은 모의고사 20회분"
9791191975246,내아이언어발달의모든것05세연령에따른체크리스트부터원칙qa그리고놀이방법까지,IH-ALADIN-9791191975246,"내 아이 언어 발달의 모든 것 - 0~5세 연령에 따른 체크리스트부터, 원칙, Q&A 그리고 놀이 방법까지!"
9788965428350,해커스updated토플라이팅인터미디엇2026newtoefl완벽반영토플중급라이팅20일완성본교재인강ibt라이팅실전모의고사,IH-ALADIN-9788965428350,해커스 Updated 토플 라이팅 인터미디엇 (Hackers Updated TOEFL WRITING Intermediate) - 2026 NEW TOEFL 완벽 반영 | 토플 중급 라이팅 20일 완성 | 본 교재 인강 | iBT 라이팅 실전모의고사
9788994521589,preparationbookforthetoefljuniortestlfmbasicfocusonquestiontypes,IH-ALADIN-9788994521589,Preparation Book for the TOEFL Junior Test LFM Basic - Focus on Question Types
9791190283649,실생활영어단어4000분야별꼭필요한,IH-ALADIN-9791190283649,실생활 영어단어 4000 - 분야별 꼭! 필요한
9791187158554,영어공부법mbti수준별영어책추천아무리해도영어가안되는당신을위한맞춤솔루션,IH-ALADIN-9791187158554,영어 공부법 MBTI + 수준별 영어책 추천 - 아무리 해도 영어가 안되는 당신을 위한 맞춤 솔루션!
9791161509723,10일단기공략지텔프공식기출3265공식기출문제로10일만에문법독해청취어휘를한번에,IH-ALADIN-9791161509723,"10일 단기공략 지텔프 공식 기출 32-65+ - 공식 기출문제로 10일만에 문법, 독해, 청취, 어휘를 한번에!"
9791164062300,엄마표세마디생활영어그림과챈트로영어말문트기,IH-ALADIN-9791164062300,엄마표 세마디 생활영어 - 그림과 챈트로 영어 말문트기
9791165211370,스피킹매트릭스3분영어말하기국내1위영어스피킹훈련프로그램,IH-ALADIN-9791165211370,스피킹 매트릭스 : 3분 영어 말하기 - 국내 1위 영어 스피킹 훈련 프로그램
9788917228540,ybm스타트토익lc토익주관사가제시하는쉬운토익,IH-ALADIN-9788917228540,YBM 스타트 토익 LC (교재 + 해설집 + 무료MP3) - 토익주관사가 제시하는 쉬운 토익
9791172101886,미국식영어발음수업처음이라서막막한발음강세부터연음축약까지발음의핵심을한권에,IH-ALADIN-9791172101886,"미국식 영어 발음 수업 - 처음이라서 막막한 발음 강세부터 연음·축약까지, 발음의 핵심을 한 권에"
9788964358405,englishbus2sb,IH-ALADIN-9788964358405,English Bus 2 SB (Student Book + E.CODE + APP)
9788965426035,해커스토플액츄얼테스트라이팅ibt라이팅실전모의고사20회토플라이팅답안작성프로그램통합형문제학습mp3토플시험실전서,IH-ALADIN-9788965426035,"해커스 토플 액츄얼 테스트 라이팅 (Hackers TOEFL Actual Test Writing) - iBT 라이팅 실전모의고사 20회(교재 17회+온라인 3회), 토플 라이팅 답안 작성 프로그램/통합형 문제학습 MP3, 토플시험 실전서"
9791143601360,ebs만점마무리봉투모의고사시즌1영어영역3회분봉투모의고사1위시리즈누적판매500만,IH-ALADIN-9791143601360,EBS 만점마무리 봉투모의고사 시즌1 영어영역 3회분 (2026년) - 봉투모의고사 1위! 시리즈 누적판매 500만
9788927708032,debateprojuniorbook1,IH-ALADIN-9788927708032,Debate Pro Junior Book 1 (본책 + 워크북 + MP3 파일 다운로드)
9791192788661,미국일잘러들의비즈니스영어현직미국로펌20년차변호사가알려주는실전영어,IH-ALADIN-9791192788661,미국 일잘러들의 비즈니스 영어 - 현직 미국 로펌 20년 차 변호사가 알려주는 실전 영어
9791164065141,기적의영어문장만들기33형식문장단어블록연결로초등문법과작문을동시에해결,IH-ALADIN-9791164065141,기적의 영어문장 만들기 3 : 3형식 문장 - 단어 블록 연결로 초등 문법과 작문을 동시에 해결!
9788994283722,우선순위영단어,IH-ALADIN-9788994283722,우선순위 영단어 (수능)
9791175500365,서아쌤의토익비밀과외기출voca하루30분어느새토익voca완성,IH-ALADIN-9791175500365,"서아쌤의 토익 비밀과외 기출 VOCA - 하루 30분, 어느새 토익 VOCA 완성"
9788917230307,activatorreadingforthetoeflibtintermediate개정판,IH-ALADIN-9788917230307,Activator Reading for the TOEFL iBT Intermediate - 개정판
9788974576592,미국교과서읽는리스닝스피킹prek준비편1초등생용,IH-ALADIN-9788974576592,미국교과서 읽는 리스닝 & 스피킹 PreK 준비편 1 (Student Book + Workbook) - 초등생용
9791163034629,바빠영어시제특강56학년용단순진행현재완료까지초등영문법시제총정리,IH-ALADIN-9791163034629,"바빠 영어 시제 특강 5.6학년용 - 단순, 진행, 현재완료까지 초등 영문법 시제 총정리"
9788927708841,decodingthetoeflibtreadingadvancednewtoefledition,IH-ALADIN-9788927708841,Decoding the TOEFL iBT Reading Advanced - New TOEFL Edition
9788965428336,해커스updated토플스피킹인터미디엇2026newtoefl완벽반영토플중급스피킹20일완성본교재인강교재mp3ibt스피킹실전모의고사말하기연습프로그램,IH-ALADIN-9788965428336,해커스 Updated 토플 스피킹 인터미디엇 (Hackers Updated TOEFL SPEAKING Intermediate) - 2026 NEW TOEFL 완벽 반영 | 토플 중급 스피킹 20일 완성 | 본 교재 인강 | 교재 MP3 | iBT 스피킹 실전모의고사 | 말하기 연습 프로그램
9788963059372,미국엄마와함께하는리얼엄마표영어,IH-ALADIN-9788963059372,미국엄마와 함께하는 리얼 엄마표 영어
9791163037385,바빠영어신문newstimes사회경제편하루30분영어문해력이자라는신문읽기의힘,IH-ALADIN-9791163037385,"바빠 영어 신문 NEWS TIMES : 사회, 경제편 - 하루 30분, 영어 문해력이 자라는 신문 읽기의 힘"
9791140703838,통역의바이블,IH-ALADIN-9791140703838,통역의 바이블
9788927780816,절대어휘510033rdedition,IH-ALADIN-9788927780816,절대어휘 5100 3 (본책 + 워크북 + MP3 + 문제출제프로그램) - 3rd Edition
9788965421276,hackersapexlisteningforthetoeflibtintermediateapex토플리스닝시리즈newtoefledition해설집mp3무료다운로드,IH-ALADIN-9788965421276,"HACKERS APEX LISTENING for the TOEFL iBT Intermediate - APEX 토플 리스닝 시리즈ㅣNew TOEFL Edition, [해설집+MP3 무료 다운로드(QR코드 포함)]"
9788954766432,ebs중학수능특강영어유형실전미리준비하는중학생을위한,IH-ALADIN-9788954766432,EBS 중학 수능특강 영어 유형 + 실전 (2026년용) - 미리 준비하는 중학생을 위한
9788965426721,해커스어법제대로단계별학습으로제대로완성하는영어어법수능내신어법대비서술형대비영작워크시트보카암기트레이너,IH-ALADIN-9788965426721,"해커스 어법 제대로: 단계별 학습으로 제대로 완성하는 영어 어법 - 수능, 내신 어법 대비 ㅣ 서술형 대비 영작 워크시트 ㅣ 보카 암기 트레이너"
9791161508528,한권으로끝내는시원스쿨실전토익900이책한권으로토익900끝,IH-ALADIN-9791161508528,한 권으로 끝내는 시원스쿨 실전토익 900+ (LC + RC + 실전 모의고사) - 이 책 한 권으로 토익 900+ 끝!
9791130604374,윤재성의소리영어66일트레이닝우리말처럼영어말문이터지는3단계발성훈련법,IH-ALADIN-9791130604374,윤재성의 소리영어 66일 트레이닝 - 우리말처럼 영어 말문이 터지는 3단계 발성 훈련법
9791157523672,thisisgrammar고급1,IH-ALADIN-9791157523672,This Is Grammar 고급 1
9788964358375,englishbusstarter1sb,IH-ALADIN-9788964358375,English Bus Starter 1 SB (Student Book + E.CODE + APP)
9791125348306,달곰한literacyreadinglevel4,IH-ALADIN-9791125348306,달곰한 LITERACY Reading Level 4
9791165211400,스피킹매트릭스30초영어말하기국내1위영어스피킹훈련프로그램,IH-ALADIN-9791165211400,스피킹 매트릭스 : 30초 영어 말하기 - 국내 1위 영어 스피킹 훈련 프로그램
9788927780304,toeflmapreadingintermediatenewtoefledition,IH-ALADIN-9788927780304,TOEFL MAP Reading Intermediate - New TOEFL Edition
9788927780809,절대어휘510023rdedition,IH-ALADIN-9788927780809,절대어휘 5100 2 (본책 + 워크북 + MP3 + 문제출제프로그램) - 3rd Edition
9791194508038,베싸의말문이트이는영어육아일상에서자연스럽게익히는우리아이진짜영어,IH-ALADIN-9791194508038,베싸의 말문이 트이는 영어 육아 - 일상에서 자연스럽게 익히는 우리 아이 진짜 영어
9788968983931,리얼오리지널3월전국연합모의고사반배치고사246회예비고1전과목2026학평내신국어수학영어한국사사회과학,IH-ALADIN-9788968983931,"리얼 오리지널 3월 전국연합 모의고사+반 배치고사 24+6회 예비 고1 전 과목 (2026년) - 2026 학평 내신, 국어, 수학, 영어, 한국사, 사회, 과학"
9788917231137,toeicbridge기본서초급자를위한예비토익,IH-ALADIN-9788917231137,TOEIC Bridge 기본서 (Listening*Reading) - 초급자를 위한 예비토익
9791160184549,2027이동기공무원voca공무원영어vocaapp이용쿠폰및단어암기용가림판수록,IH-ALADIN-9791160184549,2027 이동기 공무원 VOCA - 공무원 영어 VOCA APP 이용쿠폰 및 단어 암기용 가림판 수록
9791171011766,영어필사지극히영어적인문학의문장들,IH-ALADIN-9791171011766,"영어 필사, 지극히 영어적인 문학의 문장들 (사철제본)"
9788974578794,미국교과서읽는리딩preschoolplus예비과정플러스유초등생용,IH-ALADIN-9788974578794,미국교과서 읽는 리딩 Preschool Plus(4) 예비과정 플러스 (Student Book + Workbook) - 유.초등생용(예비과정)
9791193080153,그들은어떻게영어1등급을만드나3명중1명은수능1등급을받는대치동영어완전학습로드맵,IH-ALADIN-9791193080153,그들은 어떻게 영어 1등급을 만드나 - 3명 중 1명은 수능 1등급을 받는 대치동 영어 완전학습 로드맵
9788965420675,hackersapexlisteningforthetoeflibtbasicapex토플리스닝시리즈newtoefledition해설집mp3무료다운로드,IH-ALADIN-9788965420675,"HACKERS APEX LISTENING for the TOEFL iBT Basic - APEX 토플 리스닝 시리즈ㅣNew TOEFL Edition, [해설집+MP3 무료 다운로드(QR코드 포함)]"
9791171010950,거의모든상황별적절한영어표현들한국인의마음을담은영어표현들,IH-ALADIN-9791171010950,거의 모든 상황별 적절한 영어 표현들 - 한국인의 마음을 담은 영어 표현들
9791125947783,letsgototheenglishworld2a2ndedition,IH-ALADIN-9791125947783,Let's Go to the English World 2A - 2nd Edition
9791125342922,1316listeninglevel3기초부터내신까지중학듣기완성,IH-ALADIN-9791125342922,1316 Listening Level 3 - 기초부터 내신까지 중학 듣기 완성
9791191183078,우리아이영어책지도한살부터열아홉살까지아이표영어책도서관,IH-ALADIN-9791191183078,우리 아이 영어책 지도 - 한 살부터 열아홉 살까지 아이표 영어 '책' 도서관
9791191343793,낭독하는이솝우화book1새벽달과현석샘이함께하는,IH-ALADIN-9791191343793,낭독하는 이솝우화 Book 1 - 새벽달과 현석샘이 함께하는
9791164068586,문장해석트레이닝1기본문장구조의이해와해석,IH-ALADIN-9791164068586,문장해석 트레이닝 1 : 기본 - 문장구조의 이해와 해석
9788964358412,englishbus3sb,IH-ALADIN-9788964358412,English Bus 3 SB (Student Book + E.CODE + APP)
9791162730553,spotlightononephonicsworkbook,IH-ALADIN-9791162730553,Spotlight on One Phonics : Workbook
9788968064494,초등영어독해왓츠리딩60쉽고재미있게완성되는영어독해력,IH-ALADIN-9788968064494,초등 영어 독해 왓츠 리딩 (What’s Reading) 60 - 쉽고 재미있게 완성되는 영어 독해력
9788960493438,영어암송훈련1기초회화문일상스피치문240문장스피킹폭발점돌파를위한,IH-ALADIN-9788960493438,"영어 암송 훈련 1 기초회화문, 일상스피치문 240 문장 - 스피킹 폭발점 돌파를 위한"
9791187152408,5초영어어법답이보이는개정판,IH-ALADIN-9791187152408,"5초 영어어법 - 답이 보이는, 개정판"
9788954789844,ebsstepbystep초등영구문독해의힘level1기초문장학습으로구문과독해를한번에,IH-ALADIN-9788954789844,"EBS Step by Step 초등 영구문, 독해의 힘! LEVEL 1 - 기초 문장 학습으로 구문과 독해를 한 번에!"
9791161506432,매일1장영어쓰기습관100일의기적basic매일딱1장10분씩100일만쓰면영어가뇌에각인된다,IH-ALADIN-9791161506432,매일 1장 영어 쓰기 습관 100일의 기적 : Basic - 매일 딱! 1장 10분씩 100일만 쓰면 영어가 뇌에 각인된다
9788994886176,초등학생영어일기따라쓰기백점맞는영어습관,IH-ALADIN-9788994886176,초등학생 영어일기 따라쓰기 - 백점 맞는 영어습관
9791140713110,짧은영어패턴100개의힘문법을몰라도말이착착,IH-ALADIN-9791140713110,짧은 영어패턴 100개의 힘 - 문법을 몰라도 말이 착착
9791191343557,새벽달엄마표영어20년보고서읽고듣고쓰고말하는우리아이영어의시작과끝,IH-ALADIN-9791191343557,"새벽달 엄마표 영어 20년 보고서 - 읽고 듣고 쓰고 말하는, 우리 아이 영어의 시작과 끝"
9788965428275,2026해커스토익part7집중공략777rc최신기출유형100실전모의고사7회분다중지문3회분본교재인강part7유형별전략무료동영상강의토익학습어플빅플,IH-ALADIN-9788965428275,2026 해커스 토익 PART 7 집중공략 777 RC(리딩) - 최신 기출 유형 100% | 실전 모의고사 7회분 | 다중 지문 3회분 | 본 교재 인강 | PART 7 유형별 전략 무료 동영상강의 | 토익 학습 어플 빅플
9791171012107,영어다운영어가되는결정적키워드들,IH-ALADIN-9791171012107,영어다운 영어가 되는 결정적 키워드들
9788998454340,thevoca플러스1완전개정판예비중중1대상,IH-ALADIN-9788998454340,"The Voca+ 플러스 1 - 완전개정판, 예비중~중1 대상"
9788934935018,thefoxwhoatebooks책먹는여우영문판,IH-ALADIN-9788934935018,The Fox Who Ate Books - 책 먹는 여우 영문판
9788991164659,지텔프문법실전문제20회분지텔프주관사제공문법최신기출유형반영실전감각을키우는최다분량20회분유형별핵심풀이법을담은해설57급공무원경찰소방군무원회계사세무사노무사감정평가사등전문자격증대비,IH-ALADIN-9788991164659,지텔프 문법 실전문제 20회분 - 지텔프 주관사 제공 문법 최신 기출유형 반영│실전 감각을 키우는 최다 분량 20회분│유형별 핵심 풀이법을 담은 해설│5·7급 공무원/경찰/소방/군무원/회계사/세무사/노무사/감정평가사 등 전문자격증 대비
9788917230260,activatorlisteningforthetoeflibtintermediate개정판,IH-ALADIN-9788917230260,Activator Listening for the TOEFL iBT Intermediate - 개정판
9788927706601,perfecttoefljuniorpracticetestbook1,IH-ALADIN-9788927706601,Perfect TOEFL Junior Practice Test Book 1
9788964358481,englishbus2wb,IH-ALADIN-9788964358481,English Bus 2 WB
9788961983020,mastertoefljuniorreadingcomprehensionintermediate1,IH-ALADIN-9788961983020,Master TOEFL Junior Reading Comprehension Intermediate 1 (Student Book + Answer Key + MP3 File download)
9791187158516,30분에끝내는영어필기체공부명언필기체30,IH-ALADIN-9791187158516,30분에 끝내는 영어 필기체 + 공부명언 필기체 30
9791140709700,디즈니픽사베스트컬렉션인사이드아웃insideout2국내유일전체대본수록,IH-ALADIN-9791140709700,"디즈니, 픽사 베스트 컬렉션 : 인사이드 아웃 Inside Out 2 - 국내 유일 전체 대본 수록!"
9788965424734,해커스지텔프실전모의고사청취5회level2gtelp최신기출유형완벽반영군무원경찰해양경찰소방57급공무원세무사회계사노무사감정평가사등국가고시자격증및기업채용승진대비영어시험무료자동채점및성적분석서비스무료mp3무료지텔프기출단어암기장,IH-ALADIN-9788965424734,"해커스 지텔프 (G-TELP) 실전모의고사 청취 5회 Level 2 - G-TELP 최신 기출유형 완벽 반영, 군무원ㅣ경찰(순경)ㅣ해양경찰ㅣ소방ㅣ5·7급 공무원ㅣ세무사ㅣ회계사ㅣ노무사ㅣ감정평가사 등 국가고시/자격증 및 기업 채용/승진 대비 영어시험, 무료 자동 채점 및 성적 분석 서비스, 무료 MP3, 무료 지텔프 기출 단어암기장"
9788964358474,englishbus1wb,IH-ALADIN-9788964358474,English Bus 1 WB
9791169512985,alistvoca2초등필수본책어휘쓰기장어휘암기장freeapp,IH-ALADIN-9791169512985,A*List VOCA 2 초등 필수 - 본책 + 어휘 쓰기장 + 어휘 암기장 + Free App
9791161509242,시원스쿨지텔프기출vocagtelpkorea공식지정지텔프핵심빈출어휘1500개수록,IH-ALADIN-9791161509242,"시원스쿨 지텔프 기출VOCA - G-TELP KOREA 공식 지정 지텔프 핵심 빈출 어휘 1,500개 수록"
9791161509488,슬기로운하루1줄영어필사내영어와삶의지혜를동시에성장시키는,IH-ALADIN-9791161509488,슬기로운 하루 1줄 영어 필사 - 내 영어와 삶의 지혜를 동시에 성장시키는
9791186858509,영어필기체쉽게쓰기100문장,IH-ALADIN-9791186858509,영어 필기체 쉽게 쓰기 100문장 (스프링)
9788900490350,ebsfmradiostartenglish20266영어말하기의첫걸음,IH-ALADIN-9788900490350,EBS FM Radio Start English 2026.6 - 영어 말하기의 첫걸음!
9791187158813,자동암기불규칙동사1168가지유형별불규칙동사표모든영어단어외우는법,IH-ALADIN-9791187158813,자동암기 불규칙 동사 116 - 8가지 유형별 불규칙 동사표 모든 영어단어 외우는법
9791124028346,영어의기초뼈대세우기딱미국5살아이만큼만영어로말해보자,IH-ALADIN-9791124028346,영어의 기초 뼈대 세우기 - 딱! 미국 5살 아이만큼만 영어로 말해 보자!
9788960496873,모든관사를설명합니다,IH-ALADIN-9788960496873,모든 관사를 설명합니다
9791125947813,letsgototheenglishworld3a2ndedition,IH-ALADIN-9791125947813,Let's Go to the English World 3A - 2nd Edition
9791136015686,에듀윌토익기출voca토익어휘서무료mp3등인강및학습자료무료제공,IH-ALADIN-9791136015686,에듀윌 토익 기출 VOCA - 토익 어휘서ㅣ무료 MP3 등 인강 및 학습자료 무료 제공
9791125947844,letsgototheenglishworld4a2ndedition,IH-ALADIN-9791125947844,Let's Go to the English World 4A - 2nd Edition
9791167932488,2027조태정영어공무원보카루트,IH-ALADIN-9791167932488,2027 조태정 영어 공무원 보카 루트
9771976855000,ebsfmradio김대균토익킹20267,IH-ALADIN-9771976855000,EBS FM Radio 김대균 토익킹 2026.7
9791161507170,네이티브력급상승영어문장300입버릇훈련애매한영어실력이네이티브급으로점프하는,IH-ALADIN-9791161507170,네이티브력 급상승 영어 문장 300 입버릇 훈련 - 애매~한 영어 실력이 네이티브급으로 점프하는
9788974574550,초등영어파닉스가스타트다2phonics를초등영단어로쉽게시작하니까영어자신감이저절로,IH-ALADIN-9788974574550,"초등 영어, 파닉스가 스타트다 2 - Phonics를 초등 영단어로 쉽게 시작하니까 영어 자신감이 저절로!"
9791125947936,letsgophonics4,IH-ALADIN-9791125947936,LET'S GO Phonics 4
9791162404737,xistory자이스토리예비고등포인트리딩level4,IH-ALADIN-9791162404737,Xistory 자이스토리 예비 고등 포인트 리딩 Level 4
9788963057002,말문이빵터지는엄마표생활영어,IH-ALADIN-9788963057002,말문이 빵 터지는 엄마표 생활영어
9791125947790,letsgototheenglishworld2b2ndedition,IH-ALADIN-9791125947790,Let's Go to the English World 2B - 2nd Edition
9788927708766,decodingthetoeflibtreadingbasicnewtoefledition,IH-ALADIN-9788927708766,Decoding the TOEFL iBT Reading Basic - New TOEFL Edition
9791125947752,letsgototheenglishworld1a2ndedition,IH-ALADIN-9791125947752,Let's Go to the English World 1A - 2nd Edition
9791164067121,기적의영어일기한줄쓰기한줄qa로쉽게시작하는일기쓰기,IH-ALADIN-9791164067121,기적의 영어일기 : 한줄쓰기 - 한 줄 Q&A로 쉽게 시작하는 일기 쓰기
9788965424963,만능템플릿과위기탈출표현으로해커스토익스피킹5일완성최신개정시험완벽반영만능템플릿핵심표현단기완성qr랜덤테스트무료교재mp3,IH-ALADIN-9788965424963,만능 템플릿과 위기탈출 표현으로 해커스 토익스피킹(토스) 5일 완성 - 최신 개정 시험 완벽 반영｜만능템플릿&핵심표현 단기 완성｜QR 랜덤 테스트+무료 교재 MP3
9788965425403,해커스토익실전1000제2rcreading해설집최신기출유형100반영온라인실전모의고사정답녹음mp3무료동영상강의제공,IH-ALADIN-9788965425403,해커스 토익 실전 1000제 2 RC Reading(리딩) 해설집 - 최신기출유형 100% 반영 [온라인 실전모의고사ㅣ정답녹음 MP3ㅣ무료 동영상강의 제공]
9791171010998,영어낭독훈련100일영어로입이열리는감동,IH-ALADIN-9791171010998,영어 낭독 훈련 100일 - 영어로 입이 열리는 감동
9791169666435,2027공단기심우철하프모의고사season170,IH-ALADIN-9791169666435,2027 공단기 심우철 하프 모의고사 Season 1 : 70+
9788961983044,exploringdebate1,IH-ALADIN-9788961983044,"Exploring Debate 1 (Student Book + QR코드 다운로드, Teacher's Guide 별매)"
9788927700876,청춘영어여행회화시니어어르신을위한여행영어안내서,IH-ALADIN-9788927700876,"청춘 영어 : 여행회화 - 시니어, 어르신을 위한 여행영어 안내서"
9791124612057,서아쌤의지텔프비밀과외3265점allinone단기완성지텔프종합서,IH-ALADIN-9791124612057,서아쌤의 지텔프 비밀과외 - 32~65점 All-in-One 단기완성 지텔프 종합서
9791188228218,longmanvocabularymentorjoy3최신개정판,IH-ALADIN-9791188228218,Longman Vocabulary Mentor Joy 3 (책 + QR코드) - 최신개정판
9788962818093,파고다첫토익part56토익필수문법파트56문제풀이전략서신토익반영개정판,IH-ALADIN-9788962818093,"파고다 첫토익 PART 5&6 - 토익 필수 문법, 파트 5, 6 문제풀이 전략서, 신토익 반영 개정판"
9791170182375,어린이첫그림영어사전쉽고재미있는,IH-ALADIN-9791170182375,어린이 첫 그림 영어 사전 - 쉽고 재미있는
9791169665858,2026정재현공무원영어실전동형모의고사season2정재현합격파이널,IH-ALADIN-9791169665858,2026 정재현 공무원 영어 실전동형 모의고사 Season 2 - 정재현 합격 파이널
9791187158431,마이크선생의4시간유튜브왕초보영어문법,IH-ALADIN-9791187158431,마이크 선생의 4시간 유튜브 왕초보 영어 문법
9788917230253,activatorlisteningforthetoeflibtbeginning개정판,IH-ALADIN-9788917230253,Activator Listening for the TOEFL iBT Beginning - 개정판
9791125348290,달곰한literacyreadinglevel3,IH-ALADIN-9791125348290,달곰한 LITERACY Reading Level 3
9788965424833,해커스토익실전1000제3rcreading해설집최신기출유형100반영온라인실전모의고사정답녹음mp3무료동영상강의제공,IH-ALADIN-9788965424833,해커스 토익 실전 1000제 3 RC Reading(리딩) 해설집 - 최신기출유형 100% 반영 [온라인 실전모의고사ㅣ정답녹음 MP3ㅣ무료 동영상강의 제공]
9788994521619,preparationbookforthetoefljuniortestlfmintermediatefocusonquestiontypes,IH-ALADIN-9788994521619,Preparation Book for the TOEFL Junior Test LFM Intermediate - Focus on Question Types
9788917305111,초등학교영어자습서평가문제집51김혜리외2022개정교육과정,IH-ALADIN-9788917305111,초등학교 영어 자습서 & 평가문제집 5-1 : 김혜리 외 - 2022 개정 교육과정
9788962818215,파고다토익실력완성rc토익개념실전종합서3rdedition,IH-ALADIN-9788962818215,"파고다 토익 실력 완성 RC (본서 + 해설서 + Half Test 5회 + Actual Test 1회) - 토익 개념 & 실전 종합서, 3rd Edition"
9791138938969,중등gramarmaster그래머마스터level22022개정교육과정문법개념과내신유형을한번에마스터,IH-ALADIN-9791138938969,"중등 GRAMAR MASTER 그래머 마스터 LEVEL 2 - 2022 개정 교육과정, 문법개념과 내신유형을 한번에 마스터"
9791140706457,디즈니픽사베스트컬렉션엘리멘탈elemental국내유일전체대본수록,IH-ALADIN-9791140706457,"디즈니, 픽사 베스트 컬렉션 : 엘리멘탈 Elemental - 국내 유일 전체 대본 수록!"
9788968064753,미리수능영어문법어법2중학생을위한수능영어첫단추,IH-ALADIN-9788968064753,미리 수능 영어 문법·어법 2 - 중학생을 위한 수능 영어 첫단추
9791164139613,하루한장englishbite사이트워드1,IH-ALADIN-9791164139613,하루 한장 English BITE 사이트 워드 1
9791171011315,토익답이되는단어들김대균은안다,IH-ALADIN-9791171011315,토익 답이 되는 단어들 - 김대균은 안다
9791161509327,5일단기공략지텔프공식기출청취5일만에청취완벽공략65점달성,IH-ALADIN-9791161509327,5일 단기공략 지텔프 공식 기출청취 - 5일만에 청취 완벽 공략 ▶ 65점 달성!
9788927780274,toeflmaplisteningbasicnewtoefledition,IH-ALADIN-9788927780274,TOEFL MAP Listening Basic - New TOEFL Edition
9788932916217,안정효의오역사전당신을좋은번역가로만드는깐깐한번역길라잡이,IH-ALADIN-9788932916217,안정효의 오역 사전 - 당신을 좋은 번역가로 만드는 깐깐한 번역 길라잡이
9788965427360,해커스토플액츄얼테스트스피킹toeflibt최신출제경향반영ibt스피킹실전모의고사15회제공ibt스피킹실전모의고사답안말하기프로그램,IH-ALADIN-9788965427360,해커스 토플 액츄얼 테스트 스피킹(Hackers TOEFL Actual Test Speaking) - TOEFL iBT 최신출제경향 반영 | iBT 스피킹 실전모의고사 15회 제공 (교재 12회+온라인 3회) | iBT 스피킹 실전모의고사 | 답안 말하기 프로그램
9791125348313,달곰한literacyreadinglevel5,IH-ALADIN-9791125348313,달곰한 LITERACY Reading Level 5
9788964358498,englishbus3wb,IH-ALADIN-9788964358498,English Bus 3 WB
9791125348320,달곰한literacyreadinglevel6,IH-ALADIN-9791125348320,달곰한 LITERACY Reading Level 6
9791160493719,켈리지텔프실전모의고사500제,IH-ALADIN-9791160493719,켈리 지텔프 실전모의고사 500제
9791140716975,디즈니픽사베스트컬렉션주토피아2zootopia2국내유일전체대본수록,IH-ALADIN-9791140716975,"디즈니, 픽사 베스트 컬렉션 : 주토피아 2 Zootopia 2 - 국내 유일 전체 대본 수록!"
9791190347044,5가지문장형식처음독해문법의마무리와독해의시작,IH-ALADIN-9791190347044,5가지 문장형식 처음독해 - 문법의 마무리와 독해의 시작
9791124370681,영어귀뚫기,IH-ALADIN-9791124370681,영어 귀 뚫기
9791136015679,에듀윌토익베이직readingrc4주끝장토익리딩입문서무료mp3등인강및학습자료무료제공,IH-ALADIN-9791136015679,에듀윌 토익 베이직 Reading RC 4주끝장 - 토익 리딩 입문서ㅣ무료 MP3 등 인강 및 학습자료 무료 제공
9788961981606,grammarjump1초급초등23학년,IH-ALADIN-9788961981606,"Grammar Jump 1 - 초급, 초등 2~3학년"
9791140710959,한달영어발음교정smoothlikebutter한국식발음을버터처럼부드럽게,IH-ALADIN-9791140710959,한 달 영어발음 교정 - Smooth like butter~ 한국식 발음을 버터처럼 부드럽게!
9791167932402,2027조태정영어기심론문법,IH-ALADIN-9791167932402,2027 조태정 영어 기심론 문법
9788965424888,5일만에끝내는해커스토익스피킹실전모의고사15회최신개정시험완벽반영실전마무리로최단기목표점수달성토스필수표현300수록,IH-ALADIN-9788965424888,5일 만에 끝내는 해커스 토익스피킹(토스) 실전모의고사 15회 - 최신 개정 시험 완벽 반영ㅣ실전 마무리로 최단기 목표 점수 달성ㅣ토스 필수 표현 300 수록
9788926926734,초등영어교과서파닉스2단계4학년과정,IH-ALADIN-9788926926734,초등영어 교과서 파닉스 2단계 - 4학년 과정
9791169666596,2027공단기심슨독해,IH-ALADIN-9791169666596,2027 공단기 심슨 독해
9791169513005,alistvoca4중학기본본책어휘쓰기장어휘암기장freeapp,IH-ALADIN-9791169513005,A*List VOCA 4 중학 기본 - 본책 + 어휘 쓰기장 + 어휘 암기장 + Free App
9791171010196,구슬쌤의예의바른영어표현에더하여,IH-ALADIN-9791171010196,구슬쌤의 예의 바른 영어 표현에 더하여
9791124262399,성정혜visualenglish이미지한장으로끝내는영어핵심개념,IH-ALADIN-9791124262399,성정혜 Visual English - 이미지 한 장으로 끝내는 영어 핵심 개념
9791198439185,리딩이노베이터실전편어떤시험이든그대로통한다영문독해의깊이를더해줄최적의실전연습교보재,IH-ALADIN-9791198439185,리딩 이노베이터 실전편 - 어떤 시험이든 그대로 통한다! 영문독해의 깊이를 더해줄 최적의 실전연습 교보재!
9788917230932,etstoeicbridge공식실전서토익브릿지출제기관ets독점제공본책해설집ets성우음원mp3무료제공,IH-ALADIN-9788917230932,ETS TOEIC Bridge 공식실전서 - 토익브릿지 출제기관 ETS 독점제공 / 본책 + 해설집 + ETS 성우음원 MP3 무료 제공
9788960472013,교실영어핵심패턴233영어수업어떤상황에서도막히지않는다,IH-ALADIN-9788960472013,"교실영어 핵심패턴 233 - 영어 수업, 어떤 상황에서도 막히지 않는다"
9791191343977,becauseofwinndixie윈딕시개정판,IH-ALADIN-9791191343977,Because of Winn-Dixie 윈딕시 (영어원서 + 워크북 + 오디오북) - 개정판
9788901118949,똑똑한유아독해2단계1생활글,IH-ALADIN-9788901118949,똑똑한 유아 독해 2단계 1 : 생활글
9791161505725,시원스쿨토플기출보카toeflvocabulary최신기출완벽반영한토플과목별전문어휘집,IH-ALADIN-9791161505725,시원스쿨 토플 기출 보카 TOEFL Vocabulary - 최신 기출 완벽 반영한 토플 과목별 전문 어휘집
9791163034841,바쁜초등학생을위한빠른알파벳쓰기14일이면알파벳을정확하게쓸수있어요,IH-ALADIN-9791163034841,바쁜 초등학생을 위한 빠른 알파벳 쓰기 - 14일이면 알파벳을 정확하게 쓸 수 있어요!
9788927708858,decodingthetoeflibtlisteningadvancednewtoefledition,IH-ALADIN-9788927708858,Decoding the TOEFL iBT Listening Advanced - New TOEFL Edition
9791175632684,마더텅수능기출20분고난도미니모의고사24회고3영어독해,IH-ALADIN-9791175632684,마더텅 수능기출 20분 고난도 미니모의고사 24회 고3 영어 독해 (2026년)
9788987915883,오석태의악마는프라다를입는다자막없이보기,IH-ALADIN-9788987915883,오석태의 악마는 프라다를 입는다 자막없이 보기
9791189902179,경선식의수능영숙어초스피드암기비법숙어는암기가아니야,IH-ALADIN-9791189902179,경선식의 수능영숙어 초스피드 암기비법 - 숙어는 암기가 아니야!
9791168599710,중학영문법3800제중간기말고사대비편1학년2022개정교육과정,IH-ALADIN-9791168599710,중학영문법 3800제 중간·기말고사 대비편 1학년 - 2022 개정 교육과정
9791161509570,50개명언필사로완성하는아름다운영어필기체,IH-ALADIN-9791161509570,50개 명언 필사로 완성하는 아름다운 영어 필기체
9788964358429,englishbus4sb,IH-ALADIN-9788964358429,English Bus 4 SB (Student Book + E.CODE + APP)
9788927706786,debateprobook1,IH-ALADIN-9788927706786,Debate Pro Book 1
9791155817681,콜린스어린이수학사전collinsmathsdictionary,IH-ALADIN-9791155817681,콜린스 어린이 수학 사전 Collins Maths Dictionary
9791164065660,초등필수알파벳무작정따라하기따스선생님의확실하고빠른알파벳점검,IH-ALADIN-9791164065660,초등 필수 알파벳 무작정 따라하기 - 따스 선생님의 확실하고 빠른 알파벳 점검!
9791165211417,스피킹매트릭스0제로모국어처럼유창한영어말하기의시작,IH-ALADIN-9791165211417,스피킹 매트릭스 : 0 제로 - 모국어처럼 유창한 영어 말하기의 시작
9788917238860,ets토익스피킹기출스타트최신개정판2022년6월개정시험반영기출문제한국독점출간,IH-ALADIN-9788917238860,"ETS 토익스피킹(토스) 기출스타트 최신개정판 - 2022년 6월 개정 시험 반영, 기출문제 한국 독점 출간"
9791155818640,horriblesciencespacestarsandslimyaliens처음만나는과학영어수업스콜라스틱윌북영어원서리딩프로젝트,IH-ALADIN-9791155818640,"Horrible Science - Space, Stars and Slimy Aliens : 처음 만나는 과학 영어 수업 (지구과학) - 스콜라스틱×윌북 영어 원서 리딩 프로젝트"
9791191343809,낭독하는이솝우화book2새벽달과현석샘이함께하는,IH-ALADIN-9791191343809,낭독하는 이솝우화 Book 2 - 새벽달과 현석샘이 함께하는
9788994521640,preparationbookforthetoefljuniortestlfmadvancedfocusonquestiontypes,IH-ALADIN-9788994521640,Preparation Book for the TOEFL Junior Test LFM Advanced - Focus on Question Types
9791176090339,100발100중기출문제집2학기중간고사중2영어동아윤정미2022개정교육과정,IH-ALADIN-9791176090339,100발 100중 기출문제집 2학기 중간고사 중2 영어 동아 윤정미 (2026년) - 2022 개정 교육과정
9791191343991,낭독하는이솝우화book3새벽달과현석샘이함께하는,IH-ALADIN-9791191343991,낭독하는 이솝우화 Book 3 - 새벽달과 현석샘이 함께하는
9791161310138,정재현토익실전1000제rc문제집오로지놀라운적중으로말한다,IH-ALADIN-9791161310138,정재현 新토익 실전 1000제 RC 문제집 - 오로지 놀라운 적중으로 말한다!
9788917230277,activatorlisteningforthetoeflibtadvanced개정판,IH-ALADIN-9788917230277,Activator Listening for the TOEFL iBT Advanced - 개정판
9788961981620,grammarjump1workbook초급초등23학년,IH-ALADIN-9788961981620,"Grammar Jump 1 Workbook - 초급, 초등 2~3학년"
9788986451207,성문기본영어단어숙어집,IH-ALADIN-9788986451207,성문 기본영어 단어.숙어집 (2023년 개정판)
9791161509235,5일단기공략지텔프공식기출문법level25일만에gtelp최신기출문제로목표점수달성,IH-ALADIN-9791161509235,5일 단기공략 지텔프 공식 기출문법 Level 2 - 5일만에 G-TELP 최신 기출문제로 목표 점수 달성
9791169665407,2026정재현공무원영어킬러유형400제,IH-ALADIN-9791169665407,2026 정재현 공무원 영어 킬러 유형 400제
9788964362785,우리아이언어발달아기발달전문가김수연박사의영유아기언어발달노하우,IH-ALADIN-9788964362785,우리 아이 언어발달 - 아기발달전문가 김수연 박사의 영유아기 언어발달 노하우
9791199459113,제나쌤의영어리스닝길잡이,IH-ALADIN-9791199459113,제나쌤의 영어리스닝 길잡이
9791136015693,에듀윌토익실전lcrc실전모의고사5회무료mp3등인강및학습자료무료제공,IH-ALADIN-9791136015693,에듀윌 토익 실전 LC + RC - 실전 모의고사 5회ㅣ무료 MP3 등 인강 및 학습자료 무료 제공
9791193992449,영어초보탈출,IH-ALADIN-9791193992449,영어 초보 탈출
9791191343939,hatchet손도끼,IH-ALADIN-9791191343939,Hatchet 손도끼 (영어원서 + 워크북 + 오디오북 MP3)
9791155818824,김원장s관용어365,IH-ALADIN-9791155818824,김 원장’s 관용어 365
9788920050121,대학영어,IH-ALADIN-9788920050121,대학영어 (워크북 포함)
9791169512992,alistvoca3초등고난도본책어휘쓰기장어휘암기장freeapp,IH-ALADIN-9791169512992,A*List VOCA 3 초등 고난도 - 본책 + 어휘 쓰기장 + 어휘 암기장 + Free App
9791187158820,자동암기필수영어어원50교육부선정접두사12접미사29어근9,IH-ALADIN-9791187158820,자동암기 필수 영어 어원 50 - 교육부 선정 접두사 12 + 접미사 29 + 어근 9
9791125947837,letsgototheenglishworld3c2ndedition,IH-ALADIN-9791125947837,Let's Go to the English World 3C - 2nd Edition
9791167932327,2027조태정영어rebase기초영어,IH-ALADIN-9791167932327,2027 조태정 영어 Re-base(리베이스) 기초 영어
9791136015662,에듀윌토익베이직listeninglc4주끝장토익리스닝입문서무료mp3등인강및학습자료무료제공,IH-ALADIN-9791136015662,에듀윌 토익 베이직 Listening LC 4주끝장 - 토익 리스닝 입문서ㅣ무료 MP3 등 인강 및 학습자료 무료 제공
9791169666329,2027공단기정재현공무원영어문법구문,IH-ALADIN-9791169666329,2027 공단기 정재현 공무원 영어 문법 + 구문
9788960496033,여행영어미리훈련,IH-ALADIN-9788960496033,여행영어 미리훈련
9791155818657,horriblesciencedeadlydiseases처음만나는과학영어수업스콜라스틱윌북영어원서리딩프로젝트,IH-ALADIN-9791155818657,Horrible Science - Deadly Diseases : 처음 만나는 과학 영어 수업 (생명과학) - 스콜라스틱×윌북 영어 원서 리딩 프로젝트
9791165760588,정재현토익똑똑한기본서lcrc더얇게더쉽게20일만에700달성개정판,IH-ALADIN-9791165760588,"정재현 토익 똑똑한 기본서 LC + RC - 더 얇게 더 쉽게 20일 만에 700+ 달성, 개정판"
9788917223170,toeflibtcodebreakerreadingintermediate,IH-ALADIN-9788917223170,TOEFL iBT Codebreaker Reading Intermediate
9791173559686,자아만들기영어를포기하지않는자존감과동기의구조,IH-ALADIN-9791173559686,자아 만들기 - 영어를 포기하지 않는 자존감과 동기의 구조
9791157686131,가장쉬운여행영어현지에서바로써먹는여행회화패턴개정판,IH-ALADIN-9791157686131,"가장 쉬운 여행 영어 - 현지에서 바로 써먹는 여행 회화 패턴, 개정판"
9788965425113,hackersapexreadingforthetoeflibtexpertapex토플리딩시리즈lnewtoefledition해설집mp3무료다운로드,IH-ALADIN-9788965425113,"HACKERS APEX READING for the TOEFL iBT Expert - APEX 토플 리딩 시리즈 l New TOEFL Edition, 해설집+MP3 무료 다운로드 (QR코드 포함)"
9791125947806,letsgototheenglishworld2c2ndedition,IH-ALADIN-9791125947806,Let's Go to the English World 2C - 2nd Edition
9788965424857,해커스토익실전1000제3lclistening해설집최신기출유형100반영온라인실전모의고사정답녹음mp3무료동영상강의제공,IH-ALADIN-9788965424857,해커스 토익 실전 1000제 3 LC Listening(리스닝) 해설집 - 최신기출유형 100% 반영 [온라인 실전모의고사ㅣ정답녹음 MP3ㅣ무료 동영상강의 제공]
9791155818626,horriblescienceangryanimals처음만나는과학영어수업스콜라스틱윌북영어원서리딩프로젝트,IH-ALADIN-9791155818626,Horrible Science - Angry Animals : 처음 만나는 과학 영어 수업 (생명과학) - 스콜라스틱×윌북 영어 원서 리딩 프로젝트
9791167932464,2027조태정영어기심론구문,IH-ALADIN-9791167932464,2027 조태정 영어 기심론 구문
9788901118987,똑똑한유아독해3단계2이야기글,IH-ALADIN-9788901118987,똑똑한 유아 독해 3단계 2 : 이야기글
9788917223163,toeflibtcodebreakerreadingbasic,IH-ALADIN-9788917223163,TOEFL iBT Codebreaker Reading Basic
9788927708049,debateprojuniorbook2,IH-ALADIN-9788927708049,Debate Pro Junior Book 2 (본책 + 워크북)
9791174670380,혼자서도잘하는첫알파벳쓰기,IH-ALADIN-9791174670380,혼자서도 잘하는 첫 알파벳 쓰기
9791175500136,한권으로끝내는시원스쿨처음토익550관리형입문서,IH-ALADIN-9791175500136,한 권으로 끝내는 시원스쿨 처음토익 550+ (LC + RC + VOCA) - 관리형 입문서
9788962818208,파고다토익실력완성lc토익개념실전종합서3rdedition,IH-ALADIN-9788962818208,"파고다 토익 실력 완성 LC (본서 + 해설서 + MP3 다운로드 + Half Test 5회 + Actual Test 1회) - 토익 개념 & 실전 종합서, 3rd Edition"
9791163033677,영어동화100편과학동화전세계어린이들이가장궁금해하는,IH-ALADIN-9791163033677,영어동화 100편 : 과학동화 - 전 세계 어린이들이 가장 궁금해하는
9791174102713,내신콘서트중학영어기출문제집2학기전과정통합본중1동아윤정미,IH-ALADIN-9791174102713,내신콘서트 중학영어 기출문제집 2학기 전과정 통합본 중1 동아 윤정미 (2026년)
9791175500181,100문장으로끝내는정말쉬운영어필기체명언문학작품필사로영어필기체가저절로손에착,IH-ALADIN-9791175500181,100문장으로 끝내는 정말 쉬운 영어 필기체 (스프링) - 명언&문학 작품 필사로 영어 필기체가 저절로 손에 착!
9791193653401,하루10분100일영어필사emotionalhealingclassics,IH-ALADIN-9791193653401,"하루 10분 100일 영어 필사 (사철제본, 원어민 음원 무료 제공) - Emotional Healing Classics"
9788927708773,decodingthetoeflibtlisteningbasicnewtoefledition,IH-ALADIN-9788927708773,Decoding the TOEFL iBT Listening Basic - New TOEFL Edition
9791191462050,리더스챕터북영어공부법영어책좋아하는아이의비밀,IH-ALADIN-9791191462050,리더스 챕터북 영어 공부법 - 영어책 좋아하는 아이의 비밀
9788901118963,똑똑한유아독해2단계3지식글,IH-ALADIN-9788901118963,똑똑한 유아 독해 2단계 3 : 지식글
9788962818772,토익스피킹벼락치기7일완성im2al2022개정시험완벽반영1타강사의속성과외,IH-ALADIN-9788962818772,"토익 스피킹 벼락치기 7일 완성 IM2~AL - 2022 개정 시험 완벽 반영, 1타 강사의 속성 과외!"
9788992334242,iamwriting1,IH-ALADIN-9788992334242,I am Writing 1
9791159241529,스피킹매트릭스직장인을위한1분영어말하기,IH-ALADIN-9791159241529,스피킹 매트릭스 : 직장인을 위한 1분 영어 말하기
9788967152239,한권으로끝내는잉글리쉬앤토익실전1000제lcrc,IH-ALADIN-9788967152239,한 권으로 끝내는 잉글리쉬앤 토익 실전 1000제 - LC + RC
9788927702115,자유여행영어인생이두배즐거워지는,IH-ALADIN-9788927702115,자유 여행영어 - 인생이 두 배 즐거워지는
9788968061875,세이펜적용ohmyspeaking오마이스피킹1핵심문장패턴으로더욱쉬운영어말하기세이펜기능적용세이펜미포함,IH-ALADIN-9788968061875,"[세이펜 적용] Oh! My Speaking 오! 마이 스피킹 1 - 핵심 문장 패턴으로 더욱 쉬운 영어 말하기!, 세이펜 기능 적용, 세이펜 미포함"
9791125947882,letsgototheenglishworld5b2ndedition,IH-ALADIN-9791125947882,Let's Go to the English World 5B - 2nd Edition
9791140705931,여행영어무작정따라하기,IH-ALADIN-9791140705931,여행 영어 무작정 따라하기
9788965426639,hackersreadingpathlevel2withworkbookapathtoadvancedreadingskills,IH-ALADIN-9788965426639,Hackers Reading Path Level2 [with workbook] - A path to advanced reading skills
9791169513753,세상에서가장쉬운문해력수업유아편읽고쓰고말하고생각하는힘을기르는책읽기의비밀,IH-ALADIN-9791169513753,세상에서 가장 쉬운 문해력 수업 : 유아편 - 읽고 쓰고 말하고 생각하는 힘을 기르는 책 읽기의 비밀
9788927704744,solid어법실력내신수능대비,IH-ALADIN-9788927704744,SOLID 어법 실력 - 내신.수능 대비
9791194493006,퍼펙트독해실전대비능력극대화완벽을추구한다,IH-ALADIN-9791194493006,퍼펙트 독해 - 실전대비 능력 극대화! - 완벽을 추구한다!
9788927780946,howtomasterskillsforthetoeflibtlisteningadvancedsecondedition,IH-ALADIN-9788927780946,How to Master Skills for the TOEFL iBT Listening Advanced - Second Edition
9791187158561,엄마표영어흘려듣기절대로하지마라집에서하루15분으로아끼는2000만원,IH-ALADIN-9791187158561,"엄마표 영어 : 흘려듣기 절대로 하지 마라! - 집에서 하루 15분으로 아끼는 2,000만 원!"
9791166571701,0세10세영어원서필독서100그림책부터뉴베리상까지아이의수준과취향에맞는영어책100권을한권에,IH-ALADIN-9791166571701,"0세-10세 영어 원서 필독서 100 - 그림책부터 뉴베리상까지, 아이의 수준과 취향에 맞는 영어책 100권을 한 권에"
9791161509310,5일단기공략지텔프공식기출독해5일만에최신기출문제로독해완벽공략,IH-ALADIN-9791161509310,5일 단기공략 지텔프 공식 기출독해 - 5일만에 최신 기출문제로 독해 완벽 공략
9791191343236,mrpopperspenguins파퍼씨의펭귄들개정판,IH-ALADIN-9791191343236,Mr. Popper's Penguins 파퍼 씨의 펭귄들 (영어원서 + 워크북 + 오디오북) - 개정판
9788927708674,decodingthetoeflibtactualtestreading2newtoefledition,IH-ALADIN-9788927708674,Decoding the TOEFL iBT Actual Test Reading 2 - New TOEFL Edition
9788961984959,skillupforthetoeflprimaryteststep2,IH-ALADIN-9788961984959,Skill Up for the TOEFL Primary Test Step 2
9788927780939,howtomasterskillsforthetoeflibtreadingadvancedsecondedition,IH-ALADIN-9788927780939,How to Master Skills for the TOEFL iBT Reading Advanced - Second Edition
9791166831027,정재현토익실전모의고사1000제lcrc문제집해설집6종부가자료무료제공,IH-ALADIN-9791166831027,"정재현 토익 실전 모의고사 1000제 LC + RC - 문제집 + 해설집, 6종 부가자료 무료 제공"
9791161651262,미드영어패턴500플러스자막없이미드보기,IH-ALADIN-9791161651262,미드 영어패턴 500 플러스 - 자막 없이 미드 보기
9788927706809,debateprobook2,IH-ALADIN-9788927706809,Debate Pro Book 2
9788961983167,mastertoefljuniorbasiclanguageformandmeaning,IH-ALADIN-9788961983167,Master TOEFL Junior Basic Language Form and Meaning (Student Book + Answer Key)
9788927780359,toeflmaplisteningadvancednewtoefledition,IH-ALADIN-9788927780359,TOEFL MAP Listening Advanced - New TOEFL Edition
9791125947868,letsgototheenglishworld4c2ndedition,IH-ALADIN-9791125947868,Let's Go to the English World 4C - 2nd Edition
9791164050703,정정혜샘과함께하는첫영어그림책,IH-ALADIN-9791164050703,정정혜 샘과 함께하는 첫 영어 그림책
9788917223187,toeflibtcodebreakerreadingadvanced,IH-ALADIN-9788917223187,TOEFL iBT Codebreaker Reading Advanced (정답 및 해설 포함)
9791191343915,sarahplainandtall사라플레인앤톨개정판,IH-ALADIN-9791191343915,"Sarah, Plain and Tall 사라, 플레인 앤 톨 (영어원서 + 워크북 + 오디오북) - 개정판"
9788956356341,handsonhistory1ancientcivillizations,IH-ALADIN-9788956356341,Hands on History 1 : Ancient Civillizations
9788927706694,perfecttoefljuniorpracticetestbook2,IH-ALADIN-9788927706694,Perfect TOEFL Junior Practice Test Book 2 (본책 + MP3 무료 다운로드 + Translation Book)
9791196438333,newteps뉴텝스실력편실전400독해,IH-ALADIN-9791196438333,NEW TEPS 뉴텝스 실력편 실전 400+ : 독해
9788934935520,영어로읽는먼나라이웃나라11미국2역사편,IH-ALADIN-9788934935520,영어로 읽는 먼나라 이웃나라 11 - 미국 2 : 역사 편
9791138938907,중등gramarmaster그래머마스터level12022개정교육과정문법개념과내신유형을한번에마스터,IH-ALADIN-9791138938907,"중등 GRAMAR MASTER 그래머 마스터 LEVEL 1 - 2022 개정 교육과정, 문법개념과 내신유형을 한번에 마스터"
9788901118994,똑똑한유아독해3단계3지식글,IH-ALADIN-9788901118994,똑똑한 유아 독해 3단계 3 : 지식글
9788994265278,영미시의이해중등교원임용고사전공영어제4판,IH-ALADIN-9788994265278,"영미시의 이해 - 중등교원임용고사 전공영어, 제4판"
9791125311232,thebasicway2readingskills2ndedition,IH-ALADIN-9791125311232,"The Basic Way 2 - Reading Skills, 2nd Edition"
9788900487411,특급기출중학영어322학기통합동아윤정미2015개정교육과정중학영어교과서채택률1위,IH-ALADIN-9788900487411,"특급기출 중학 영어 3-2 2학기 통합 동아 윤정미 (2026년) - 2015 개정 교육과정, 중학 영어 교과서 채택률 1위"
9791125334965,radixlisteningforthetoeflibtblacklabel2개정판,IH-ALADIN-9791125334965,Radix Listening for The TOEFL iBT Black Label 2 - 개정판
9791198447562,정식voca고교필수1687,IH-ALADIN-9791198447562,정식VOCA - 고교필수 1687
9788967152253,한권으로끝내는잉글리쉬앤토익600lcrc,IH-ALADIN-9788967152253,한 권으로 끝내는 잉글리쉬앤 토익 600+ - LC + RC
9788927708643,decodingthetoeflibtactualtestlistening1newtoefledition,IH-ALADIN-9788927708643,Decoding the TOEFL iBT Actual Test Listening 1 - New TOEFL Edition
9791143406699,2026시대에듀1주일만에끝내는지텔프문법유튜브동영상강의제공,IH-ALADIN-9791143406699,2026 시대에듀 1주일 만에 끝내는 지텔프(G-TELP) 문법 - 유튜브 동영상 강의 제공
9791175500211,매일1문장영어동화따라쓰기100명작전래이솝우화로배우는초등필수영어100문장,IH-ALADIN-9791175500211,"매일 1문장 영어 동화 따라 쓰기 100 - 명작, 전래, 이솝우화로 배우는 초등 필수 영어 100문장"
9788927780892,howtomasterskillsforthetoeflibtreadingintermediatesecondedition,IH-ALADIN-9788927780892,How to Master Skills for the TOEFL iBT Reading Intermediate - Second Edition
9791156172925,영단기toefllistening전략이있는토플,IH-ALADIN-9791156172925,영단기 TOEFL LISTENING - 전략이 있는 토플
9791125311195,thebestway1readingskills2ndedition,IH-ALADIN-9791125311195,"The Best Way 1 (Student Book + Workbook + MultiROM 1장) - Reading Skills, 2nd Edition"
9791169214575,읽어영초등필수영문법읽으면어느새영문법완성,IH-ALADIN-9791169214575,읽어영! 초등 필수 영문법 (하) - 읽으면 어느새 영문법 완성!
9791175052918,영어독서가르치지않아도됩니다영어도서관관장이증명한아이가스스로읽기까지의영어독서가이드,IH-ALADIN-9791175052918,"영어독서, 가르치지 않아도 됩니다 - 영어도서관 관장이 증명한, 아이가 스스로 읽기까지의 영어독서 가이드"
9788961984942,skillupforthetoeflprimaryteststep1,IH-ALADIN-9788961984942,Skill Up for the TOEFL Primary Test Step 1
9788966532551,문법탄탄writing3문장의확장편1,IH-ALADIN-9788966532551,문법 탄탄 Writing 3 - 문장의 확장편 1
9788991164642,퀵지텔프봉투모의고사12023년최신출제경향완벽반영1회분간편구성omr답안지로실전훈련,IH-ALADIN-9788991164642,퀵 지텔프 봉투모의고사 1 - 2023년 최신 출제 경향 완벽 반영│1회분 간편 구성│OMR 답안지로 실전 훈련
9788927706724,perfecttoefljuniorpracticetestbook3,IH-ALADIN-9788927706724,Perfect TOEFL Junior Practice Test Book 3 (본책 + MP3 무료 다운로드 + Translation Book)
9791189782085,영어자신감1상하세트전2권,IH-ALADIN-9791189782085,영어 자신감 1 상·하 세트 - 전2권
9791191343908,themiraculousjourneyofedwardtulane에드워드툴레인의신기한여행,IH-ALADIN-9791191343908,The Miraculous Journey of Edward Tulane 에드워드 툴레인의 신기한 여행 (원서 + 워크북 + 오디오북)
9791173579523,아이의쓰기연습생각을문장으로써내는,IH-ALADIN-9791173579523,아이의 쓰기 연습 - 생각을 문장으로 써내는
9788917238143,benchmarkreading52lexile공식인증초등리딩시리즈교재워크북qrmp3음원,IH-ALADIN-9788917238143,Benchmark Reading 5.2 - Lexile 공식 인증 초등 리딩 시리즈 / 교재 + 워크북 + QR MP3 음원
9791176440363,2026해커스공무원매일하프모의고사영어524회분지방직9급시험대비신유형반영공무원영어무료특강공무원보카어플출제예상핵심어휘리스트,IH-ALADIN-9791176440363,2026 해커스공무원 매일 하프모의고사 영어 5 24회분 (지방직 9급) - 지방직 9급 시험 대비 | 신유형 반영 | 공무원 영어 무료 특강 | 공무원 보카 어플 | 출제예상 핵심 어휘리스트
9788967151416,스파르타토익실전1000제rcvol3,IH-ALADIN-9788967151416,스파르타 토익 실전 1000제 RC Vol.3
9791161652634,thisisvocabulary입문영어회화의기초를다지는최신개정판,IH-ALADIN-9791161652634,"This is Vocabulary 입문 - 영어회화의 기초를 다지는, 최신개정판"
9788986451245,성문중학영어단어숙어3000,IH-ALADIN-9788986451245,성문 중학 영어 단어 숙어 3000
9791191006292,listeninglive2002,IH-ALADIN-9791191006292,Listening Live 200 : 2
9791165756710,100발100중voca중등실력,IH-ALADIN-9791165756710,100발 100중 VOCA 중등 실력
9788967152154,한권으로끝내는잉글리쉬앤토익800lcrc,IH-ALADIN-9788967152154,한 권으로 끝내는 잉글리쉬앤 토익 800+ - LC + RC
9791160572285,vocanote2sbwithapp실전테스트,IH-ALADIN-9791160572285,Voca Note 2 SB with App + 실전테스트
9791176443005,2027해커스공무원기출보카3000영어단어미니암기장3종세트전3권신유형반영기출어휘기초어휘다의어생활영어국가직지방직등9급공무원전직렬시험대비단어암기어플단어시험지제작프로그램,IH-ALADIN-9791176443005,"2027 해커스공무원 기출 보카 3000++영어단어 미니암기장 3종 세트 - 전3권 (스프링) - 신유형 반영ㅣ기출 어휘+기초 어휘+다의어+생활영어ㅣ국가직, 지방직 등 9급 공무원 전 직렬 시험 대비ㅣ단어암기 어플ㅣ단어시험지 제작 프로그램"
9791164065417,미국교과서readinglevel21문제의차이가영어실력의차이통합사고논픽션리딩프로그램,IH-ALADIN-9791164065417,"미국교과서 READING Level 2-1 - 문제의 차이가 영어실력의 차이, 통합사고 논픽션 리딩 프로그램"
9788926943069,초등영어교과서파닉스3단계5학년과정,IH-ALADIN-9788926943069,초등영어 교과서 파닉스 3단계 - 5학년 과정
9788962818369,파고다토익보카lcrc목표점수별필수어휘완벽수록,IH-ALADIN-9788962818369,파고다 토익 보카 (최신 개정판) - LC·RC 목표 점수별 필수 어휘 완벽 수록
9788954799225,ebsreadingpower중학level1영독해20일단기완성,IH-ALADIN-9788954799225,EBS Reading POWER 중학 LEVEL 1 (2026년) - 영독해 20일 단기 완성
9791197951725,영어말문이트이는습관영어공부혼자하기47일이면습관이됩니다,IH-ALADIN-9791197951725,영어 말문이 트이는 습관 - 영어공부 혼자하기 47일이면 습관이 됩니다.
9788927702399,thebesttoefljuniorlcbasic,IH-ALADIN-9788927702399,The Best TOEFL Junior LC Basic
9788934932376,영어로읽는먼나라이웃나라12미국3대통령편,IH-ALADIN-9788934932376,영어로 읽는 먼나라 이웃나라 12 - 미국 3 : 대통령 편
9791164067077,기적의유아영어words영단어재미있는액티비티로놀면서떼는영어유치원필수영단어,IH-ALADIN-9791164067077,기적의 유아영어 : Words 영단어 - 재미있는 액티비티로 놀면서 떼는 영어유치원 필수 영단어
9791170182054,영어잘하는아이영어못하는아이우등생의공부비결,IH-ALADIN-9791170182054,영어 잘하는 아이 영어 못하는 아이 - 우등생의 공부 비결!
9791174102492,내신콘서트중학영어기출문제집2학기전과정통합본중3동아윤정미2015개정교육과정,IH-ALADIN-9791174102492,내신콘서트 중학영어 기출문제집 2학기 전과정 통합본 중3 동아 윤정미 (2026년) - 2015 개정 교육과정
9791125343202,wordup400,IH-ALADIN-9791125343202,Word Up 400
9791156809326,어휘충전소vocabcharger초급2개정판,IH-ALADIN-9791156809326,어휘 충전소 Vocab Charger 초급 2 - 개정판
9788959957231,listeningtop1,IH-ALADIN-9788959957231,Listening TOP 1
9788986451221,성문영어단어숙어5000,IH-ALADIN-9788986451221,성문 영어 단어.숙어 5000 (2023년 개정판)
9791193842706,내삶을바꾸는100일영어필사천천히음미하고깊이되새기는고전읽기,IH-ALADIN-9791193842706,내 삶을 바꾸는 100일 영어 필사 - 천천히 음미하고 깊이 되새기는 고전 읽기
9788991164604,지텔프공식주관사기출유형문제집7회분,IH-ALADIN-9788991164604,지텔프 공식 주관사 기출유형 문제집 7회분
9791136026873,에듀윌토익단기완성850lcrc파트별실전테스트모의고사1회수록,IH-ALADIN-9791136026873,에듀윌 토익 단기완성 850+ LC&RC - 파트별 실전 테스트+모의고사 1회 수록
9788927701767,실전비즈니스영어이메일글로벌기업임원이코칭해주는,IH-ALADIN-9788927701767,실전 비즈니스 영어 이메일 - 글로벌 기업 임원이 코칭해 주는
9791125343226,wordup1200,IH-ALADIN-9791125343226,Word Up 1200
9788962810202,pagodatoeflactualtest2026edition,IH-ALADIN-9788962810202,PAGODA TOEFL Actual Test - 2026 Edition
9788917238037,benchmarkreading13lexile공식인증초등리딩시리즈교재워크북qrmp3음원,IH-ALADIN-9788917238037,Benchmark Reading 1.3 - Lexile 공식 인증 초등 리딩 시리즈 / 교재 + 워크북 + QR MP3 음원
9791125343219,wordup800,IH-ALADIN-9791125343219,Word Up 800
9791140710249,느리게읽기의기적영어그림책100,IH-ALADIN-9791140710249,"느리게 읽기의 기적, 영어 그림책 100"
9788920052781,생활영어,IH-ALADIN-9788920052781,생활영어 (워크북 포함)
9791175500143,한권으로끝내는시원스쿨기본토익700한권토익실전형기본서,IH-ALADIN-9791175500143,한 권으로 끝내는 시원스쿨 기본토익 700+ - 한 권 토익 : 실전형 기본서
9788927704508,writingavenue4paragraphwriting,IH-ALADIN-9788927704508,Writing Avenue 4 - Paragraph Writing
9791194643906,아이의마음이자라는자존감영어필사,IH-ALADIN-9791194643906,아이의 마음이 자라는 자존감 영어 필사
9791161506562,시원스쿨토익학습지실전편하루1시간어느새900,IH-ALADIN-9791161506562,"시원스쿨 토익학습지 실전편 - 하루 1시간, 어느새 900"
9791143412102,잉툰tv생활영어30045만학습자가선택한만화영어,IH-ALADIN-9791143412102,잉툰TV 생활영어 300 - 45만 학습자가 선택한 만화 영어
9791191006285,listeninglive2001,IH-ALADIN-9791191006285,Listening Live 200 : 1
9788965425458,hackersapexlisteningforthetoeflibtexpertnewtoefledition해설집mp3무료다운로드,IH-ALADIN-9788965425458,HACKERS APEX LISTENING for the TOEFL iBT Expert - NEW TOEFL Edition | 해설집·MP3 무료 다운로드(QR코드 포함)
9788927781004,vocaplanner확장판중등심화나만의주제별영단어학습플래너,IH-ALADIN-9788927781004,VOCA Planner 확장판 중등 심화 - 나만의 주제별 영단어 학습 플래너
9788965428435,해커스토익최신기출유형실전10회rc2026년상반기기출경향완벽반영단어암기장토익학습어플빅플,IH-ALADIN-9788965428435,해커스 토익 최신기출유형 실전 10회 RC(리딩) (모의고사+해설집) - 2026년 상반기 기출경향 완벽 반영 | 단어암기장(PDF) | 토익 학습 어플 빅플
9791159242137,1일1패턴여행영어하루에딱하나만30일후면나도자유여행간다,IH-ALADIN-9791159242137,1일 1패턴 여행영어 - 하루에 딱 하나만! 30일 후면 나도 자유여행 간다!
9788920024627,미국의사회와문화,IH-ALADIN-9788920024627,"미국의 사회와 문화 (워크북, CD 포함)"
9788987915999,뉴욕은언제나사랑중,IH-ALADIN-9788987915999,뉴욕은 언제나 사랑중 (대본 + MP3 CD 1장)
9791168624887,영숙어교과서한번읽으면절대잊을수없는,IH-ALADIN-9791168624887,영숙어 교과서 - 한 번 읽으면 절대 잊을 수 없는
9788927780090,toeflmapactualtestreading2newtoefledition,IH-ALADIN-9788927780090,TOEFL MAP Actual Test Reading 2 - New TOEFL Edition
9788917238112,benchmarkreading42lexile공식인증초등리딩시리즈교재워크북qrmp3음원,IH-ALADIN-9788917238112,Benchmark Reading 4.2 - Lexile 공식 인증 초등 리딩 시리즈 / 교재 + 워크북 + QR MP3 음원
9791168222571,영어문해력을키우는루틴의힘읽기듣기쓰기로완성하는초등학년별영어공부전략,IH-ALADIN-9791168222571,"영어 문해력을 키우는 루틴의 힘 - 읽기, 듣기, 쓰기로 완성하는 초등 학년별 영어 공부 전략"
9791199276710,로지쌤의영어그림책정공법,IH-ALADIN-9791199276710,로지쌤의 영어 그림책 정공법
9791168225961,36세영어가모국어처럼스며드는시간골든타임이끝나기전완성하는엄마표영어,IH-ALADIN-9791168225961,3~6세 영어가 모국어처럼 스며드는 시간 - 골든타임이 끝나기 전 완성하는 엄마표 영어
9791186924716,polybooksgrammarjoystart2메가스터디엘리하이강의교재개정판,IH-ALADIN-9791186924716,"Polybooks Grammar Joy Start 2 - 메가스터디 엘리하이 강의교재, 개정판"
9788959976546,readuponcontentaeras1a,IH-ALADIN-9788959976546,Read Up on Content Aeras 1-A
9791138397377,2026시대에듀10회만에끝내는지텔프문법모의고사youtube동영상강의제공,IH-ALADIN-9791138397377,2026 시대에듀 10회 만에 끝내는 지텔프 문법 모의고사 - Youtube 동영상 강의 제공
9788927701712,영어낭독5단계트레이닝하루15분섀도잉으로영어발음끝내기,IH-ALADIN-9788927701712,영어 낭독 5단계 트레이닝 - 하루 15분 섀도잉으로 영어 발음 끝내기
9791191006315,listeninglive2502,IH-ALADIN-9791191006315,Listening Live 250 : 2
9791186924723,polybooksgrammarjoy1메가스터디엘리하이강의교재개정판,IH-ALADIN-9791186924723,"Polybooks Grammar Joy 1 - 메가스터디 엘리하이 강의교재, 개정판"
9791166834714,왕초보여행영어여행갈때필요한최소한의영어,IH-ALADIN-9791166834714,왕초보 여행영어 - 여행 갈 때 필요한 최소한의 영어
9791190763066,finaltestforthetoeflprimarystep2,IH-ALADIN-9791190763066,Final Test for the TOEFL Primary Step 2
9788962819083,파고다토익고득점완성lc최상위권토익만점전략서4thedition,IH-ALADIN-9788962819083,"파고다 토익 고득점 완성 LC - 최상위권 토익 만점 전략서, 4th Edition"
9788965428442,해커스토익최신기출유형실전10회lc2026년상반기기출경향완벽반영교재mp3토익학습어플빅플,IH-ALADIN-9788965428442,해커스 토익 최신기출유형 실전 10회 LC(리스닝) (모의고사+해설집) - 2026년 상반기 기출경향 완벽 반영 | 교재 MP3 | 토익 학습 어플 빅플
9791156352181,new레전드영어필수단어영어왕초보필수어휘2700생활밀착형주제영한동시녹음,IH-ALADIN-9791156352181,"NEW 레전드 영어 필수단어 - 영어 왕초보 필수 어휘 2700, 생활 밀착형 주제, 영·한 동시 녹음 (무료 MP3 다운로드 포함)"
9791173579516,아이의읽기연습읽는힘으로공부머리를키우는,IH-ALADIN-9791173579516,아이의 읽기 연습 - 읽는 힘으로 공부머리를 키우는
9788927708681,decodingthetoeflibtactualtestlistening2newtoefledition,IH-ALADIN-9788927708681,Decoding the TOEFL iBT Actual Test Listening 2 - New TOEFL Edition
9788917243932,boostervoca부스터보카중등실력,IH-ALADIN-9788917243932,Booster VOCA 부스터 보카 중등 실력
9791161507248,시원스쿨텝스basic텝스시험의모든영역을단한권에집약,IH-ALADIN-9791161507248,시원스쿨 텝스 Basic - 텝스 시험의 모든 영역을 단 한 권에 집약
9788920019944,톡톡간호영어실무에서엄선한75문장,IH-ALADIN-9788920019944,톡톡 간호영어 - 실무에서 엄선한 75문장
9788962818826,파고다토익입문서rc,IH-ALADIN-9788962818826,파고다 토익 입문서 RC
9788965425298,해커스지텔프문법정답찾는공식283일완성gtelp최신기출경향100반영경찰소방공무원군무원대비영어시험무료문제풀이mp3막판점수up청취독해벼락치기특강,IH-ALADIN-9788965425298,"해커스 지텔프 문법 정답 찾는 공식 28 (Level 2) 3일 완성 - G-TELP 최신 기출경향 100% 반영, 경찰/소방공무원ㅣ군무원 대비 영어시험, 무료 문제풀이 MP3, 막판 점수 UP! 청취&독해 벼락치기 특강"
9788961983006,mastertoefljuniorgrammaradvanced1languageformandmeaning,IH-ALADIN-9788961983006,Master TOEFL Junior Grammar Advanced 1 (Student Book + Answer Key) - Language Form and Meaning
9788917237771,thediaryofannefrank안네의일기grade41200words,IH-ALADIN-9788917237771,The Diary of Anne Frank 안네의 일기 (교재 + MP3 파일 다운로드) - Grade 4 1200 words
9788998894047,생각문법1동사편시제상,IH-ALADIN-9788998894047,생각문법 1 - 동사편 : 시제 & 상
9791165216412,어휘력10배올리는하루10분대화놀이,IH-ALADIN-9791165216412,어휘력 10배 올리는 하루 10분 대화놀이
9788927702368,thebesttoefljuniorrcbasic,IH-ALADIN-9788927702368,The Best TOEFL Junior RC Basic
9788992473279,결정적어휘력콜로케이션붙어다니는짝꿍단어1500,IH-ALADIN-9788992473279,결정적 어휘력 콜로케이션 - 붙어다니는 짝꿍단어 1500
9788926943076,초등영어교과서파닉스4단계6학년과정,IH-ALADIN-9788926943076,초등영어 교과서 파닉스 4단계 - 6학년 과정
9788927700913,여행영어특급패턴101영어걱정없이어디로든떠나라,IH-ALADIN-9788927700913,여행영어 특급패턴 101 - 영어 걱정 없이 어디로든 떠나라!
9791188228379,longmanreadingmentorjoy3,IH-ALADIN-9791188228379,Longman Reading Mentor Joy 3 (최신개정판)
9791176230469,2027logicalmindallthetalentedgotohell하프모의고사영어영역,IH-ALADIN-9791176230469,2027 Logical Mind : [All the talented Go to Hell] 하프모의고사 영어영역 (2026년)
9788917237689,thelittleprince어린왕자grade3900words,IH-ALADIN-9788917237689,The Little Prince 어린왕자 (교재 + MP3 파일 다운로드) - Grade 3 900 words
9788962818819,파고다토익입문서lc,IH-ALADIN-9788962818819,파고다 토익 입문서 LC
9791124015353,올바른책변형문제수능특강영어영역영어2027학년도수능연계교재대비,IH-ALADIN-9791124015353,올바른책 변형문제 수능특강 영어영역 영어 (하) (2026년) - 2027학년도 수능 연계교재 대비
9788952115607,예이츠서정시전집2사랑,IH-ALADIN-9788952115607,예이츠 서정시 전집 2 : 사랑
9791161500928,시원스쿨grammarbasictoeflieltsdet입문자용문법필독서,IH-ALADIN-9791161500928,"시원스쿨 Grammar Basic - TOEFL, IELTS, DET 입문자용 문법 필독서"
9791140711949,디즈니픽사베스트컬렉션겨울왕국frozen국내유일전체대본수록,IH-ALADIN-9791140711949,"디즈니, 픽사 베스트 컬렉션 : 겨울왕국 Frozen - 국내 유일 전체 대본 수록!"
9788963057163,말문이빵터지는엄마표패턴영어,IH-ALADIN-9788963057163,"말문이 빵 터지는 엄마표 패턴영어 (세이펜 기능 적용, 세이펜 미포함)"
9788965426134,hackersreadingpathmasterlevel3apathtoreadingskillmastery,IH-ALADIN-9788965426134,Hackers Reading Path Master Level 3 - A Path to Reading Skill Mastery
9791124009871,2026곽지영의동백꽃봉투모의고사지방직9급영어실전8회,IH-ALADIN-9791124009871,2026 곽지영의 동백꽃 봉투 모의고사 - 지방직 9급 영어 실전 8회
9788965428459,해커스updated토플액츄얼테스트리딩2026newtoefl완벽반영ibt토플리딩실전모의고사10회분본교재인강단어암기mp3,IH-ALADIN-9788965428459,해커스 Updated 토플 액츄얼 테스트 리딩 (Hackers Updated TOEFL Actual Test Reading) - 2026 NEW TOEFL 완벽 반영 | iBT 토플 리딩 실전모의고사 10회분(온라인 1회분 포함) | 본 교재 인강 | 단어암기 MP3
9771599758009,afn영어20267,IH-ALADIN-9771599758009,AFN 영어 2026.7 (교재 + Audio CD 1장)
9791139212891,여행영어회화개정판,IH-ALADIN-9791139212891,여행 영어회화 - 개정판
9788917237870,prideandprejudice오만과편견grade51500words,IH-ALADIN-9788917237870,Pride and Prejudice 오만과 편견 (교재 + MP3 파일 다운로드) - Grade 5 1500 words
9788917305142,초등학교영어자습서평가문제집62김혜리외2022개정교육과정,IH-ALADIN-9788917305142,초등학교 영어 자습서 & 평가문제집 6-2 : 김혜리 외 - 2022 개정 교육과정
9788967151492,한권으로끝내는스파르타토익스피킹,IH-ALADIN-9788967151492,한권으로 끝내는 스파르타 토익스피킹
9788968984266,리얼오리지널ebs완벽분석수능만점마무리final봉투모의고사310회영어영역2027학년도수능대비모의고사3회half모의고사10회,IH-ALADIN-9788968984266,"리얼 오리지널 EBS 완벽분석 수능만점 마무리 FINAL 봉투 모의고사 3+10회 영어영역 (2026년) - 2027학년도 수능대비, 모의고사 3회+ HALF 모의고사 10회"
9791193823392,3j공무원영어신경향half모의고사100회분,IH-ALADIN-9791193823392,3J 공무원 영어 신경향 HALF 모의고사 100회분
9788962818420,파고다아이엘츠라이팅pagodaieltswriting아이엘츠한권으로끝내기5565목표점수보장기본서,IH-ALADIN-9788962818420,파고다 아이엘츠 라이팅 PAGODA IELTS Writing - 아이엘츠 한 권으로 끝내기! 5.5~6.5 목표 점수보장 기본서
9788956356358,handsonhistory2middleages,IH-ALADIN-9788956356358,Hands on History 2 : Middle Ages
9791167932501,2027조태정영어베이직보카루트,IH-ALADIN-9791167932501,2027 조태정 영어 베이직 보카 루트
9788956555454,robinhood,IH-ALADIN-9788956555454,Robin Hood (책 + CD 1장)
9791194467434,allnewsmarttoeic초스피드암기단어장,IH-ALADIN-9791194467434,All New SMART TOEIC 초스피드 암기 단어장
9791161507910,siwonschoolieltsstudypack시원스쿨아이엘츠학습지,IH-ALADIN-9791161507910,SIWONSCHOOL IELTS Study Pack - 시원스쿨 아이엘츠 학습지
9791143410238,2026시대에듀답이보이는지텔프독해실전편실전모의고사5회로완벽마무리,IH-ALADIN-9791143410238,2026 시대에듀 답이 보이는 지텔프 독해 - 실전편 - 실전 모의고사 5회로 완벽 마무리
9788968061219,내가해볼게초등여행영어9개패턴으로모두다되는,IH-ALADIN-9788968061219,내가 해볼게! 초등 여행영어 - 9개 패턴으로 모두 다 되는
9791172100407,시니어여행영어영어하기딱좋은나이,IH-ALADIN-9791172100407,시니어 여행영어 - 영어 하기 딱 좋은 나이!
9788927780960,howtomasterskillsforthetoeflibtwritingadvanced,IH-ALADIN-9788927780960,How to Master Skills for the TOEFL iBT Writing Advanced (본책 + MP3 바로듣기 및 무료 다운로드)
9791163716556,영단기toeflactualtestlistening직접시험보고연구한저자의real콘텐츠,IH-ALADIN-9791163716556,영단기 TOEFL ACTUAL TEST LISTENING - 직접 시험 보고 연구한 저자의 REAL 콘텐츠
9791191006261,listeninglive1501,IH-ALADIN-9791191006261,Listening Live 150 : 1
9791172101060,시니어일상영어첫걸음영어하기딱좋은나이,IH-ALADIN-9791172101060,시니어 일상 영어 첫걸음 - 영어 하기 딱 좋은 나이!
9788920052798,어린이영어지도,IH-ALADIN-9788920052798,어린이 영어지도 (워크북 포함)
9791163038801,바빠중학영어로연결되는초등영문법총정리,IH-ALADIN-9791163038801,바빠 중학 영어로 연결되는 초등 영문법 총정리
9791140711604,디즈니픽사베스트컬렉션소울soul,IH-ALADIN-9791140711604,"디즈니, 픽사 베스트 컬렉션 : 소울 Soul"
9791175505537,allkill토익스피킹,IH-ALADIN-9791175505537,ALL KILL 토익스피킹
9788927780113,toeflmapactualtestlistening2newtoefledition,IH-ALADIN-9788927780113,TOEFL MAP Actual Test Listening 2 - New TOEFL Edition
9791172628079,박문각공무원진가영영어기초탄탄입문서공무원9급시험대비개정2판,IH-ALADIN-9791172628079,"박문각 공무원 진가영 영어 기초탄탄 입문서 - 공무원 9급 시험대비, 개정 2판"
9788991164598,final지텔프43점한권으로해결하는목표점수43점대비전략서,IH-ALADIN-9788991164598,Final 지텔프 43점+ - 한 권으로 해결하는 목표점수 43점 대비 전략서
9771599757002,nhk일어20267,IH-ALADIN-9771599757002,NHK 일어 2026.7 (교재 + Audio CD 1장)
9791191006346,phonicsreadinglive1,IH-ALADIN-9791191006346,Phonics Reading Live 1
9788971729878,토텝영숙어90030일만에끝내는,IH-ALADIN-9788971729878,토텝 영숙어 900 - 30일만에 끝내는
9788965428473,해커스updated토플액츄얼테스트라이팅2026newtoefl완벽반영ibt토플라이팅실전모의고사17회분본교재인강답안작성프로그램,IH-ALADIN-9788965428473,해커스 Updated 토플 액츄얼 테스트 라이팅 (Hackers Updated TOEFL Actual Test Writing) - 2026 NEW TOEFL 완벽 반영 | iBT 토플 라이팅 실전모의고사 17회분(온라인 3회분 포함) | 본 교재 인강 | 답안 작성 프로그램
9788965428480,해커스updated토플액츄얼테스트스피킹2026newtoefl완벽반영ibt토플스피킹실전모의고사17회분본교재인강교재mp3말하기연습프로그램답변녹음프로그램,IH-ALADIN-9788965428480,해커스 Updated 토플 액츄얼 테스트 스피킹 (Hackers Updated TOEFL Actual Test Speaking) - 2026 NEW TOEFL 완벽 반영 | iBT 토플 스피킹 실전모의고사 17회분(온라인 3회분 포함) | 본 교재 인강 | 교재 MP3 | 말하기 연습 프로그램 | 답변 녹음 프로그램
9791161508931,시원스쿨취업영어면접표현,IH-ALADIN-9791161508931,시원스쿨 취업영어 면접 표현
9788917230284,activatorlisteningforthetoeflibtexpert개정판,IH-ALADIN-9788917230284,Activator Listening for the TOEFL iBT Expert - 개정판
9788920043116,영어발음의원리,IH-ALADIN-9788920043116,영어발음의 원리 (2학기. 워크북 포함)
9791191006247,listeninglive1001,IH-ALADIN-9791191006247,Listening Live 100 : 1
9791136042583,2027에듀윌9급공무원기본서영어문법2026년최신기출해설무료특강중요문법무료특강필수voca,IH-ALADIN-9791136042583,2027 에듀윌 9급 공무원 기본서 영어 문법 - 2026년 최신기출 해설 무료특강/중요 문법 무료특강/필수 VOCA(PDF)
9788901300184,내아이의언어감각뇌과학이알려주는07세언어발달의모든것,IH-ALADIN-9788901300184,내 아이의 언어 감각 - 뇌과학이 알려주는 0~7세 언어 발달의 모든 것
9791189815745,줄리아영어핵심요약집문법어휘국회직89급경찰대편입대비,IH-ALADIN-9791189815745,줄리아 영어 핵심요약집 문법 + 어휘 - 국회직 8·9급/경찰대 편입 대비
9791140711956,디즈니픽사베스트컬렉션모아나moana국내유일전체대본수록,IH-ALADIN-9791140711956,"디즈니, 픽사 베스트 컬렉션 : 모아나 Moana - 국내 유일 전체 대본 수록!"
9791193992791,arthurchapterbook1arthursmysteryenvelope아서의미스터리한봉투,IH-ALADIN-9791193992791,Arthur Chapter Book 1 : Arthur's Mystery Envelope 아서의 미스터리한 봉투 (원서 + 워크북 + 번역 + 오디오북 MP3)
9788927702375,thebesttoefljuniorrcintermediate,IH-ALADIN-9788927702375,The Best TOEFL Junior RC Intermediate
9788968984242,리얼오리지널n회독69수능평가원3개년기출모의고사영어영역2027학년도수능대비,IH-ALADIN-9788968984242,리얼 오리지널 N회독 6·9·수능 평가원 3개년 기출 모의고사 영어 영역 (2026년) - 2027학년도 수능대비
9791176090346,100발100중기출문제집2학기중간고사중2영어동아이병민2022개정교육과정,IH-ALADIN-9791176090346,100발 100중 기출문제집 2학기 중간고사 중2 영어 동아 이병민 (2026년) - 2022 개정 교육과정
9791192361772,smartlistening13,IH-ALADIN-9791192361772,Smart Listening 1-3
9788997221868,만화어린이영어,IH-ALADIN-9788997221868,만화 어린이 영어
9788962819045,파고다토익기본완성lc4thedition,IH-ALADIN-9788962819045,파고다 토익 기본 완성 LC 4th Edition
9791194467649,미드영어패턴사전한번만봐도미드족이되는,IH-ALADIN-9791194467649,미드영어 패턴사전 - 한 번만 봐도 미드족이 되는
9791175633124,2027마더텅수능기출모의고사30회영어영역se,IH-ALADIN-9791175633124,2027 마더텅 수능기출 모의고사 30회 영어 영역 SE (2026년)
9788967152475,한권으로끝내는잉글리쉬앤토익700lcrcvoca,IH-ALADIN-9788967152475,한 권으로 끝내는 잉글리쉬앤 토익 700+ - LC + RC + VOCA
9791199356641,영어적기교육의비밀대치동학원없이아이비리그보낸18년영어교육바이블,IH-ALADIN-9791199356641,영어 적기교육의 비밀 - 대치동 학원 없이 아이비리그 보낸 18년 영어교육 바이블
9791194630234,ai시대의영어공부법15살토익만점으로대학입학사교육없이이룬영어혁명,IH-ALADIN-9791194630234,"AI 시대의 영어 공부법 - 15살, 토익 만점으로 대학 입학! 사교육 없이 이룬 영어 혁명"
9791172344115,영어감정카드howdoyoufeeltodayenglishemotioncard64종감정단어로표현력영어회화를함께배워요감정표현표정이모티콘비폭력대화나전달법영어스피킹음성qr코드mp3파일영어그림책독후활동지sel사회정서학습자료제공,IH-ALADIN-9791172344115,"영어 감정카드 How do you feel today? - English Emotion Card 64종 감정 단어로 표현력+영어 회화를 함께 배워요. 감정 표현 표정 이모티콘, 비폭력 대화 나 전달법, 영어 스피킹 음성 QR코드 mp3파일, 영어 그림책 독후활동지, SEL 사회정서학습 자료 제공"
9788965423768,hackersgrammargateway영문판패키지전2권영어실력단기향상초보를위한기초영문법,IH-ALADIN-9788965423768,Hackers Grammar Gateway 영문판 패키지 - 전2권 - 영어실력 단기향상 ㅣ 초보를 위한 기초 영문법
9791129718259,풀어서외우는영단어중3문제풀이로완성하는영단어학습,IH-ALADIN-9791129718259,풀어서 외우는 영단어 중3 - 문제 풀이로 완성하는 영단어 학습
9791174102508,내신콘서트중학영어기출문제집2학기전과정통합본중3동아이병민2015개정교육과정,IH-ALADIN-9791174102508,내신콘서트 중학영어 기출문제집 2학기 전과정 통합본 중3 동아 이병민 (2026년) - 2015 개정 교육과정
9791186031599,readinglive2002,IH-ALADIN-9791186031599,Reading Live 200 : 2
9788927708797,decodingthetoeflibtwritingbasicnewtoefledition,IH-ALADIN-9788927708797,Decoding the TOEFL iBT Writing Basic - New TOEFL Edition
9788967819927,영어알파벳,IH-ALADIN-9788967819927,영어 알파벳
9788961985215,buildupforthetoeflprimaryteststep2,IH-ALADIN-9788961985215,Build Up for the TOEFL Primary test Step 2
9791166083037,씨뮬15th사설3년간수능기출모의고사고3영어2027수능대비,IH-ALADIN-9791166083037,씨뮬 15th 사설 3년간 수능 기출 모의고사 고3 영어 (2026년) - 2027 수능대비
9788927780298,toeflmapwritingbasicnewtoefledition,IH-ALADIN-9788927780298,TOEFL MAP Writing Basic - New TOEFL Edition
9788917239355,writenow1,IH-ALADIN-9788917239355,Write Now 1
9791124015759,올바른책변형문제수능특강light영어,IH-ALADIN-9791124015759,올바른책 변형문제 수능특강 Light 영어 (2026년)
9791160548174,동사도이사가고싶다verbswanttomovetoo,IH-ALADIN-9791160548174,동사도 이사 가고 싶다 - Verbs want to move too
9788965428466,해커스updated토플액츄얼테스트리스닝2026newtoefl완벽반영ibt토플리스닝실전모의고사10회분본교재인강쉐도잉프로그램단어암기mp3,IH-ALADIN-9788965428466,해커스 Updated 토플 액츄얼 테스트 리스닝 (Hackers Updated TOEFL Actual Test Listening) - 2026 NEW TOEFL 완벽 반영 | iBT 토플 리스닝 실전모의고사 10회분(온라인 1회분 포함) | 본 교재 인강 | 쉐도잉 프로그램 | 단어암기 MP3
9788962814682,밀크토익실전모의고사3매월나오는신선한토익,IH-ALADIN-9788962814682,밀크토익 실전모의고사 3 - 매월 나오는 신선한 토익
9788962817850,밀크토익실전모의고사2매월나오는신선한토익,IH-ALADIN-9788962817850,밀크토익 실전모의고사 2 - 매월 나오는 신선한 토익
9788964150481,더리더,IH-ALADIN-9788964150481,더 리더 (대본 + 스크린강의 MP3 CD 1장)
9788970342313,세계에서가장쉬운영문법,IH-ALADIN-9788970342313,세계에서 가장 쉬운 영문법
9788927780335,toeflmapwritingintermediatenewtoefledition,IH-ALADIN-9788927780335,TOEFL MAP Writing Intermediate - New TOEFL Edition
9791174102614,내신콘서트중학영어기출문제집2학기전과정통합본중2동아윤정미,IH-ALADIN-9791174102614,내신콘서트 중학영어 기출문제집 2학기 전과정 통합본 중2 동아 윤정미 (2026년)
9791176445764,2027해커스공무원영어올인원기본서전3권국가직지방직등9급전직렬시험대비핵심단어암기장직무관련핵심어휘공무원보카어플단어시험지자동제작프로그램전3권,IH-ALADIN-9791176445764,"2027 해커스공무원 영어 올인원 기본서 (9급 공무원) - 전3권 - 국가직, 지방직 등 9급 전 직렬 시험 대비 | 핵심 단어 암기장 | 직무 관련 핵심 어휘ㅣ공무원 보카 어플ㅣ단어시험지 자동제작 프로그램ㅣ전 3권"
9791198984869,느린아이를위한말놀이처방전47세어휘발달가이드북,IH-ALADIN-9791198984869,느린 아이를 위한 말놀이 처방전 - 4~7세 어휘발달 가이드북
9791124001073,마이갓26년고26월모의고사workbook,IH-ALADIN-9791124001073,마이갓 26년 고2 6월 모의고사 Workbook
9788960492998,writingtkidssightwords2,IH-ALADIN-9788960492998,Writing T kids Sight Words 2
9788962811810,최소한의토익900컷,IH-ALADIN-9788962811810,최소한의 토익 900컷
9791161481715,맛있는여행영어누구나미국여행100즐기기,IH-ALADIN-9791161481715,맛있는 여행 영어 - 누구나 미국 여행 100% 즐기기
9791167931023,2024조태정영어기출섞은문법문제합격으로가는길,IH-ALADIN-9791167931023,2024 조태정 영어 기출 섞은 문법문제 - 합격으로 가는 길
9791194793571,마음을성장시키는세계문학명문장필사책영원히사랑받는명작소설영어로따라쓰기,IH-ALADIN-9791194793571,마음을 성장시키는 세계 문학 명문장 필사책 - 영원히 사랑받는 명작 소설 영어로 따라쓰기
9791186924730,polybooksgrammarjoy2메가스터디엘리하이강의교재개정판,IH-ALADIN-9791186924730,"Polybooks Grammar Joy 2 - 메가스터디 엘리하이 강의교재, 개정판"
9788962811827,최소한의토익800컷,IH-ALADIN-9788962811827,최소한의 토익 800컷
9773058530003,리스닝스페셜listeningspecial20267영어뉴스청취훈련매거진,IH-ALADIN-9773058530003,리스닝 스페셜 Listening Special 2026.7 - 영어뉴스 청취 훈련 매거진
9791192361765,smartlistening12,IH-ALADIN-9791192361765,Smart Listening 1-2
9791161505053,시원스쿨토익스피킹imal한권으로끝내는토익스피킹,IH-ALADIN-9791161505053,시원스쿨 토익스피킹 IM-AL - 한 권으로 끝내는 토익스피킹
9788959725656,bacisbusinessenglish2판,IH-ALADIN-9788959725656,Bacis Business English - 2판
9788960006171,nexustoeflibtreading2,IH-ALADIN-9788960006171,Nexus TOEFL iBT Reading 2
9791188011339,ilikemaking,IH-ALADIN-9791188011339,I Like Making (빅북 / 플랩북 / 미니북 만들기)
9788976048028,365긍정의한줄영어필사1년뒤기적을만드는필사습관,IH-ALADIN-9788976048028,365 긍정의 한 줄 영어 필사 - 1년 뒤 기적을 만드는 필사 습관
9791174102416,내신콘서트고등영어기출문제집공통영어2능률민병천,IH-ALADIN-9791174102416,내신콘서트 고등영어 기출문제집 공통영어 2 능률 민병천 (2026년)
9791174102522,내신콘서트중학영어기출문제집2학기전과정통합본중3비상김진완2015개정교육과정,IH-ALADIN-9791174102522,내신콘서트 중학영어 기출문제집 2학기 전과정 통합본 중3 비상 김진완 (2026년) - 2015 개정 교육과정
9791174102515,내신콘서트중학영어기출문제집2학기전과정통합본중3미래엔최연희2015개정교육과정,IH-ALADIN-9791174102515,내신콘서트 중학영어 기출문제집 2학기 전과정 통합본 중3 미래엔 최연희 (2026년) - 2015 개정 교육과정
9791156351726,하루하루알파벳쓰기차근차근또박또박하루하루알파벳쓰기,IH-ALADIN-9791156351726,하루하루 알파벳쓰기 - 차근차근 또박또박 하루하루 알파벳쓰기!
9788927702382,thebesttoefljuniorrcadvanced,IH-ALADIN-9788927702382,The Best TOEFL Junior RC Advanced
9791192361796,smartlistening22,IH-ALADIN-9791192361796,Smart Listening 2-2
9791192361802,smartlistening23,IH-ALADIN-9791192361802,Smart Listening 2-3
9791192361789,smartlistening21,IH-ALADIN-9791192361789,Smart Listening 2-1
9791191979800,66일영어필사청소년문해력향상을위한,IH-ALADIN-9791191979800,66일 영어 필사 - 청소년 문해력 향상을 위한
9788968930560,중급실용영어강의구동사잘쓰기,IH-ALADIN-9788968930560,중급 실용영어 강의 : 구동사 잘 쓰기
9791124612231,영어가바로터지는기적의말하기영어구동사420이미아는동사x전치사15개폭발하는영어표현력,IH-ALADIN-9791124612231,영어가 바로 터지는 기적의 말하기 영어 구동사 420 (스프링) - 이미 아는 동사 x 전치사 15개 = 폭발하는 영어 표현력!
9791129718235,풀어서외우는영단어중2문제풀이로완성하는영단어학습,IH-ALADIN-9791129718235,풀어서 외우는 영단어 중2 - 문제 풀이로 완성하는 영단어 학습
9788927708780,decodingthetoeflibtspeakingbasic,IH-ALADIN-9788927708780,Decoding the TOEFL iBT Speaking Basic
9791176090407,100발100중기출문제집2학기중간고사중2영어ybm박준언2022개정교육과정,IH-ALADIN-9791176090407,100발 100중 기출문제집 2학기 중간고사 중2 영어 YBM 박준언 (2026년) - 2022 개정 교육과정
9788931557602,gtelpkorea문제제공지텔프최신기출보카level22023년대비필수어휘20일완성,IH-ALADIN-9788931557602,G-TELP KOREA 문제 제공 지텔프 최신 기출 보카 Level 2 - 2023년 대비 필수 어휘 20일 완성!
9788927702412,thebesttoefljuniorlcadvanced,IH-ALADIN-9788927702412,The Best TOEFL Junior LC Advanced
9791186924709,polybooksgrammarjoystart1메가스터디엘리하이강의교재개정판,IH-ALADIN-9791186924709,"Polybooks Grammar Joy Start 1 - 메가스터디 엘리하이 강의교재, 개정판"
9791174102546,내신콘서트중학영어기출문제집2학기전과정통합본중3능률김성곤2015개정교육과정,IH-ALADIN-9791174102546,내신콘서트 중학영어 기출문제집 2학기 전과정 통합본 중3 능률 김성곤 (2026년) - 2015 개정 교육과정
9791155819173,horriblesciencebonesandbodybits처음만나는과학영어수업스콜라스틱윌북영어원서리딩프로젝트,IH-ALADIN-9791155819173,Horrible Science - Bones and Body Bits: 처음 만나는 과학 영어 수업 (생명과학) - 스콜라스틱×윌북 영어 원서 리딩 프로젝트
9791174102485,내신콘서트고등영어기출문제집공통영어2ybm김은형,IH-ALADIN-9791174102485,내신콘서트 고등영어 기출문제집 공통영어 2 YBM 김은형 (2026년)
9791124612163,학교가는길10분토익학교가는길출근길에시작하는하루10분토익갓생루틴,IH-ALADIN-9791124612163,학교 가는 길 10분 토익 - 학교 가는 길·출근길에 시작하는 하루 10분 토익 갓생 루틴
9788960495579,영어연산훈련prep2영어로문장을만들수있게되는,IH-ALADIN-9788960495579,영어 연산 훈련 PREP 2 - 영어로 문장을 만들 수 있게 되는
9791192361819,smartlistening31,IH-ALADIN-9791192361819,Smart Listening 3-1
9791193823576,2026공무원영어도적출제비법을훔치다개정판,IH-ALADIN-9791193823576,2026 공무원 영어 도적 출제비법을 훔치다 - 개정판
9791192361826,smartlistening32,IH-ALADIN-9791192361826,Smart Listening 3-2
9791138938976,중등gramarmaster그래머마스터level32022개정교육과정문법개념과내신유형을한번에마스터,IH-ALADIN-9791138938976,"중등 GRAMAR MASTER 그래머 마스터 LEVEL 3 - 2022 개정 교육과정, 문법개념과 내신유형을 한번에 마스터"
9791174102676,내신콘서트중학영어기출문제집2학기전과정통합본중2천재소영순2022개정교육과정,IH-ALADIN-9791174102676,내신콘서트 중학영어 기출문제집 2학기 전과정 통합본 중2 천재 소영순 (2026년) - 2022 개정 교육과정
9791174102645,내신콘서트중학영어기출문제집2학기전과정통합본중2비상황종배2022개정교육과정,IH-ALADIN-9791174102645,내신콘서트 중학영어 기출문제집 2학기 전과정 통합본 중2 비상 황종배 (2026년) - 2022 개정 교육과정
9791176090513,100발100중기출문제집최종점검2학기전과정중2영어비상황종배2022개정교육과정,IH-ALADIN-9791176090513,100발 100중 기출문제집 최종점검 2학기 전과정 중2 영어 비상 황종배 (2026년) - 2022 개정 교육과정
9791176090483,100발100중기출문제집최종점검2학기전과정중2영어천재이상기2022개정교육과정,IH-ALADIN-9791176090483,100발 100중 기출문제집 최종점검 2학기 전과정 중2 영어 천재 이상기 (2026년용) - 2022 개정 교육과정
9791176492027,2027박문각공무원진가영영어단판승독해유형별전략서공무원9급영어시험대비독해기본서,IH-ALADIN-9791176492027,2027 박문각 공무원 진가영 영어 단판승 독해 유형별 전략서 - 공무원 9급 영어 시험 대비 독해 기본서
9788901118901,똑똑한유아독해세트전9권,IH-ALADIN-9788901118901,똑똑한 유아 독해 세트 - 전9권
9788971728482,ielts급상승grammar기초다지기ielts기본기를위한필수문법,IH-ALADIN-9788971728482,IELTS 급상승 Grammar 기초다지기 - IELTS 기본기를 위한 필수문법
9791129718211,풀어서외우는영단어중1문제풀이로완성하는영단어학습,IH-ALADIN-9791129718211,풀어서 외우는 영단어 중1 - 문제 풀이로 완성하는 영단어 학습
9791161508948,시원스쿨취업영어이슈표현,IH-ALADIN-9791161508948,시원스쿨 취업영어 이슈 표현
9791171010806,면접자의영어면접관이바로뽑고싶은개정판,IH-ALADIN-9791171010806,"면접자의 영어 - 면접관이 바로 뽑고 싶은, 개정판"
9791176040204,중학영어1학년2학기내신대비grammar동아개정판,IH-ALADIN-9791176040204,중학영어 1학년 2학기 내신 대비 Grammar (중간/기말) 동아(윤정미) - 개정판
9791124392089,어린왕자영어필사전편하루10분으로마음에위로가되는,IH-ALADIN-9791124392089,어린 왕자 영어 필사 : 전편 - 하루 10분으로 마음에 위로가 되는
9791112098931,국제학교가기전꼭알아야하는필수영어단어초등과학편,IH-ALADIN-9791112098931,국제학교 가기 전 꼭 알아야 하는 필수 영어단어 -초등 과학편-
9788917929713,rollercoasterd6,IH-ALADIN-9788917929713,Roller Coaster D6 (StudentBook + Workbook + CD 2장)
9788927701019,미드영어특급패턴202미드보다좋은스피킹교재는없다,IH-ALADIN-9788927701019,미드영어 특급패턴 202 - 미드보다 좋은 스피킹 교재는 없다!
9788992215114,heykids3,IH-ALADIN-9788992215114,Hey Kids! 3
9791192480565,phonicsworks1알파벳단모음,IH-ALADIN-9791192480565,Phonics Works 1 - 알파벳 & 단모음
9791133723737,적중100영어알리오올리오2학기전과정중2동아윤정미2022개정교육과정,IH-ALADIN-9791133723737,적중100 영어 알리오올리오 2학기 전과정 중2 동아 윤정미 (2026년) - 2022 개정 교육과정
9791198197900,preparationbookforthetoeflprimaryspeaking,IH-ALADIN-9791198197900,Preparation Book for the TOEFL Primary Speaking
9791140713042,디즈니픽사베스트컬렉션ost,IH-ALADIN-9791140713042,"디즈니, 픽사 베스트 컬렉션 - OST"
9791194467410,allnew이게진짜미드영어다알듯말듯미드족을괴롭히는미드표현231개때려잡기,IH-ALADIN-9791194467410,All New 이게 진짜 미드영어다! - 알듯말듯 미드족을 괴롭히는 미드표현 231개 때려잡기
9791199801905,고딸영문법기초1500제6주동안완성하는기초영문법연습문제집,IH-ALADIN-9791199801905,고딸 영문법 기초 1500제 - 6주 동안 완성하는 기초 영문법 연습 문제집
9788917305180,초등학교영어자습서평가문제집62최희경외2022개정교육과정,IH-ALADIN-9788917305180,초등학교 영어 자습서 & 평가문제집 6-2 : 최희경 외 - 2022 개정 교육과정
9788917305128,초등학교영어자습서평가문제집52김혜리외2022개정교육과정,IH-ALADIN-9788917305128,초등학교 영어 자습서 & 평가문제집 5-2 : 김혜리 외 - 2022 개정 교육과정
9791198895523,미드로영어공부하기,IH-ALADIN-9791198895523,미드로 영어공부하기
9791124126066,1일1주제9분만에끝내는영어,IH-ALADIN-9791124126066,1일 1주제 9분 만에 끝내는 영어
9791112106469,국제학교가기전꼭알아야하는필수영어단어초등수학편,IH-ALADIN-9791112106469,국제학교 가기 전 꼭 알아야 하는 필수 영어단어 - -초등 수학편-
9788987915838,프리즌브레이크에피소드4cutepoison,IH-ALADIN-9788987915838,프리즌 브레이크 에피소드 4 - Cute Poison
9788962818574,지텔프32벼락치기10시간완성level2gtelp1타강사의속성과외,IH-ALADIN-9788962818574,지텔프 32+ 벼락치기 10시간 완성 Level 2 - G-TELP 1타 강사의 속성 과외!
9791176230865,2027logicalmindcustomizing하프모의고사4회분영어영역틀린문제에서시작해나만의학습으로이어지는하프모의고사,IH-ALADIN-9791176230865,2027 Logical Mind : [Customizing] 하프모의고사 4회분 영어영역 (2026년) - 틀린 문제에서 시작해 나만의 학습으로 이어지는 하프모의고사
9791186924754,polybooksgrammarjoy4메가스터디엘리하이강의교재개정판,IH-ALADIN-9791186924754,"Polybooks Grammar Joy 4 - 메가스터디 엘리하이 강의교재, 개정판"
9788963059020,엄마표유치원영어일상에서영어로배우는세이펜기능적용세이펜미포함,IH-ALADIN-9788963059020,"엄마표 유치원 영어 - 일상에서 영어로 배우는, 세이펜 기능 적용, 세이펜 미포함"
9791169193450,영국문학개관제4판,IH-ALADIN-9791169193450,영국 문학 개관 - 제4판
9791166083013,씨뮬15th사설기출모의고사고2영어2027내신학평,IH-ALADIN-9791166083013,씨뮬 15th 사설 기출 모의고사 고2 영어 (2027년) - 2027 내신·학평
9791124001066,마이갓26년고16월모의고사workbook,IH-ALADIN-9791124001066,마이갓 26년 고1 6월 모의고사 Workbook
9788962814316,노베토익기본,IH-ALADIN-9788962814316,노베토익 : 기본
9788927781080,howtomasterskillsforthetoeflibtactualtestreading1secondedition,IH-ALADIN-9788927781080,How to Master Skills for the TOEFL iBT Actual Test Reading 1 - Second Edition
9788927701866,hanselandgretelrapunzel헨젤과그레텔라푼젤,IH-ALADIN-9788927701866,Hansel and Gretel / Rapunzel (New Edition) - 헨젤과 그레텔 / 라푼젤
9791174102461,내신콘서트고등영어기출문제집공통영어2천재강상구,IH-ALADIN-9791174102461,내신콘서트 고등영어 기출문제집 공통영어 2 천재 강상구 (2026년)
9788965427438,hackersreadingsmartmasterlevel1smartskillfulandcriticalreading고등독해의완성,IH-ALADIN-9788965427438,"Hackers Reading Smart Master (해커스 리딩 스마트 마스터) Level 1 - Smart, Skillful, and Critical Reading ┃ 고등 독해의 완성"
9791129718198,풀어서외우는영단어예비중문제풀이로완성하는영단어학습,IH-ALADIN-9791129718198,풀어서 외우는 영단어 예비중 - 문제 풀이로 완성하는 영단어 학습
9788962812015,최소한의토익600컷,IH-ALADIN-9788962812015,최소한의 토익 600컷
9788927701873,jackandthebeanstalkgoldilocksandthethreebearsthelittleredhen잭과콩나무골디락스와곰세마리작은붉은암탉,IH-ALADIN-9788927701873,Jack and the Beanstalk / Goldilocks and the Three Bears / The Little Red Hen (New Edition) - 잭과 콩나무 / 골디락스와 곰 세 마리 / 작은 붉은 암탉
9791192361758,smartlistening11,IH-ALADIN-9791192361758,Smart Listening 1-1
9791190020343,공무원영어하다330제기본,IH-ALADIN-9791190020343,공무원 영어 하다 330제 기본
9788962811735,밀크토익실전모의고사매월나오는신선한토익,IH-ALADIN-9788962811735,밀크토익 실전모의고사 - 매월 나오는 신선한 토익
9788917305166,초등학교영어자습서평가문제집52최희경외2022개정교육과정,IH-ALADIN-9788917305166,초등학교 영어 자습서 & 평가문제집 5-2 : 최희경 외 - 2022 개정 교육과정
9791194467175,smart여행영어allnew바로보고바로통하는,IH-ALADIN-9791194467175,SMART 여행영어 - All New 바로 보고 바로 통하는
9791124272312,최상위감각을키우는47세영어로드맵엄마표영어영어유치원해외체험한권으로끝낸다,IH-ALADIN-9791124272312,"최상위 감각을 키우는 4~7세 영어 로드맵 - 엄마표 영어, 영어 유치원, 해외체험…한 권으로 끝낸다!"
9791124009819,동백꽃step1동백꽃기본영어,IH-ALADIN-9791124009819,동백꽃 STEP 1 동백꽃 기본 영어
9788927701941,pussinbootscinderella장화신은고양이신데렐라,IH-ALADIN-9788927701941,Puss in Boots / Cinderella (New Edition) - 장화 신은 고양이 / 신데렐라
9791174102447,내신콘서트고등영어기출문제집공통영어2비상홍민표,IH-ALADIN-9791174102447,내신콘서트 고등영어 기출문제집 공통영어 2 비상 홍민표 (2026년)
9788900491357,특급내신템교과서완성편중학영어12이병민교과서집필진이개발한특별한내신아이템,IH-ALADIN-9788900491357,특급내신템 교과서 완성편 중학 영어 1-2 이병민 (2026년) - 교과서 집필진이 개발한 특별한 내신 아이템
9791174102553,내신콘서트중학영어기출문제집2학기전과정통합본중3천재이재영2015개정교육과정,IH-ALADIN-9791174102553,내신콘서트 중학영어 기출문제집 2학기 전과정 통합본 중3 천재 이재영 (2026년) - 2015 개정 교육과정
9788987985824,7세아이첫영어연령별학습능력에맞춘,IH-ALADIN-9788987985824,7세 아이 첫영어 - 연령별 학습능력에 맞춘
9791196845926,보카엘vocael고교기초상외우지말고이해하라,IH-ALADIN-9791196845926,보카엘 VOCAEL 고교기초 (예비고·고1) 상 - 외우지 말고 이해하라
9791160783971,영어뭘대단한것을가르친다고,IH-ALADIN-9791160783971,영어! 뭘 대단한 것을 가르친다고?
9791192978550,myfirstlearningalphabet알파벳연습장,IH-ALADIN-9791192978550,MY FIRST LEARNING ALPHABET 알파벳 연습장
9788927702085,peterpan피터팬,IH-ALADIN-9788927702085,Peter Pan (New Edition) - 피터팬
9788989292678,영어간판을읽자,IH-ALADIN-9788989292678,영어 간판을 읽자
9791186924747,polybooksgrammarjoy3메가스터디엘리하이강의교재개정판,IH-ALADIN-9791186924747,"Polybooks Grammar Joy 3 - 메가스터디 엘리하이 강의교재, 개정판"
9788962816235,노베토익입문,IH-ALADIN-9788962816235,노베토익 : 입문
9791175982116,토익만점카투사도안들리는미국뉴스학습노트,IH-ALADIN-9791175982116,토익 만점 카투사도 안 들리는 미국 뉴스 학습 노트
9788917238358,englishtownstarterbook2,IH-ALADIN-9788917238358,English Town Starter Book 2 (For Everyone)
9791174102621,내신콘서트중학영어기출문제집2학기전과정통합본중2동아이병민,IH-ALADIN-9791174102621,내신콘서트 중학영어 기출문제집 2학기 전과정 통합본 중2 동아 이병민 (2026년)
9791176090490,100발100중기출문제집최종점검2학기전과정중2영어능률김기택2022개정교육과정,IH-ALADIN-9791176090490,100발 100중 기출문제집 최종점검 2학기 전과정 중2 영어 능률 김기택 (2026년) - 2022 개정 교육과정
9791133723744,적중100영어알리오올리오2학기전과정중2동아이병민2022개정교육과정,IH-ALADIN-9791133723744,적중100 영어 알리오올리오 2학기 전과정 중2 동아 이병민 (2026년) - 2022 개정 교육과정
9791194299981,영문technicalwriting및번역지침서,IH-ALADIN-9791194299981,영문 Technical Writing 및 번역 지침서
9791196845933,보카엘vocael고교기초하외우지말고이해하라,IH-ALADIN-9791196845933,보카엘 VOCAEL 고교기초 (예비고·고1) 하 - 외우지 말고 이해하라
9788987985862,5세아이첫영어4세부터아이의생애첫영어학습서,IH-ALADIN-9788987985862,5세 아이 첫영어 - 4세부터 아이의 생애 첫영어 학습서
9788987985817,6세아이첫영어,IH-ALADIN-9788987985817,6세 아이 첫영어
9791191006353,phonicsreadinglive2,IH-ALADIN-9791191006353,Phonics Reading Live 2
9791193614389,키다리아저씨1,IH-ALADIN-9791193614389,키다리 아저씨 1
9788962811834,최소한의토익700컷,IH-ALADIN-9788962811834,최소한의 토익 700컷
9788962811803,파고다토익스피킹실전모의고사30회im2al한권완성,IH-ALADIN-9788962811803,파고다 토익 스피킹 실전 모의고사 30회 - IM2-AL 한 권 완성
9791172601201,최강불패6월학력평가기말고사완벽대비7개년기출모의고사고1영어,IH-ALADIN-9791172601201,최강불패 6월 학력평가 + 기말고사 완벽대비 7개년 기출 모의고사 고1 영어 (2026년)
9791167918918,영어로배우는성경이야기deepdiveintothebibleinenglish,IH-ALADIN-9791167918918,영어로 배우는 성경 이야기 - Deep dive into the Bible in English
9788965427735,hackersreadingsmartmasterlevel2smartskillfulandcriticalreading고등독해의완성,IH-ALADIN-9788965427735,"Hackers Reading Smart Master (해커스 리딩 스마트 마스터) Level 2 - Smart, Skillful, and Critical Reading ┃ 고등 독해의 완성"
9791194462453,여행영어플라스틱북,IH-ALADIN-9791194462453,여행영어 플라스틱북 (스프링)
9791112182227,영어동사클래스영어동사에대한이해,IH-ALADIN-9791112182227,영어 동사 클래스 - 영어 동사에 대한 이해
9791171421138,영어낭독필사이솝우화,IH-ALADIN-9791171421138,영어 낭독필사 : 이솝 우화
9791112014634,해외여행이쉬워진다진짜써먹는일본어영어여행회화,IH-ALADIN-9791112014634,해외여행이 쉬워진다 : 진짜 써먹는 일본어/영어 여행회화
9791143411945,우선순위지텔프보카레벨2출제빈도순으로완성하는필수어휘,IH-ALADIN-9791143411945,우선순위 지텔프 보카 레벨 2 - 출제 빈도 순으로 완성하는 필수 어휘
9791198343642,followme여행영어여행지에서의당당한자기표현,IH-ALADIN-9791198343642,FOLLOW ME! 여행 영어 - 여행지에서의 당당한 자기 표현!
9791174102454,내신콘서트고등영어기출문제집공통영어2천재조수경,IH-ALADIN-9791174102454,내신콘서트 고등영어 기출문제집 공통영어 2 천재 조수경 (2026년)
9791174102430,내신콘서트고등영어기출문제집공통영어2미래엔김성연,IH-ALADIN-9791174102430,내신콘서트 고등영어 기출문제집 공통영어 2 미래엔 김성연 (2026년)
9788965428381,hackersreadingsmartmasterlevel4smartskillfulandcriticalreading고등독해의완성ng수능기출수록,IH-ALADIN-9788965428381,"Hackers Reading Smart Master (해커스 리딩 스마트 마스터) Level 4 - Smart, Skillful, and Critical Reading ┃고등 독해의 완성 ng ┃수능 기출 수록"
9791176090377,100발100중기출문제집2학기중간고사중2영어능률김기택2022개정교육과정,IH-ALADIN-9791176090377,100발 100중 기출문제집 2학기 중간고사 중2 영어 능률 김기택 (2026년) - 2022 개정 교육과정
9788962815221,최소한의뉴토플rlws원컷,IH-ALADIN-9788962815221,최소한의 뉴토플 - RLWS 원컷
9791193614402,키다리아저씨2,IH-ALADIN-9791193614402,키다리 아저씨 2
9788927702450,thebesttoefljuniorlfmadvanced,IH-ALADIN-9788927702450,The Best TOEFL Junior LFM Advanced
9788953940376,usborneyoungreadingset342pompeii,IH-ALADIN-9788953940376,Usborne Young Reading Set 3-42 : Pompeii (Paperback + Audio CD 1장)
9791174102423,내신콘서트고등영어기출문제집공통영어2능률오선영,IH-ALADIN-9791174102423,내신콘서트 고등영어 기출문제집 공통영어 2 능률 오선영 (2026년)
9791166082993,씨뮬15th사설기출모의고사고1영어2027내신학평,IH-ALADIN-9791166082993,씨뮬 15th 사설 기출 모의고사 고1 영어 (2027년) - 2027 내신·학평
9788965428374,hackersreadingsmartmasterlevel3smartskillfulandcriticalreading고등독해의완성,IH-ALADIN-9788965428374,"Hackers Reading Smart Master (해커스 리딩 스마트 마스터) Level 3 - Smart, Skillful, and Critical Reading ┃ 고등 독해의 완성"
9791124143179,요만큼만알아도미드가엄청재밌어진다,IH-ALADIN-9791124143179,요만큼만 알아도 미드가 엄청 재밌어진다!
9791191796179,말이통하는영어일상과여행에서살아있는표현들,IH-ALADIN-9791191796179,말이 통하는 영어 - 일상과 여행에서 살아있는 표현들
9791199811782,그래머핀포인트grammarpinpointlevel1,IH-ALADIN-9791199811782,그래머 핀포인트 GRAMMAR PINPOINT Level 1
9791176090469,100발100중기출문제집최종점검2학기전과정중2영어동아이병민2022개정교육과정,IH-ALADIN-9791176090469,100발 100중 기출문제집 최종점검 2학기 전과정 중2 영어 동아 이병민 (2026년) - 2022 개정 교육과정
9781609632632,evanmoordailymathpracticegrade6studentbook,IH-ALADIN-9781609632632,"Evan-Moor Daily Math Practice, Grade 6 Student Book (Paperback)"
9791193614372,키다리아저씨12세트전2권,IH-ALADIN-9791193614372,키다리 아저씨 1~2 세트 - 전2권
9791166476594,회사업무영어길라잡이,IH-ALADIN-9791166476594,회사 업무 영어 길라잡이
9791175871182,easyfinal쉬운마무리수능봉투모의고사영어영역3회분ebs완벽분석,IH-ALADIN-9791175871182,EASY FINAL 쉬운 마무리 수능 봉투모의고사 영어영역 3회분 (2026년) - EBS 완벽분석
9791199893108,미미월간지6월2027수능대비,IH-ALADIN-9791199893108,미미월간지 6월 (2026년) - 2027 수능대비
9788952139795,걸리버여행기개정판,IH-ALADIN-9788952139795,걸리버 여행기 - 개정판
9788961263726,수능완승ebs완벽분석중앙final실전봉투모의고사영어영역3회분ebs수능특강변형문제완전분석및간접연계대비,IH-ALADIN-9788961263726,수능 완승 EBS 완벽분석 중앙 FINAL 실전봉투 모의고사 영어영역 3회분 (2026년) - EBS 수능특강 변형문제 완전분석 및 간접연계 대비
9791124324103,날개오늘의언어로다시읽다이상의날개현대적문체개작과영어번역,IH-ALADIN-9791124324103,"날개 : 오늘의 언어로 다시 읽다 - 이상의 날개, 현대적 문체 개작과 영어 번역"
9791124392096,어린왕자영어필사후편하루10분으로마음에위로가되는,IH-ALADIN-9791124392096,어린 왕자 영어 필사 : 후편 - 하루 10분으로 마음에 위로가 되는
9788962810820,winningtoeflreadingstep22ndedition,IH-ALADIN-9788962810820,Winning TOEFL Reading Step 2 - 2nd Edition
9788962814231,노베토익단어장700목표점수를위한핵심기출1200단어,IH-ALADIN-9788962814231,"노베토익 단어장 - 700+ 목표 점수를 위한 핵심 기출1,200단어"
9791124143124,상황별실용영어표현3300딱이거하나면된다,IH-ALADIN-9791124143124,상황별 실용영어표현 3300 - 딱! 이거 하나면 된다!
9791124281826,insight실전봉투모의고사영어영역3회분ebs완벽분석,IH-ALADIN-9791124281826,Insight 실전봉투모의고사 영어영역 3회분 (2026년) - EBS 완벽분석
9791124281819,sky실전봉투모의고사영어영역3회분ebs완벽분석,IH-ALADIN-9791124281819,SKY 실전봉투모의고사 영어영역 3회분 (2026년) - EBS 완벽분석
9791124281802,essence에센스파이널실전봉투모의고사영어영역3회분,IH-ALADIN-9791124281802,Essence 에센스 파이널 실전봉투모의고사 영어영역 3회분 (2026년)
9791175242685,수레바퀴아래서미니미니키링북,IH-ALADIN-9791175242685,수레바퀴 아래서 미니미니 키링북 (영문판)
9791112198723,강남엄마는왜영어에흔들리는가,IH-ALADIN-9791112198723,강남 엄마는 왜 영어에 흔들리는가
9791175242401,어린왕자미니미니북thelittleprince,IH-ALADIN-9791175242401,어린 왕자 미니미니북 (영문판) : The Little Prince
9791124324004,동주영어로다시만나다윤동주한국어를가장아름답게쓴시인,IH-ALADIN-9791124324004,"동주, 영어로 다시 만나다 - 윤동주, 한국어를 가장 아름답게 쓴 시인"
9791199675988,미미월간지5월2027수능대비,IH-ALADIN-9791199675988,미미월간지 5월 (2026년) - 2027 수능대비
9791168182561,캐치온잉글리쉬세트전2권9급공무원시험대비확장4판,IH-ALADIN-9791168182561,"캐치 온 잉글리쉬 세트 - 전2권 - 9급 공무원 시험대비, 확장 4판"
9791199893122,미미월간지7월,IH-ALADIN-9791199893122,미미월간지 7월 (2026년)
9791176022521,9월7개년전국연합모의고사고1영어2022개정교육과정전국연합및내신대비,IH-ALADIN-9791176022521,"9월 7개년 전국연합 모의고사 고1 영어 (2026년) - 2022 개정 교육과정, 전국연합 및 내신대비"
9791176022491,9월4개년전국연합모의고사고1영어2022개정교육과정전국연합및내신대비,IH-ALADIN-9791176022491,9월 4개년 전국연합 모의고사 고1 영어 (2026년) - 2022 개정 교육과정. 전국연합 및 내신대비
9791176022507,9월5개년전국연합모의고사고1영어2022개정교육과정전국연합및내신대비,IH-ALADIN-9791176022507,9월 5개년 전국연합 모의고사 고1 영어 (2026년) - 2022 개정 교육과정. 전국연합 및 내신대비
9791176022514,9월6개년전국연합모의고사고1영어2022개정교육과정전국연합및내신대비,IH-ALADIN-9791176022514,9월 6개년 전국연합 모의고사 고1 영어 (2026년) - 2022 개정 교육과정. 전국연합 및 내신대비
9791176021159,2027e변은없다수능완성2배수수능형내신형변형문제영어2027학년도수능학교시험대비,IH-ALADIN-9791176021159,2027 E변은 없다 수능완성 2배수 수능형 + 내신형 변형문제 영어 - 2027학년도 수능 + 학교시험 대비
9791175854116,9월학력평가기말고사대비모의고사6개년고1영어2022개정교육과정9월전국연합학력평가기말고사대비,IH-ALADIN-9791175854116,"9월 학력평가 기말고사 대비 모의고사 6개년 고1 영어 (2026년) - 2022 개정 교육과정, 9월 전국연합 학력평가&기말고사 대비"
9791175854109,9월학력평가기말고사대비모의고사5개년고1영어2022개정교육과정반영,IH-ALADIN-9791175854109,9월 학력평가 기말고사 대비 모의고사 5개년 고1 영어 (2026년) - 2022 개정 교육과정 반영
9791175854123,9월학력평가기말고사대비모의고사7개년고1영어2022개정교육과정9월전국연합학력평가기말고사대비,IH-ALADIN-9791175854123,"9월 학력평가 기말고사 대비 모의고사 7개년 고1 영어 (2026년) - 2022 개정 교육과정, 9월 전국연합 학력평가&기말고사 대비"
9791175854581,9월학력평가기말고사대비모의고사5개년고2영어2022개정교육과정,IH-ALADIN-9791175854581,9월 학력평가 기말고사 대비 모의고사 5개년 고2 영어 (2026년) - 2022 개정 교육과정
9791175854598,9월학력평가기말고사대비모의고사6개년고2영어2022개정교육과정,IH-ALADIN-9791175854598,9월 학력평가 기말고사 대비 모의고사 6개년 고2 영어 (2026년) - 2022 개정 교육과정
9791175854604,9월학력평가기말고사대비모의고사7개년고2영어2022개정교육과정,IH-ALADIN-9791175854604,9월 학력평가 기말고사 대비 모의고사 7개년 고2 영어 (2026년) - 2022 개정 교육과정
9791199457065,수능완성적중변형문제집영어영역영어전지문적중변형문제를통한완벽한수능대비2022개정교육과정반영,IH-ALADIN-9791199457065,"수능완성 적중 변형 문제집 영어영역 영어 (2026년) - 전지문 적중 변형 문제를 통한 완벽한 수능 대비, 2022 개정 교육과정 반영"
9791199859029,하이테크정보2027학년도수능완벽대비영어모의고사1회,IH-ALADIN-9791199859029,하이테크정보 2027학년도 수능 완벽 대비 영어 모의고사 1회 (2026년)
9791175852006,e기적수능완성변형문제영어영역영어2027학년도수능및내신대비수능형내신형2배수수록서술형문제수록,IH-ALADIN-9791175852006,"E기적 수능완성 변형문제 영어영역 영어 (2026년) - 2027학년도 수능 및 내신 대비, 수능형+내신형 2배수 수록, 서술형 문제 수록"
9791175852013,e기적수능완성변형문제수능완성영어2027학년도수능학교시험대비2022개정교육과정,IH-ALADIN-9791175852013,"E기적 수능완성 변형문제 수능완성 영어 (2026년) - 2027학년도 수능+학교시험 대비, 2022 개정 교육과정"
9788961263863,적중선택ebs완벽분석final실전봉투모의고사영어영역3회분,IH-ALADIN-9788961263863,적중 선택 EBS 완벽분석 FINAL 실전 봉투 모의고사 영어영역 3회분 (2026년)
9788961264129,수능완승ebs완벽분석topsecret극비실전봉투모의고사영어영역3회분,IH-ALADIN-9788961264129,수능 완승 EBS 완벽분석 TOP SECRET 극비 실전 봉투모의고사 영어영역 3회분 (2026년)
9791176021180,e변은없다수능특강변형문제영어영역영어2027학년도수능학교시험대비,IH-ALADIN-9791176021180,E변은 없다 수능특강 변형문제 영어영역 영어 (2026년) - 2027학년도 수능+학교시험 대비
9791199079748,세계문학학생번역총서1thestudenttranslatorslibrary,IH-ALADIN-9791199079748,세계문학 학생번역 총서 1 - The Student Translators' Library
9791112180957,masteringenglishthroughgamingfromnoobtopro,IH-ALADIN-9791112180957,Mastering English Through Gaming From Noob to Pro
9791112182081,readingtheeconomy,IH-ALADIN-9791112182081,Reading the Economy
9791112182098,readingamerica,IH-ALADIN-9791112182098,Reading America
9791112182104,readingscience,IH-ALADIN-9791112182104,Reading Science
9791112182111,readingtexts,IH-ALADIN-9791112182111,Reading Texts
9791112182128,readingworldhistory,IH-ALADIN-9791112182128,Reading World History
9791195864089,썸타는영어,IH-ALADIN-9791195864089,썸타는 영어
8809496291594,dvd스피킹스쿨500영어단어퀴즈왕힌트5문장으로맞히는영단어퀴즈26가지주제530개단어엄마표홈스쿨링영어공부유아어린이성인시니어까지활용하는영어스피킹영상pptpdf활동지패키지,IH-ALADIN-8809496291594,"[DVD] 스피킹 스쿨 500 영어 단어 퀴즈왕 - 힌트 5문장으로 맞히는 영단어 퀴즈, 26가지 주제 530개 단어, 엄마표 홈스쿨링 영어공부, 유아·어린이·성인·시니어까지 활용하는 영어스피킹 영상·PPT·PDF·활동지 패키지"
9791112200228,thegetbook50덩어리소통영어,IH-ALADIN-9791112200228,the get book - 50 덩어리 소통 영어
9791112191656,50덩어리소통영어,IH-ALADIN-9791112191656,50 덩어리 소통 영어
9791112188939,처음만나는알파벳라임이야기4권,IH-ALADIN-9791112188939,처음 만나는 알파벳 라임 이야기 4권
9791139233162,영어유치원안부러운73초등영어,IH-ALADIN-9791139233162,영어 유치원 안 부러운 73 초등영어
9791124028650,중등영어고난도독해특목고외고대비부터수능독해훈련까지,IH-ALADIN-9791124028650,중등 영어 고난도 독해 - 특목고·외고 대비부터 수능 독해 훈련까지
9791175900936,grammarinlevel3a2022개정교육과정,IH-ALADIN-9791175900936,Grammar in Level 3A - 2022 개정 교육과정
9791175900943,grammarinlevel3b2022개정교육과정,IH-ALADIN-9791175900943,Grammar in Level 3B - 2022 개정 교육과정
9791112203908,분당판교에센셜로드맵stage21,IH-ALADIN-9791112203908,분당 판교 에센셜 로드맵 (컬러) - STAGE 2-1
9791174103024,내신콘서트중학영어기출문제집2학기중간고사중2ybm김은형2022개정교육과정,IH-ALADIN-9791174103024,내신콘서트 중학영어 기출문제집 2학기 중간고사 중2 YBM 김은형 (2026년) - 2022 개정 교육과정
9791174103000,내신콘서트중학영어기출문제집2학기중간고사중2천재이상기,IH-ALADIN-9791174103000,내신콘서트 중학영어 기출문제집 2학기 중간고사 중2 천재 이상기 (2026년)
9791174103017,내신콘서트중학영어기출문제집2학기중간고사중2ybm박준언2022개정교육과정,IH-ALADIN-9791174103017,내신콘서트 중학영어 기출문제집 2학기 중간고사 중2 YBM 박준언 (2026년) - 2022 개정 교육과정
9791174102980,내신콘서트중학영어기출문제집2학기중간고사중2능률김기택2022개정교육과정,IH-ALADIN-9791174102980,내신콘서트 중학영어 기출문제집 2학기 중간고사 중2 능률 김기택 (2026년) - 2022 개정 교육과정
9791174102706,내신콘서트중학영어기출문제집2학기전과정통합본중2ybm김은형,IH-ALADIN-9791174102706,내신콘서트 중학영어 기출문제집 2학기 전과정 통합본 중2 YBM 김은형 (2026년)
9791174102638,내신콘서트중학영어기출문제집2학기전과정통합본중2미래엔문영인2022개정교육과정,IH-ALADIN-9791174102638,내신콘서트 중학영어 기출문제집 2학기 전과정 통합본 중2 미래엔 문영인 (2026년) - 2022 개정 교육과정
9791174102683,내신콘서트중학영어기출문제집2학기전과정통합본중2천재이상기2022개정교육과정,IH-ALADIN-9791174102683,내신콘서트 중학영어 기출문제집 2학기 전과정 통합본 중2 천재 이상기 (2026년) - 2022 개정 교육과정
9791174102690,내신콘서트중학영어기출문제집2학기전과정통합본중2ybm박준언,IH-ALADIN-9791174102690,내신콘서트 중학영어 기출문제집 2학기 전과정 통합본 중2 YBM 박준언 (2026년)
9791174102669,내신콘서트중학영어기출문제집2학기전과정통합본중2능률김기택,IH-ALADIN-9791174102669,내신콘서트 중학영어 기출문제집 2학기 전과정 통합본 중2 능률 김기택 (2026년)
9791174102652,내신콘서트중학영어기출문제집2학기전과정통합본중2지학송미정2022개정교육과정,IH-ALADIN-9791174102652,내신콘서트 중학영어 기출문제집 2학기 전과정 통합본 중2 지학 송미정 (2026년) - 2022 개정 교육과정
9791174102966,내신콘서트중학영어기출문제집2학기중간고사중2비상황종배2022개정교육과정,IH-ALADIN-9791174102966,내신콘서트 중학영어 기출문제집 2학기 중간고사 중2 비상 황종배 (2026년) - 2022 개정 교육과정
9791171731220,교과서기출어법천재중22,IH-ALADIN-9791171731220,교과서 기출어법 천재(이상기) 중2-2 (스프링)
9791171731237,교사용교과서기출어법천재중22,IH-ALADIN-9791171731237,[교사용] 교과서 기출어법 천재(이상기) 중2-2 (스프링)
9791174102973,내신콘서트중학영어기출문제집2학기중간고사중2지학송미정2022개정교육과정,IH-ALADIN-9791174102973,내신콘서트 중학영어 기출문제집 2학기 중간고사 중2 지학 송미정 (2026년) - 2022 개정 교육과정
9791174102997,내신콘서트중학영어기출문제집2학기중간고사중2천재소영순2022개정교육과정,IH-ALADIN-9791174102997,내신콘서트 중학영어 기출문제집 2학기 중간고사 중2 천재 소영순 (2026년) - 2022 개정 교육과정
9791174102935,내신콘서트중학영어기출문제집2학기중간고사중2동아윤정미,IH-ALADIN-9791174102935,내신콘서트 중학영어 기출문제집 2학기 중간고사 중2 동아 윤정미 (2026년)
9791171731305,교과서기출어법ybm중22개정판,IH-ALADIN-9791171731305,교과서 기출어법 YBM(박준언) 중2-2 (스프링) - 개정판
9791174102942,내신콘서트중학영어기출문제집2학기중간고사중2동아이병민,IH-ALADIN-9791174102942,내신콘서트 중학영어 기출문제집 2학기 중간고사 중2 동아 이병민 (2026년)
9791171731312,교사용교과서기출어법ybm중22개정판,IH-ALADIN-9791171731312,[교사용] 교과서 기출어법 YBM(박준언) 중2-2 (스프링) - 개정판
9791174102959,내신콘서트중학영어기출문제집2학기중간고사중2미래엔문영인,IH-ALADIN-9791174102959,내신콘서트 중학영어 기출문제집 2학기 중간고사 중2 미래엔 문영인 (2026년)
9791171731251,교사용교과서기출어법천재중22개정판,IH-ALADIN-9791171731251,[교사용] 교과서 기출어법 천재(소영순) 중2-2 (스프링) - 개정판
9791133723751,적중100영어알리오올리오2학기전과정중2천재소영순2022개정교육과정,IH-ALADIN-9791133723751,적중100 영어 알리오올리오 2학기 전과정 중2 천재 소영순 (2026년) - 2022 개정 교육과정
9791133723768,적중100영어알리오올리오2학기전과정중2천재이상기2022개정교육과정,IH-ALADIN-9791133723768,적중100 영어 알리오올리오 2학기 전과정 중2 천재 이상기 (2026년) - 2022 개정 교육과정
9791176090421,100발100중기출문제집최종점검2학기전과정중2영어지학송미정2022개정교육과정,IH-ALADIN-9791176090421,100발 100중 기출문제집 최종점검 2학기 전과정 중2 영어 지학 송미정 (2026년) - 2022 개정 교육과정
9791176090384,100발100중기출문제집2학기중간고사중2영어미래엔문영인2022개정교육과정,IH-ALADIN-9791176090384,100발 100중 기출문제집 2학기 중간고사 중2 영어 미래엔 문영인 (2026년) - 2022 개정 교육과정
9791176090391,100발100중기출문제집2학기중간고사중2영어비상황종배2022개정교육과정,IH-ALADIN-9791176090391,100발 100중 기출문제집 2학기 중간고사 중2 영어 비상 황종배 (2026년) - 2022 개정 교육과정
9791171731183,교과서기출어법동아중22,IH-ALADIN-9791171731183,교과서 기출어법 동아(이병민) 중2-2 (스프링)
9791171731190,교사용교과서기출어법동아중22,IH-ALADIN-9791171731190,[교사용] 교과서 기출어법 동아(이병민) 중2-2 (스프링)
9791171731268,교과서기출어법능률중22개정판,IH-ALADIN-9791171731268,교과서 기출어법 능률(김기택) 중2-2 (스프링) - 개정판
9791171731275,교사용교과서기출어법능률중22개정판,IH-ALADIN-9791171731275,[교사용] 교과서 기출어법 능률(김기택) 중2-2 (스프링) - 개정판
9791176090360,100발100중기출문제집2학기중간고사중2영어천재이상기2022개정교육과정,IH-ALADIN-9791176090360,100발 100중 기출문제집 2학기 중간고사 중2 영어 천재 이상기 (2026년) - 2022 개정 교육과정
9791176090414,100발100중기출문제집2학기중간고사중2영어ybm김은형2022개정교육과정,IH-ALADIN-9791176090414,100발 100중 기출문제집 2학기 중간고사 중2 영어 YBM 김은형 (2026년) - 2022 개정 교육과정
9791174102591,내신콘서트중학영어기출문제집2학기전과정통합본중3능률양현권2015개정교육과정,IH-ALADIN-9791174102591,내신콘서트 중학영어 기출문제집 2학기 전과정 통합본 중3 능률 양현권 (2026년) - 2015 개정 교육과정
9791174102584,내신콘서트중학영어기출문제집2학기전과정통합본중3ybm송미정2015개정교육과정,IH-ALADIN-9791174102584,내신콘서트 중학영어 기출문제집 2학기 전과정 통합본 중3 YBM 송미정 (2026년) - 2015 개정 교육과정
9791174102607,내신콘서트중학영어기출문제집2학기전과정통합본중3금성최인철2015개정교육과정,IH-ALADIN-9791174102607,내신콘서트 중학영어 기출문제집 2학기 전과정 통합본 중3 금성 최인철 (2026년) - 2015 개정 교육과정
9791174102560,내신콘서트중학영어기출문제집2학기전과정통합본중3천재정사열2015개정교육과정,IH-ALADIN-9791174102560,내신콘서트 중학영어 기출문제집 2학기 전과정 통합본 중3 천재 정사열 (2026년) - 2015 개정 교육과정
9791155923917,감성적창작시와지적영어교육,IH-ALADIN-9791155923917,감성적 창작시와 지적 영어 교육
9791112182784,readingessays,IH-ALADIN-9791112182784,Reading Essays
9791176492379,박문각공무원진가영영어단판승문법적중포인트박문각공무원9급영어시험대비공무원영어기본서개정5판,IH-ALADIN-9791176492379,"박문각 공무원 진가영 영어 단판승 문법 적중 포인트 - 박문각 공무원 9급 영어 시험대비 공무원 영어 기본서, 개정 5판"
9788927781318,voca탄탄3중학영단어시리즈2ndedition,IH-ALADIN-9788927781318,"VOCA 탄탄 3 (실력) - 중학 영단어 시리즈, 2nd Edition"
9788927781325,voca탄탄4중학영단어시리즈2ndedition,IH-ALADIN-9788927781325,"VOCA 탄탄 4 (완성) - 중학 영단어 시리즈, 2nd Edition"
9791112203236,신나는역할놀이라임북,IH-ALADIN-9791112203236,신나는 역할놀이 라임북
9791112204707,알파벳라임북,IH-ALADIN-9791112204707,알파벳 라임북 (컬러판)
9791172570255,왕초보필수영숙어500,IH-ALADIN-9791172570255,왕초보 필수 영숙어 500
9791174171689,영어펜습자교본,IH-ALADIN-9791174171689,영어 펜습자 교본
9791112186904,atozalphabetrhyme알파벳과라임이만나는신나는여행,IH-ALADIN-9791112186904,A to Z ALPHABET RHYME - 알파벳과 라임이 만나는 신나는 여행
9791112204950,질문놀이라임북,IH-ALADIN-9791112204950,질문놀이 라임북
9791112198167,감정표현라임북,IH-ALADIN-9791112198167,감정표현 라임북
9791112184443,쉬운영어즐거운라임북말하고놀아요알파벳친구들,IH-ALADIN-9791112184443,"쉬운 영어 즐거운 라임북 - 말하고 놀아요, 알파벳 친구들"
9791192978680,썼다지웠다abc,IH-ALADIN-9791192978680,썼다 지웠다 ABC
9791171421145,영어낭독필사안데르센동화,IH-ALADIN-9791171421145,영어 낭독필사 : 안데르센 동화
9791171421152,영어낭독필사그림동화,IH-ALADIN-9791171421152,영어 낭독필사 : 그림 동화
9791176310345,콘텐츠로읽는영어와문화커피광고그리고영어,IH-ALADIN-9791176310345,"콘텐츠로 읽는 영어와 문화 - 커피, 광고, 그리고 영어"
9791112212757,카펠영어워크북x피터래빗이야기,IH-ALADIN-9791112212757,카펠영어 워크북 x 피터 래빗 이야기 (vol.1)
9791112199409,50덩어리소통영어너덜너덜,IH-ALADIN-9791112199409,50 덩어리 소통 영어 (컬러판) - 너덜너덜
9791112183316,처음만나는알파벳라임이야기2권myfirstalphabetrhymebook,IH-ALADIN-9791112183316,처음 만나는 알파벳 라임 이야기 2권 - My First Alphabet Rhyme Book
9791112182074,처음만나는알파벳라임이야기1권,IH-ALADIN-9791112182074,처음 만나는 알파벳 라임 이야기 1권
9791124143162,요만큼만알아도toeic이900,IH-ALADIN-9791124143162,요만큼만 알아도 TOEIC이 900+!
9791129718297,백점백승구조독해초등사회5학년2022개정교육과정초등상위권,IH-ALADIN-9791129718297,"백점백승 구조 독해 초등 사회 5학년 - 2022 개정 교육과정, 초등 상위권"
9791129718303,백점백승구조독해초등사회6학년2022개정교육과정초등상위권,IH-ALADIN-9791129718303,"백점백승 구조 독해 초등 사회 6학년 - 2022 개정 교육과정, 초등 상위권"
9791129718310,백점백승구조독해초등과학5학년2022개정교육과정초등상위권,IH-ALADIN-9791129718310,"백점백승 구조 독해 초등 과학 5학년 - 2022 개정 교육과정, 초등 상위권"
9791129718327,백점백승구조독해초등과학6학년2022개정교육과정초등상위권,IH-ALADIN-9791129718327,"백점백승 구조 독해 초등 과학 6학년 - 2022 개정 교육과정, 초등 상위권"
9791112185723,영생수영어로생각하는수학61초등6학년제1권,IH-ALADIN-9791112185723,영생수 : 영어로 생각하는 수학 6-1 - 초등6학년 제1권
9791163865964,영어유치원불안으로결제하지말고기준으로선택하세요,IH-ALADIN-9791163865964,영어 유치원 - 불안으로 결제하지 말고 기준으로 선택하세요
9791112188458,소피아쌤의성인여행영어2탄,IH-ALADIN-9791112188458,소피아쌤의 성인 여행영어 2탄
9791112183378,소피아쌤의성인여행영어1탄,IH-ALADIN-9791112183378,소피아쌤의 성인 여행영어 1탄
9791112180056,트립스픽영어3권무사히집으로,IH-ALADIN-9791112180056,트립스픽 영어 3권 - 무사히 집으로
9791197903243,gps지피에스토플toeflseason1실전모의고사,IH-ALADIN-9791197903243,GPS 지피에스 토플 TOEFL SEASON 1 실전모의고사
9791197903250,gps지피에스토플toeflseason1정답및해설,IH-ALADIN-9791197903250,GPS 지피에스 토플 TOEFL SEASON 1 정답 및 해설
9788927702436,thebesttoefljuniorlfmbasic,IH-ALADIN-9788927702436,The Best TOEFL Junior LFM Basic
9788927702443,thebesttoefljuniorlfmintermediate,IH-ALADIN-9788927702443,The Best TOEFL Junior LFM Intermediate
9791176492133,2027박문각공무원김세현영어allinone기본서박문각공무원9급영어시험대비공무원영어기본서,IH-ALADIN-9791176492133,2027 박문각 공무원 김세현 영어 All In One 기본서 - 박문각 공무원 9급 영어 시험대비 공무원 영어 기본서
9791112207319,thewoodcutterandthepromiseofafairy,IH-ALADIN-9791112207319,The Woodcutter and the promise of a fairy
9791175983090,startoftheeternalwar,IH-ALADIN-9791175983090,Start of the Eternal War
9791173744648,상황별임상영어25호주간호사가매일쓰는인계노티차팅영어,IH-ALADIN-9791173744648,상황별 임상영어 25 - 호주 간호사가 매일 쓰는 인계·노티·차팅 영어
9791176090124,100발100중기출문제집1학기기말고사중2영어동아윤정미2022개정교육과정,IH-ALADIN-9791176090124,100발 100중 기출문제집 1학기 기말고사 중2 영어 동아 윤정미 (2026년) - 2022 개정 교육과정
9791159996665,bigvocacore단어를외우는가장완벽한방법,IH-ALADIN-9791159996665,BIGVOCA core - 단어를 외우는 가장 완벽한 방법
9791165757908,100발100중기출문제집1학기기말고사중3영어동아윤정미,IH-ALADIN-9791165757908,100발 100중 기출문제집 1학기 기말고사 중3 영어 동아 윤정미 (2026년용)
9788960499379,거의모든행동표현의영어,IH-ALADIN-9788960499379,거의 모든 행동 표현의 영어
9788934917380,3030english1탄하루30분씩30일이면미국유치원생처럼말할수있다,IH-ALADIN-9788934917380,3030 English 1탄 - 하루 30분씩 30일이면 미국 유치원생처럼 말할 수 있다
9791125342854,1316grammarlevel2기초부터내신까지중학영문법완성,IH-ALADIN-9791125342854,1316 Grammar Level 2 - 기초부터 내신까지 중학 영문법 완성
9788955431315,기탄영어베이직a단계1집유아5세초등2학년,IH-ALADIN-9788955431315,기탄 영어 베이직 A단계 1집 - 유아 5세~초등 2학년
9791155813102,걸어다니는어원사전모든영어단어에는이야기가있다,IH-ALADIN-9791155813102,걸어 다니는 어원 사전 - 모든 영어 단어에는 이야기가 있다
9788974578312,미국교과서읽는리딩easy3초중학생용,IH-ALADIN-9788974578312,미국교과서 읽는 리딩 Easy 3 (Student Book + Workbook + Audio QR Code) - 초.중학생용(초급과정)
9791157523658,thisisgrammar중급1최신개정판,IH-ALADIN-9791157523658,This Is Grammar 중급 1 - 최신개정판
9788900481990,특급기출중학영어111학기통합동아윤정미2022개정교육과정중학영어교과서점유율1위,IH-ALADIN-9788900481990,"특급기출 중학 영어 1-1 1학기 통합 동아 윤정미 (2026년용) - 2022 개정 교육과정, 중학 영어 교과서 점유율 1위"
9788954761635,ebs마이그래머코치mygrammarcoach표준편개념잡는중학영문법,IH-ALADIN-9788954761635,EBS 마이 그래머 코치 My Grammar Coach 표준편 (2026년용) - 개념 잡는 중학 영문법
9791188228096,longmangrammarmentorjoyplus1,IH-ALADIN-9791188228096,Longman Grammar Mentor Joy Plus 1
9791157523634,thisisgrammar초급1최신개정판,IH-ALADIN-9791157523634,This Is Grammar 초급 1 - 최신개정판
9791165758141,100발100중기출문제집1학기기말고사중1영어동아윤정미2022개정교육과정,IH-ALADIN-9791165758141,100발 100중 기출문제집 1학기 기말고사 중1 영어 동아 윤정미 (2026년용) - 2022 개정 교육과정
9788974578336,미국교과서읽는리딩basic2중고등학생용,IH-ALADIN-9788974578336,미국교과서 읽는 리딩 Basic 2 (교재 + 워크북) - 중.고등학생용(중급과정)
9791125348931,빠른독해바른독해유형독해개정판,IH-ALADIN-9791125348931,빠른 독해 바른 독해 유형독해 - 개정판
9791188228287,longmangrammarmentorjoyearlystart1,IH-ALADIN-9791188228287,Longman Grammar Mentor Joy Early Start 1
9791174102195,내신콘서트중학영어기출문제집1학기기말고사중2동아윤정미,IH-ALADIN-9791174102195,내신콘서트 중학영어 기출문제집 1학기 기말고사 중2 동아 윤정미 (2026년)
9788964358238,bricks중학grammar1,IH-ALADIN-9788964358238,Bricks 중학 Grammar 1
9791191156126,읽으면영어천재가되는만화책,IH-ALADIN-9791191156126,읽으면 영어천재가 되는 만화책
9791125337355,수능만만기본문법어법어휘150제만만한수능영어,IH-ALADIN-9791125337355,수능만만 기본 문법.어법.어휘 150제 - 만만한 수능영어
9791125329329,advancedreadingexpert1ahighlevelreadingcoursefortoprankingeflreaders,IH-ALADIN-9791125329329,Advanced Reading Expert 1 - A High-Level Reading Course for Top-Ranking EFL Readers
9791165263348,사회도독해가먼저다초등4학년2022개정교육과정반영독해와교과공부를한번에끝내는교과독해프로그램,IH-ALADIN-9791165263348,"사회도 독해가 먼저다 초등 4학년 - 2022 개정 교육과정 반영, 독해와 교과 공부를 한 번에 끝내는 교과 독해 프로그램"
9791165757915,100발100중기출문제집1학기기말고사중3영어동아이병민,IH-ALADIN-9791165757915,100발 100중 기출문제집 1학기 기말고사 중3 영어 동아 이병민 (2026년용)
9788900475111,특급기출중학영어31기말고사동아윤정미2015개정교육과정최신기출완벽분석진짜기출예상문제집,IH-ALADIN-9788900475111,"특급기출 중학 영어 3-1 기말고사 동아 윤정미 (2026년용) - 2015 개정 교육과정, 최신 기출 완벽 분석 진짜 기출예상문제집"
9788974578343,미국교과서읽는리딩basic3중고등학생용,IH-ALADIN-9788974578343,미국교과서 읽는 리딩 Basic 3 (교재 + 워크북) - 중.고등학생용(중급과정)
9791162720820,중학영문법3800제중간기말고사대비편2학년,IH-ALADIN-9791162720820,중학영문법 3800제 중간.기말고사 대비편 2학년
9788954760089,ebs정승익의수능개념잡는대박구문정승익강사직접집필강의,IH-ALADIN-9788954760089,"EBS 정승익의 수능 개념 잡는 대박구문 - 정승익 강사 직접 집필, 강의"
9791165263935,과학도독해가먼저다초등3학년2022개정교육과정반영독해와교과공부를한번에끝내는교과독해프로그램,IH-ALADIN-9791165263935,"과학도 독해가 먼저다 초등 3학년 - 2022 개정 교육과정 반영, 독해와 교과 공부를 한 번에 끝내는 교과 독해 프로그램"
9791125324775,쓰기로마스터하는중학서술형2학년최신중간기말고사빈출서술형마스터,IH-ALADIN-9791125324775,쓰기로 마스터하는 중학 서술형 2학년 - 최신 중간.기말고사 빈출 서술형 마스터
9791176090131,100발100중기출문제집1학기기말고사중2영어동아이병민2022개정교육과정,IH-ALADIN-9791176090131,100발 100중 기출문제집 1학기 기말고사 중2 영어 동아 이병민 (2026년) - 2022 개정 교육과정
9791165263942,과학도독해가먼저다초등4학년2022개정교육과정반영독해와교과공부를한번에끝내는교과독해프로그램,IH-ALADIN-9791165263942,"과학도 독해가 먼저다 초등 4학년 - 2022 개정 교육과정 반영, 독해와 교과 공부를 한 번에 끝내는 교과 독해 프로그램"
9788961981965,readingforvocabularylevelb,IH-ALADIN-9788961981965,Reading for Vocabulary Level B
9791166082894,씨뮬14th전국연합3년간기출모의고사고2영어내신학평,IH-ALADIN-9791166082894,씨뮬 14th 전국연합 3년간 기출 모의고사 고2 영어 (2026년) - 내신·학평
9788960498792,구슬쌤의예의바른영어표현,IH-ALADIN-9788960498792,구슬쌤의 예의 바른 영어 표현
9791166082924,씨뮬14th전국연합3년간수능기출모의고사고3영어2027수능대비,IH-ALADIN-9791166082924,씨뮬 14th 전국연합 3년간 수능 기출 모의고사 고3 영어 (2026년) - 2027 수능대비
9791125342861,1316grammarlevel3기초부터내신까지중학영문법완성,IH-ALADIN-9791125342861,1316 Grammar Level 3 - 기초부터 내신까지 중학 영문법 완성
9791125337393,수능만만어법어휘228제만만한수능영어,IH-ALADIN-9791125337393,수능만만 어법.어휘 228제 - 만만한 수능영어
9791194347057,너를영어1등급으로만들어주마수능50일전내가발견한비밀2027학년도수능대비,IH-ALADIN-9791194347057,"너를 영어1등급으로 만들어주마 (2026 최신개정판) - 수능 50일 전 내가 발견한 비밀, 2027학년도 수능 대비"
9791188228300,longmangrammarmentorjoyearlystart2,IH-ALADIN-9791188228300,Longman Grammar Mentor Joy Early Start 2
9788955431322,기탄영어베이직a단계2집유아5세초등2학년,IH-ALADIN-9788955431322,기탄 영어 베이직 A단계 2집 - 유아 5세~초등 2학년
9791165759506,100발100중기출문제집2학기기말고사중1영어동아윤정미2022개정교육과정,IH-ALADIN-9791165759506,100발 100중 기출문제집 2학기 기말고사 중1 영어 동아 윤정미 (2026년용) - 2022 개정 교육과정
9788968061769,grammarqintermediate1문법응용력을높여주는grammarq,IH-ALADIN-9788968061769,Grammar Q Intermediate 1 - 문법 응용력을 높여주는 GRAMMAR Q
9791165264161,사회도독해가먼저다초등6학년2022개정교육과정반영독해와교과공부를한번에끝내는교과독해프로그램,IH-ALADIN-9791165264161,"사회도 독해가 먼저다 초등 6학년 - 2022 개정 교육과정 반영, 독해와 교과 공부를 한 번에 끝내는 교과 독해 프로그램"
9791166082801,씨뮬14th사설3년간수능기출모의고사고3영어2027수능대비,IH-ALADIN-9791166082801,씨뮬 14th 사설 3년간 수능 기출 모의고사 고3 영어 (2026년) - 2027 수능대비
9791165757922,100발100중기출문제집1학기기말고사중3영어천재이재영,IH-ALADIN-9791165757922,100발 100중 기출문제집 1학기 기말고사 중3 영어 천재 이재영 (2026년용)
9788926964699,grammarzap기본2문제로개념잡는초등영문법,IH-ALADIN-9788926964699,"Grammar, Zap! 기본 2 - 문제로 개념 잡는 초등 영문법"
9791164999590,내신콘서트중학영어기출문제집1학기기말고사중3동아윤정미,IH-ALADIN-9791164999590,내신콘서트 중학영어 기출문제집 1학기 기말고사 중3 동아 윤정미 (2026년용)
9791125329398,grammarten기본1,IH-ALADIN-9791125329398,Grammar Ten 기본 1
9791165758721,100발100중기출문제집최종점검2학기전과정중3영어동아윤정미,IH-ALADIN-9791165758721,100발 100중 기출문제집 최종점검 2학기 전과정 중3 영어 동아 윤정미 (2026년용)
9791125970156,바로문제푸는문법1460제level3시험이쉬워지는중학실전영문법,IH-ALADIN-9791125970156,바로 문제 푸는 문법 1460제 Level 3 - 시험이 쉬워지는 중학 실전 영문법
9788926964668,grammarzap입문1문제로개념잡는초등영문법,IH-ALADIN-9788926964668,"Grammar, Zap! 입문 1 - 문제로 개념 잡는 초등 영문법"
9791188228119,longmangrammarmentorjoyplus2,IH-ALADIN-9791188228119,Longman Grammar Mentor Joy Plus 2
9788927708261,grammarvista2,IH-ALADIN-9788927708261,Grammar ViSTA 2
9791125340331,readinginside리딩인사이드level3withworkbook,IH-ALADIN-9791125340331,Reading Inside 리딩 인사이드 Level 3 - with Workbook
9788954794206,ebs올림포스고급영어독해영미비문학읽기2022개정교육과정진짜상위권도약을위한영어실력형성,IH-ALADIN-9788954794206,"EBS 올림포스 고급영어독해 영미 비문학 읽기 (2026년용) - 2022 개정 교육과정, 진짜 상위권 도약을 위한 영어 실력 형성"
9788926115350,중학생을위한문법으로writing2,IH-ALADIN-9788926115350,중학생을 위한 문법으로 Writing 2
9791125340324,readinginside리딩인사이드level2withworkbook,IH-ALADIN-9791125340324,Reading Inside 리딩 인사이드 Level 2 - with Workbook
9791125329336,advancedreadingexpert2ahighlevelreadingcoursefortoprankingeflreaders,IH-ALADIN-9791125329336,Advanced Reading Expert 2 - A High-Level Reading Course for Top-Ranking EFL Readers
9791125342885,1316readinglevel2기초부터내신까지중학독해완성,IH-ALADIN-9791125342885,1316 Reading Level 2 - 기초부터 내신까지 중학 독해 완성
9791166833069,바로쓰는영어원어민의일상표현쓰기말하기훈련,IH-ALADIN-9791166833069,바로 쓰는 영어 - 원어민의 일상 표현 쓰기 & 말하기 훈련
9791125324850,grammarbean1withworkbook,IH-ALADIN-9791125324850,Grammar Bean 1 - With Workbook
9791197549373,영어독립365,IH-ALADIN-9791197549373,영어독립 365
9788961981972,readingforvocabularylevelc,IH-ALADIN-9788961981972,Reading for Vocabulary Level C
9788974578374,미국교과서읽는리딩core3미국초등56학년과정,IH-ALADIN-9788974578374,미국교과서 읽는 리딩 Core 3 (Student Book + Workbook + Audio QR code) - 미국 초등 5.6학년 과정
9791169101073,소리튠영어혁명30년영알못도귀가뚫리고입이트이는,IH-ALADIN-9791169101073,소리튠 영어혁명 - 30년 영알못도 귀가 뚫리고 입이 트이는
9788927701590,나의첫영어필사빨간머리앤,IH-ALADIN-9788927701590,나의 첫 영어 필사 : 빨간 머리 앤
9791176090148,100발100중기출문제집1학기기말고사중2영어천재소영순2022개정교육과정,IH-ALADIN-9791176090148,100발 100중 기출문제집 1학기 기말고사 중2 영어 천재 소영순 (2026년) - 2022 개정 교육과정
9788965425175,해커스완전숙련구문독해기본최신수능모의고사기출지문반영수능영어꽉잡는직독직해훈련서영작해석워크시트문장mp3어휘리스트제공,IH-ALADIN-9788965425175,"해커스 완전숙련 구문독해 기본 : 최신 수능·모의고사 기출 지문 반영 - 수능 영어 꽉 잡는 직독직해 훈련서ㅣ영작/해석 워크시트, 문장 MP3, 어휘 리스트 제공"
9791176090162,100발100중기출문제집1학기기말고사중2영어능률김기택2022개정교육과정,IH-ALADIN-9791176090162,100발 100중 기출문제집 1학기 기말고사 중2 영어 능률 김기택 (2026년) - 2022 개정 교육과정
9788966945382,writingbuilder1,IH-ALADIN-9788966945382,Writing Builder 1
9791165757939,100발100중기출문제집1학기기말고사중3영어미래엔최연희,IH-ALADIN-9791165757939,100발 100중 기출문제집 1학기 기말고사 중3 영어 미래엔 최연희 (2026년용)
9788934928430,3030english실전대화편하루30분씩30일이면미국중학생처럼말할수있다,IH-ALADIN-9788934928430,3030 English 실전대화편 - 하루 30분씩 30일이면 미국 중학생처럼 말할 수 있다
9791165264260,과학도독해가먼저다초등6학년2022개정교육과정반영독해와교과공부를한번에끝내는교과독해프로그램,IH-ALADIN-9791165264260,"과학도 독해가 먼저다 초등 6학년 - 2022 개정 교육과정 반영, 독해와 교과 공부를 한 번에 끝내는 교과 독해 프로그램"
9791125324782,쓰기로마스터하는중학서술형3학년최신중간기말고사빈출서술형마스터,IH-ALADIN-9791125324782,쓰기로 마스터하는 중학 서술형 3학년 - 최신 중간.기말고사 빈출 서술형 마스터
9788992334341,iamgrammar1,IH-ALADIN-9788992334341,I am Grammar 1
9791129711267,메가스터디n제영어영역고난도3점241제수능완벽대비예상문제집,IH-ALADIN-9791129711267,메가스터디 N제 영어영역 고난도 3점 241제 (2026년 고3용) - 수능 완벽 대비 예상 문제집
9788956053202,charlieandthechocolatefactory,IH-ALADIN-9788956053202,Charlie and the Chocolate Factory (원서 읽는 단어장 : Paperback)
9791138390637,만화로배우는영어구동사즐겁게읽기만해도구동사의원리가보인다,IH-ALADIN-9791138390637,만화로 배우는 영어 구동사 - 즐겁게 읽기만 해도 구동사의 원리가 보인다
9791171011179,거의모든전치사표현의영어,IH-ALADIN-9791171011179,거의 모든 전치사 표현의 영어
9791138914116,리딩마스터readingmaster중등level2수능내신,IH-ALADIN-9791138914116,리딩 마스터 Reading master 중등 Level 2 (2026년용) - 수능+내신
9791162404713,xistory자이스토리중등포인트리딩level2,IH-ALADIN-9791162404713,Xistory 자이스토리 중등 포인트 리딩 Level 2
9788926964705,grammarzap기본3문제로개념잡는초등영문법,IH-ALADIN-9788926964705,"Grammar, Zap! 기본 3 - 문제로 개념 잡는 초등 영문법"
9791169400015,그래머타파grammartapalevel2핵심문법으로격파하는중학영문법특강,IH-ALADIN-9791169400015,"그래머 타파 Grammar TAPA Level 2 - 핵심 문법으로 격파하는, 중학 영문법 특강"
9788900475890,특급기출중학영어32중간고사동아윤정미2015개정교육과정최신기출완벽분석진짜기출예상문제집,IH-ALADIN-9788900475890,"특급기출 중학 영어 3-2 중간고사 동아 윤정미 (2026년용) - 2015 개정 교육과정, 최신 기출 완벽 분석 진짜 기출예상문제집"
9788968061738,grammarqstarter1문법응용력을높여주는grammarq,IH-ALADIN-9788968061738,Grammar Q Starter 1 - 문법 응용력을 높여주는 GRAMMAR Q
9791125329404,grammarten기본2,IH-ALADIN-9791125329404,Grammar Ten 기본 2
9788954794671,ebs2028학년도수능스타트영어2022개정교육과정2028학년도개편수능필수과목대비서,IH-ALADIN-9788954794671,"EBS 2028학년도 수능 스타트 영어 (2026년용) - 2022 개정 교육과정, 2028학년도 개편 수능 필수 과목 대비서"
9788926964675,grammarzap입문2문제로개념잡는초등영문법,IH-ALADIN-9788926964675,"Grammar, Zap! 입문 2 - 문제로 개념 잡는 초등 영문법"
9788966945399,writingbuilder2,IH-ALADIN-9788966945399,Writing Builder 2
9791166082788,씨뮬14th사설기출모의고사고2영어2026내신학평,IH-ALADIN-9791166082788,씨뮬 14th 사설 기출 모의고사 고2 영어 (2026년) - 2026 내신·학평
9788964357057,bricks중학영문법중2,IH-ALADIN-9788964357057,Bricks 중학 영문법 중2
9791125324874,grammarbean3withworkbook,IH-ALADIN-9791125324874,Grammar Bean 3 - With Workbook
9791124028117,똑똑한영어패턴쓰기훈련ai시대에꼭필요한영어말하기습관,IH-ALADIN-9791124028117,똑똑한 영어 패턴 쓰기 훈련 - AI 시대에 꼭 필요한 영어 말하기 습관
9791165758165,100발100중기출문제집1학기기말고사중1영어천재소영순2022개정교육과정,IH-ALADIN-9791165758165,100발 100중 기출문제집 1학기 기말고사 중1 영어 천재 소영순 (2026년용) - 2022 개정 교육과정
9788968061745,grammarqstarter2문법응용력을높여주는grammarq,IH-ALADIN-9788968061745,Grammar Q Starter 2 - 문법 응용력을 높여주는 GRAMMAR Q
9788954783514,ebs수능연계완성3주특강영어영역영어변별력높은문항으로수능1등급도전,IH-ALADIN-9788954783514,EBS 수능연계완성 3주 특강 영어영역 영어 (2026년용) - 변별력 높은 문항으로 수능 1등급 도전
9788965424406,hackersreadingsmartlevel4최신경향의흥미롭고유익한지문l최신중학교육과정이철저히반영된문제제공,IH-ALADIN-9788965424406,Hackers Reading Smart (해커스 리딩 스마트) Level 4 - 최신경향의 흥미롭고 유익한 지문 l 최신 중학교육과정이 철저히 반영된 문제 제공
9791138925556,리딩마스터readingmaster수능실전풍부한문제로구성된수능실전서,IH-ALADIN-9791138925556,리딩 마스터 Reading Master 수능 실전 (2026년용) - 풍부한 문제로 구성된 수능 실전서
9788965425168,해커스완전숙련구문독해입문최신수능모의고사기출지문반영수능영어꽉잡는직독직해훈련서영작해석워크시트문장mp3어휘리스트,IH-ALADIN-9788965425168,"해커스 완전숙련 구문독해 입문 : 최신 수능·모의고사 기출 지문 반영 - 수능 영어 꽉 잡는 직독직해 훈련서, 영작/해석 워크시트, 문장 MP3, 어휘 리스트"
9788956053295,matilda,IH-ALADIN-9788956053295,Matilda (원서 읽는 단어장 : Paperback)
9791176090155,100발100중기출문제집1학기기말고사중2영어천재이상기2022개정교육과정,IH-ALADIN-9791176090155,100발 100중 기출문제집 1학기 기말고사 중2 영어 천재 이상기 (2026년) - 2022 개정 교육과정
9791169101172,100일이면나도영어천재1영알못이영어에눈을뜨는30일의기적편올컬러전면개정판,IH-ALADIN-9791169101172,"100일이면 나도 영어천재 1 - 영알못이 영어에 눈을 뜨는 30일의 기적편!, 올컬러 전면개정판"
9788964359143,bricksgrammar4,IH-ALADIN-9788964359143,Bricks Grammar 4 (교재 + 워크북)
9788968061790,grammarqadvanced1문법응용력을높여주는grammarq,IH-ALADIN-9788968061790,Grammar Q Advanced 1 - 문법 응용력을 높여주는 GRAMMAR Q
9791173168109,리더스뱅크readersbanklevel82022개정교육과정예비고등,IH-ALADIN-9791173168109,"리더스뱅크 Reader's Bank Level 8 - 2022 개정 교육과정, 예비 고등"
9791125342892,1316readinglevel3기초부터내신까지중학독해완성,IH-ALADIN-9791125342892,1316 Reading Level 3 - 기초부터 내신까지 중학 독해 완성
9791188228157,longmangrammarmentorjoyplus4,IH-ALADIN-9791188228157,Longman Grammar Mentor Joy Plus 4
9791156178002,영단기신토익스타트lc,IH-ALADIN-9791156178002,영단기 신토익 스타트 LC
9791173601606,2026조태정영어빈칸삽입순서삭제,IH-ALADIN-9791173601606,2026 조태정 영어 빈칸·삽입·순서·삭제
9791160576580,교실영어표현사전유초등부터중고등까지영어교사들의바이블,IH-ALADIN-9791160576580,교실영어 표현사전 - 유초등부터 중고등까지 영어교사들의 바이블
9791125329411,grammarten기본3,IH-ALADIN-9791125329411,Grammar Ten 기본 3
9788927708278,grammarvista3,IH-ALADIN-9788927708278,Grammar ViSTA 3
9791125308003,readingforwardadvanced1,IH-ALADIN-9791125308003,Reading Forward Advanced 1
9791188228447,longmangrammarmentorjoypre,IH-ALADIN-9791188228447,Longman Grammar Mentor Joy Pre
9788917228762,ybm전략토익rc토익주관사가제시하는토익비법시험에나오는것만골라서공부한다,IH-ALADIN-9788917228762,"YBM 전략토익 RC (본책 + 해설집 + 무료 MP3) - 토익 주관사가 제시하는 토익비법, 시험에 나오는 것만 골라서 공부한다"
9788961982030,readingforvocabularyleveld,IH-ALADIN-9788961982030,Reading for Vocabulary Level D
9791138924788,리딩마스터readingmaster수능고난도검증된고퀄리티고난도문항엄선,IH-ALADIN-9791138924788,리딩 마스터 Reading Master 수능 고난도 (2026년용) - 검증된 고퀄리티 고난도 문항 엄선
9791165219727,영어감정표현사전happy와sad그이상이필요한이들을위한,IH-ALADIN-9791165219727,영어 감정 표현 사전 - happy와 sad 그 이상이 필요한 이들을 위한
9791176090001,100발100중기출문제집최종점검1학기전과정중2영어능률김기택2022개정교육과정,IH-ALADIN-9791176090001,100발 100중 기출문제집 최종점검 1학기 전과정 중2 영어 능률 김기택 (2026년) - 2022 개정 교육과정
9791125970163,바로읽는구문독해level1중학부터시작하는수능구문첫걸음,IH-ALADIN-9791125970163,바로 읽는 구문 독해 Level 1 - 중학부터 시작하는 수능 구문 첫걸음
9788971724484,동물농장animalfarm합본,IH-ALADIN-9788971724484,동물농장 Animal Farm 합본 (한글판 + 영문판)
9788998454371,thevoca플러스4완전개정판중3고1대상,IH-ALADIN-9788998454371,"The Voca+ 플러스 4 - 완전개정판, 중3~고1 대상"
9791138914147,리딩마스터readingmaster중등level3수능내신,IH-ALADIN-9791138914147,리딩 마스터 Reading master 중등 Level 3 (2026년용) - 수능+내신
9791186924785,기본을잡아주는중등영문법grammarjoy1a,IH-ALADIN-9791186924785,기본을 잡아주는 중등 영문법 Grammar Joy 1a (개정판)
9791176090193,100발100중기출문제집1학기기말고사중2영어ybm박준언2022개정교육과정,IH-ALADIN-9791176090193,100발 100중 기출문제집 1학기 기말고사 중2 영어 YBM 박준언 (2026년) - 2022 개정 교육과정
9788966945405,writingbuilder3,IH-ALADIN-9788966945405,Writing Builder 3
9791191343816,thehundreddresses백벌의드레스개정판,IH-ALADIN-9791191343816,The Hundred Dresses 백 벌의 드레스 (영어원서 + 워크북 + 오디오북) - 개정판
9791125329428,grammarten기본4,IH-ALADIN-9791125329428,Grammar Ten 기본 4
9791125342984,the상승구문편독해기본기에서수능실전대비까지,IH-ALADIN-9791125342984,The 상승 구문편 - 독해 기본기에서 수능 실전 대비까지
9791174040794,2026해커스공무원영어적중문법400제국가직지방직등9급전직렬시험대비신유형반영공무원영어무료특강공무원보카어플,IH-ALADIN-9791174040794,"2026 해커스공무원 영어 적중 문법 400제 (9급 공무원) - 국가직, 지방직 등 9급 전 직렬 시험 대비 | 신유형 반영 | 공무원 영어 무료 특강 | 공무원 보카 어플"
9791165758974,100발100중기출문제집최종점검2학기전과정중1영어동아이병민,IH-ALADIN-9791165758974,100발 100중 기출문제집 최종점검 2학기 전과정 중1 영어 동아 이병민 (2026년용)
9788992334358,iamgrammar2,IH-ALADIN-9788992334358,I am Grammar 2
9791185419473,일빵빵가장많이쓰는회화패턴,IH-ALADIN-9791185419473,일빵빵 가장 많이 쓰는 회화패턴
9788968061806,grammarqadvanced2문법응용력을높여주는grammarq,IH-ALADIN-9788968061806,Grammar Q Advanced 2 - 문법 응용력을 높여주는 GRAMMAR Q
9791157847921,하루영어한문장100일쓰기감성고전편아주보통의하루를위한필사,IH-ALADIN-9791157847921,하루 영어 한 문장 100일 쓰기 : 감성고전편 - 아주 보통의 하루를 위한 필사
9788965425182,해커스완전숙련구문독해심화최신수능모의고사기출지문반영수능영어꽉잡는직독직해훈련서영작해석워크시트문장mp3어휘리스트,IH-ALADIN-9788965425182,"해커스 완전숙련 구문독해 심화 : 최신 수능·모의고사 기출 지문 반영 - 수능 영어 꽉 잡는 직독직해 훈련서, 영작/해석 워크시트, 문장 MP3, 어휘 리스트"
9791194643036,영어고전명작필사오랫동안사랑받은인생명문장,IH-ALADIN-9791194643036,영어 고전 명작 필사 - 오랫동안 사랑받은 인생 명문장
9791165757687,100발100중기출문제집최종점검1학기전과정중1영어동아이병민,IH-ALADIN-9791165757687,100발 100중 기출문제집 최종점검 1학기 전과정 중1 영어 동아 이병민 (2026년용)
9791157782284,유니크쏙쏙영문법개정판,IH-ALADIN-9791157782284,유니크 쏙쏙 영문법 - 개정판
9788968061639,readingqintermediate2,IH-ALADIN-9788968061639,Reading Q : Intermediate 2
9788954761666,ebs마이리딩코치myreadingcoachlevel3중학영독해20일단기완성,IH-ALADIN-9788954761666,EBS 마이 리딩 코치 My Reading Coach Level 3 (2025년용) - 중학 영독해 20일 단기 완성
9788954761598,ebs마이보카코치myvocacoach중학입문중학필수영단어40일단기완성,IH-ALADIN-9788954761598,EBS 마이 보카 코치 My Voca Coach 중학 입문 (2026년용) - 중학 필수 영단어 40일 단기 완성
9788968061837,egu문장형식기본동사32개를활용한문장형식별학습,IH-ALADIN-9788968061837,EGU 문장 형식 - 기본동사 32개를 활용한 문장 형식별 학습
9791166836367,wordsmart1최신개정판,IH-ALADIN-9791166836367,Word Smart 1 - 최신 개정판
9788959903047,숨마쿰라우데영어구문독해manual,IH-ALADIN-9788959903047,숨마쿰라우데 영어 구문독해 Manual
9788954787307,ebsstepbystep초등영문법독해의힘level2기초문장학습으로문법과독해를한번에,IH-ALADIN-9788954787307,"EBS Step by Step 초등 영문법, 독해의 힘! LEVEL 2 - 기초 문장 학습으로 문법과 독해를 한 번에!"
9791165758417,100발100중기출문제집2학기중간기말고사중3영어미래엔최연희,IH-ALADIN-9791165758417,100발 100중 기출문제집 2학기 중간·기말고사 중3 영어 미래엔 최연희 (2026년용)
9788926162989,구조독해1,IH-ALADIN-9788926162989,구조독해 1
9791125307969,readingforwardbasic1,IH-ALADIN-9791125307969,Reading Forward Basic 1
9791174101365,내신콘서트중학영어기출문제집1학기전과정통합본중2비상황종배2022개정교육과정,IH-ALADIN-9791174101365,내신콘서트 중학영어 기출문제집 1학기 전과정 통합본 중2 비상 황종배 (2026년) - 2022 개정 교육과정
9791165758639,100발100중기출문제집2학기중간고사중1영어동아이병민,IH-ALADIN-9791165758639,100발 100중 기출문제집 2학기 중간고사 중1 영어 동아 이병민 (2026년용)
9791165757694,100발100중기출문제집최종점검1학기전과정중1영어천재소영순,IH-ALADIN-9791165757694,100발 100중 기출문제집 최종점검 1학기 전과정 중1 영어 천재 소영순 (2026년용)
9791165759278,100발100중기출문제집2학기기말고사중3영어동아윤정미,IH-ALADIN-9791165759278,100발 100중 기출문제집 2학기 기말고사 중3 영어 동아 윤정미 (2026년용)
9791125348283,달곰한literacyreadinglevel2,IH-ALADIN-9791125348283,달곰한 LITERACY Reading Level 2
9788968984143,리얼오리지널69수능평가원5개년기출모의고사153회영어영역2027수능파이널모의고사pdf3회,IH-ALADIN-9788968984143,리얼 오리지널 6·9·수능 평가원 5개년 기출 모의고사 15+3회 영어 영역 (2026년) - 2027 수능 파이널 모의고사 PDF 3회
9788968061646,readingqadvanced1,IH-ALADIN-9788968061646,Reading Q : Advanced 1
9791129708533,1일1독해마음이야기예비초초등2학년개정판,IH-ALADIN-9791129708533,"1일 1독해 마음 이야기 - 예비초~초등 2학년, 개정판"
9788927780656,grammarpluswriting2최신개정판,IH-ALADIN-9788927780656,Grammar plus Writing 2 - 최신개정판
9791129708564,1일1독해세계명작예비초초등2학년개정판,IH-ALADIN-9791129708564,"1일 1독해 세계 명작 - 예비초~초등 2학년, 개정판"
9791169401555,리더스뱅크readersbanklevel10수능다지기,IH-ALADIN-9791169401555,리더스뱅크 Reader's Bank Level 10 - 수능 다지기
9788926152003,나는초등고학년영문법이다1그림으로이해하고문장으로완성하는영문법개정판,IH-ALADIN-9788926152003,"나는 초등고학년 영문법이다 1 - 그림으로 이해하고 문장으로 완성하는 영문법, 개정판"
9788954766425,ebs중학수능특강영어주제미리준비하는중학생을위한,IH-ALADIN-9788954766425,EBS 중학 수능특강 영어 주제 (2026년용) - 미리 준비하는 중학생을 위한
9791176090186,100발100중기출문제집1학기기말고사중2영어비상황종배2022개정교육과정,IH-ALADIN-9791176090186,100발 100중 기출문제집 1학기 기말고사 중2 영어 비상 황종배 (2026년) - 2022 개정 교육과정
9788926983034,grammarzap심화2문제로개념잡는초등영문법,IH-ALADIN-9788926983034,"Grammar, Zap! 심화 2 - 문제로 개념 잡는 초등 영문법"
9791191343854,numberthestars별을헤아리며개정판,IH-ALADIN-9791191343854,Number the Stars 별을 헤아리며 (영어원서 + 워크북 + 오디오북) - 개정판
9791164161607,48개영어동사로프리토킹깨부수기영알못도아는,IH-ALADIN-9791164161607,48개 영어 동사로 프리토킹 깨부수기 - 영알못도 아는
9788954797566,ebs수능기출의미래영어영역영어어법어휘2027학년도수능대비,IH-ALADIN-9788954797566,EBS 수능 기출의 미래 영어영역 영어 어법·어휘 (2026년) - 2027학년도 수능 대비
9791140712366,네이티브는쉬운영어로말한다,IH-ALADIN-9791140712366,네이티브는 쉬운 영어로 말한다
9791191439601,영어필사영혼을단단하게실력을탄탄하게카이스트필사영작문130,IH-ALADIN-9791191439601,영어필사 - 영혼을 단단하게 실력을 탄탄하게 카이스트 필사 영작문 130
9788931558647,토익마법2주의기적990listening당신이찾던토익책중급자를가장빠르게고수로만들어주는책,IH-ALADIN-9788931558647,토익 마법 2주의 기적 990 Listening - 당신이 찾던 토익책! 중급자를 가장 빠르게 고수로 만들어 주는 책
9791162379813,수능트레이닝유형실력편수능영어독해번호별유형완벽대비,IH-ALADIN-9791162379813,수능 트레이닝 유형 실력편 - 수능 영어 독해 번호별 유형 완벽 대비
9788954761604,ebs마이보카코치myvocacoach중학기본중학필수영단어40일단기완성,IH-ALADIN-9788954761604,EBS 마이 보카 코치 My Voca Coach 중학 기본 (2026년용) - 중학 필수 영단어 40일 단기 완성
9788968064500,2026기출프리미엄2026대수능영어대비수능모평기출문제집,IH-ALADIN-9788968064500,2026 기출 프리미엄(Premium) (2025년) - 2026 대수능 영어 대비 수능.모평 기출 문제집
9791125329435,grammarten완성1,IH-ALADIN-9791125329435,Grammar Ten 완성 1
9788931558630,토익마법2주의기적990reading중급자를가장빠르게고수로만들어주는책,IH-ALADIN-9788931558630,토익 마법 2주의 기적 990 Reading - 중급자를 가장 빠르게 고수로 만들어 주는 책
9791125947769,letsgototheenglishworld1b2ndedition,IH-ALADIN-9791125947769,Let's Go to the English World 1B - 2nd Edition
9788972559047,빨간머리앤영어독해력증강프로그램grade2,IH-ALADIN-9788972559047,"빨간머리 앤 (책 + CD 1장) - 영어 독해력 증강 프로그램, Grade 2"
9791195389117,tosel실전문제집prestarter,IH-ALADIN-9791195389117,TOSEL 실전문제집 PreStarter
9791176090179,100발100중기출문제집1학기기말고사중2영어미래엔문영인2022개정교육과정,IH-ALADIN-9791176090179,100발 100중 기출문제집 1학기 기말고사 중2 영어 미래엔 문영인 (2026년) - 2022 개정 교육과정
9791165758189,100발100중기출문제집1학기기말고사중1영어능률김기택2022개정교육과정,IH-ALADIN-9791165758189,100발 100중 기출문제집 1학기 기말고사 중1 영어 능률 김기택 (2026년용) - 2022 개정 교육과정
9791125957089,체크체크중학영어112022개정교육과정어휘문법독해듣기의사소통완벽한통합연계학습,IH-ALADIN-9791125957089,"체크체크 중학 영어 1-1 (2026년용) - 2022 개정 교육과정, 어휘 문법 독해 듣기 의사소통 완벽한 통합 연계 학습"
9791165758660,100발100중기출문제집2학기중간고사중1영어능률김기택,IH-ALADIN-9791165758660,100발 100중 기출문제집 2학기 중간고사 중1 영어 능률 김기택 (2026년용)
9791165758981,100발100중기출문제집최종점검2학기전과정중1영어천재소영순,IH-ALADIN-9791165758981,100발 100중 기출문제집 최종점검 2학기 전과정 중1 영어 천재 소영순 (2026년용)
9791125335085,천문장완성구문이독해로연결되는해석공식,IH-ALADIN-9791125335085,천문장 완성 - 구문이 독해로 연결되는 해석 공식
9788917305135,초등학교영어자습서평가문제집61김혜리외2022개정교육과정,IH-ALADIN-9788917305135,초등학교 영어 자습서 & 평가문제집 6-1 : 김혜리 외 - 2022 개정 교육과정
9791125970200,바로읽는배경지식독해level2중학부터시작하는수능독해첫걸음,IH-ALADIN-9791125970200,바로 읽는 배경지식 독해 Level 2 - 중학부터 시작하는 수능 독해 첫걸음
9788961984850,wordmax53001,IH-ALADIN-9788961984850,Word Max 5300 1
9791196547042,서술형기출no1중3password개정판,IH-ALADIN-9791196547042,서술형 기출 No.1 중3 Password - 개정판
9788934942955,grammarstar그래머스타기본편level2초등영문법교재문법의시작,IH-ALADIN-9788934942955,Grammar Star 그래머 스타 기본편 Level 2 - 초등 영문법 교재 / 문법의 시작
9791140714162,영국주간지스터디경제편거시경제변수부터투자자산까지경제기사를원문그대로읽는다,IH-ALADIN-9791140714162,영국 주간지 스터디 : 경제 편 - 거시 경제 변수부터 투자 자산까지 경제 기사를 원문 그대로 읽는다
9791166834745,고난도구문독해500제500문장으로마스터하는구문독해의모든것,IH-ALADIN-9791166834745,고난도 구문독해 500제 - 500문장으로 마스터하는 구문독해의 모든 것!
9791125351948,달곰한sentencewritinglevel1,IH-ALADIN-9791125351948,달곰한 Sentence Writing LEVEL 1
9788927708599,fundamentalreadingplus1,IH-ALADIN-9788927708599,Fundamental Reading PLUS 1
9788966376681,100일이면나도영어천재2영알못영어가귀에꽂히는5주의기적편,IH-ALADIN-9788966376681,"100일이면 나도 영어천재 2 - 영알못, 영어가 귀에 꽂히는 5주의 기적편"
9791125329442,grammarten완성2,IH-ALADIN-9791125329442,Grammar Ten 완성 2
9791165758998,100발100중기출문제집최종점검2학기전과정중1영어천재이상기,IH-ALADIN-9791165758998,100발 100중 기출문제집 최종점검 2학기 전과정 중1 영어 천재 이상기 (2026년용)
9791199102316,단어없는단어장,IH-ALADIN-9791199102316,단어 없는 단어장
9791194777854,이토록아름다운영어문장들교양과영어를한번에챙기는영문필사집,IH-ALADIN-9791194777854,이토록 아름다운 영어 문장들 - 교양과 영어를 한번에 챙기는 영문 필사집
9791199102309,영어공부혁명,IH-ALADIN-9791199102309,영어공부 혁명
9791165757502,100발100중기출문제집1학기중간고사중1영어동아이병민2022개정교육과정,IH-ALADIN-9791165757502,100발 100중 기출문제집 1학기 중간고사 중1 영어 동아 이병민 (2026년용) - 2022 개정 교육과정
9788964358450,englishbusstarter1wb,IH-ALADIN-9788964358450,English Bus Starter 1 WB
9791191343656,낭독하는명연설문book1현석샘과새벽달이함께하는,IH-ALADIN-9791191343656,낭독하는 명연설문 Book 1 - 현석샘과 새벽달이 함께하는
9788972558798,인어공주영어독해력증강프로그램grade1,IH-ALADIN-9788972558798,"인어공주 (책 + CD 1장) - 영어 독해력 증강 프로그램, Grade 1"
9791161507934,권아나의회화력급상승영어일력365영어가진짜내것이되는1일1영어습관,IH-ALADIN-9791161507934,권아나의 회화력 급상승 영어 일력 365 (스프링) - 영어가 진짜 내 것이 되는 1일 1영어 습관
9791166837975,성공하는리더들의영어필사100일의기적성장하는나를위한응원의메시지,IH-ALADIN-9791166837975,성공하는 리더들의 영어 필사 100일의 기적 (스프링) - 성장하는 나를 위한 응원의 메시지
9788927701774,다시시작하는청춘영어2개정판,IH-ALADIN-9788927701774,다시 시작하는 청춘 영어 2 - 개정판
9791164067138,기적의영어일기생활일기편,IH-ALADIN-9791164067138,기적의 영어일기 : 생활일기편
9791165758745,100발100중기출문제집최종점검2학기전과정중3영어천재이재영,IH-ALADIN-9791165758745,100발 100중 기출문제집 최종점검 2학기 전과정 중3 영어 천재 이재영 (2026년용)
9788956552941,adogofflanders,IH-ALADIN-9788956552941,A Dog of Flanders (책 + CD 1장)
9791192156224,음악이있는팝송영어필사따라쓰며배우는인생팝송,IH-ALADIN-9791192156224,음악이 있는 팝송 영어 필사 - 따라 쓰며 배우는 인생 팝송
9791165758394,100발100중기출문제집2학기중간고사중3영어동아이병민,IH-ALADIN-9791165758394,100발 100중 기출문제집 2학기 중간고사 중3 영어 동아 이병민 (2026년용)
9788954795333,ebs왕초보영어에센스일상편일상대화로시작하는영어자신감,IH-ALADIN-9788954795333,EBS 왕초보 영어 에센스 일상편 - 일상 대화로 시작하는 영어 자신감!
9791197993039,thisisgrammarlevel14판완전개정판,IH-ALADIN-9791197993039,This Is Grammar Level 1 - 4판 완전 개정판
9791189120504,올바른책리딩파워분석노트유형편,IH-ALADIN-9791189120504,올바른책 리딩파워 분석노트 유형편(완성)
9791125947851,letsgototheenglishworld4b2ndedition,IH-ALADIN-9791125947851,Let's Go to the English World 4B - 2nd Edition
9791162730300,pointgrammar2,IH-ALADIN-9791162730300,Point Grammar 2 (SB + WB + AK)
9791174101495,내신콘서트중학영어기출문제집1학기전과정통합본중1천재소영순2022개정교육과정,IH-ALADIN-9791174101495,내신콘서트 중학영어 기출문제집 1학기 전과정 통합본 중1 천재 소영순 (2026년) - 2022 개정 교육과정
9788997221233,영어식생각훈련첫걸음세트전3권,IH-ALADIN-9788997221233,영어식 생각훈련 첫걸음 세트 - 전3권
9791160322477,어제보다더나은나를위한영어필사책하루한문장나를위한영어라이팅북,IH-ALADIN-9791160322477,어제보다 더 나은 나를 위한 영어 필사책 - 하루 한 문장 나를 위한 영어 라이팅북
9788986451214,성문영문독해,IH-ALADIN-9788986451214,성문 영문 독해
9791138932912,minute20미니모의고사고난도유형집중훈련을위한미니모의고사,IH-ALADIN-9791138932912,Minute 20 미니 모의고사 - 고난도 유형 집중 훈련을 위한 미니 모의고사
9791161507651,new국민영어법starter전국민영어말하기혁명,IH-ALADIN-9791161507651,New 국민영어법 Starter - 전 국민 영어 말하기 혁명
9788964358382,englishbusstarter2sb,IH-ALADIN-9788964358382,English Bus Starter 2 SB (Student Book + E.CODE + APP)
9791125970217,바로읽는배경지식독해level3중학부터시작하는수능독해첫걸음,IH-ALADIN-9791125970217,바로 읽는 배경지식 독해 Level 3 - 중학부터 시작하는 수능 독해 첫걸음
9788966376698,100일이면나도영어천재3영알못영어가저절로나오는5주의기적편,IH-ALADIN-9788966376698,"100일이면 나도 영어천재 3 - 영알못, 영어가 저절로 나오는 5주의 기적편"
9788917243918,readingbooster영어독해모의고사15회3rdedition,IH-ALADIN-9788917243918,Reading Booster 영어독해 모의고사 15회 - 3rd Edition
9788917231564,juniortimeforgrammar1초등학생을위한기초문법,IH-ALADIN-9788917231564,Junior Time for Grammar 1 - 초등학생을 위한 기초 문법
9788926148488,나는초등고학년영문법드릴이다31829제,IH-ALADIN-9788926148488,나는 초등고학년 영문법 드릴이다 3 - 1829제
9788926163009,구조독해3,IH-ALADIN-9788926163009,구조독해 3
9791191343946,coraline코렐라인,IH-ALADIN-9791191343946,Coraline 코렐라인 (영어원서 + 워크북 + 오디오북)
9791165758653,100발100중기출문제집2학기중간고사중1영어천재이상기,IH-ALADIN-9791165758653,100발 100중 기출문제집 2학기 중간고사 중1 영어 천재 이상기 (2026년용)
9788961982801,readingforvocabularypluslevela,IH-ALADIN-9788961982801,Reading for Vocabulary Plus Level A
9791133723225,적중100영어알리오올리오2학기전과정중1동아윤정미2022개정교육과정,IH-ALADIN-9791133723225,적중100 영어 알리오올리오 2학기 전과정 중1 동아 윤정미 (2026년용) - 2022 개정 교육과정
9791174101297,내신콘서트중학영어기출문제집1학기전과정통합본중3ybm박준언,IH-ALADIN-9791174101297,내신콘서트 중학영어 기출문제집 1학기 전과정 통합본 중3 YBM 박준언 (2026년)
9791165757700,100발100중기출문제집최종점검1학기전과정중1영어천재이상기,IH-ALADIN-9791165757700,100발 100중 기출문제집 최종점검 1학기 전과정 중1 영어 천재 이상기 (2026년용)
9791165758424,100발100중기출문제집2학기중간고사중3영어능률김성곤,IH-ALADIN-9791165758424,100발 100중 기출문제집 2학기 중간고사 중3 영어 능률 김성곤 (2026년용)
9788917237931,booster구문독해수능영어1등급프로젝트,IH-ALADIN-9788917237931,Booster 구문독해 - 수능영어 1등급 프로젝트
9791186624814,tosel실전문제집2basic,IH-ALADIN-9791186624814,TOSEL 실전문제집 2 Basic
9791169660570,영단기토익스타트rc왕초보학습자를위한30일커리큘럼,IH-ALADIN-9791169660570,영단기 토익 스타트 RC - 왕초보 학습자를 위한 30일 커리큘럼
9791163923794,duo30,IH-ALADIN-9791163923794,DUO 3.0
9788900487268,수프림구문독해구문으로수능독해를준비한다,IH-ALADIN-9788900487268,수프림 구문독해 - 구문으로 수능 독해를 준비한다!
9788927701521,달변가영쌤의친절한구동사영어회화의벽을허물어주는,IH-ALADIN-9788927701521,달변가영쌤의 친절한 구동사 - 영어회화의 벽을 허물어 주는
9791125947875,letsgototheenglishworld5a2ndedition,IH-ALADIN-9791125947875,Let's Go to the English World 5A - 2nd Edition
9791165757731,100발100중기출문제집최종점검1학기전과정중1영어비상황종배,IH-ALADIN-9791165757731,100발 100중 기출문제집 최종점검 1학기 전과정 중1 영어 비상 황종배 (2026년용)
9791192431291,30일간하루10분영어필사,IH-ALADIN-9791192431291,30일간 하루 10분 영어 필사
9791159295294,초등학교영어51자습서평가문제집2022개정교육과정,IH-ALADIN-9791159295294,초등학교 영어 5-1 자습서+평가문제집 (2026년) - 2022 개정 교육과정
9788959903665,숨마쿰라우데영어독해manual,IH-ALADIN-9788959903665,숨마쿰라우데 영어 독해 Manual
9788964358504,englishbus4wb,IH-ALADIN-9788964358504,English Bus 4 WB
9788972559405,플랜더스의개영어독해력증강프로그램grade2,IH-ALADIN-9788972559405,"플랜더스의 개 (책 + CD 1장) - 영어 독해력 증강 프로그램, Grade 2"
9791140717194,영어명카피핸드북longlivethelazy게으른자여영원하라,IH-ALADIN-9791140717194,"영어 명카피 핸드북 - LONG LIVE THE LAZY 게으른 자여, 영원하라"
9791164068685,문장해석트레이닝2실력문법을통한문장해석심화,IH-ALADIN-9791164068685,문장해석 트레이닝 2 : 실력 - 문법을 통한 문장 해석 심화
9791165757717,100발100중기출문제집최종점검1학기전과정중1영어능률김기택,IH-ALADIN-9791165757717,100발 100중 기출문제집 최종점검 1학기 전과정 중1 영어 능률 김기택 (2026년용)
9788927780823,절대어휘510043rdedition,IH-ALADIN-9788927780823,절대어휘 5100 4 (본책 + 워크북 + MP3 + 문제출제프로그램) - 3rd Edition
9791165971335,understandingandusingenglishgrammar한국어판1피어슨영문법한국어판,IH-ALADIN-9791165971335,Understanding and Using English Grammar 한국어판 1 - 피어슨 영문법 한국어판
9788926115381,중2을위한교과서문장쓰기802내신서술형시험대비,IH-ALADIN-9788926115381,중2을 위한 교과서 문장쓰기 80 2 - 내신 서술형 시험 대비
9788900486568,수프림고등서술형실전챌린지,IH-ALADIN-9788900486568,수프림 고등 서술형 실전 챌린지
9791171010059,영어표현의결정적뉘앙스들,IH-ALADIN-9791171010059,영어 표현의 결정적 뉘앙스들
9788927747819,중등전과목필수어휘력사전,IH-ALADIN-9788927747819,중등 전과목 필수 어휘력 사전
9788926162996,구조독해2,IH-ALADIN-9788926162996,구조독해 2
9788966535590,한권으로끝내는초등영문법,IH-ALADIN-9788966535590,한 권으로 끝내는 초등 영문법
9788994283326,우선순위영숙어수학능력시험직결,IH-ALADIN-9788994283326,우선순위 영숙어 (수능) - 수학능력시험 직결
9788966532537,문법탄탄writing1문장의기본편,IH-ALADIN-9788966532537,문법 탄탄 Writing 1 - 문장의 기본편
9791198774804,진짜영어실력을위한초등voca800,IH-ALADIN-9791198774804,진짜 영어실력을 위한 초등 VOCA 800
9791175632059,2027마더텅수능기출유형별20분미니모의고사26회고3영어영역,IH-ALADIN-9791175632059,2027 마더텅 수능기출 유형별 20분 미니모의고사 26회 고3 영어 영역 (2026년)
9791165758219,100발100중기출문제집1학기기말고사중1영어ybm박준언2022개정교육과정,IH-ALADIN-9791165758219,100발 100중 기출문제집 1학기 기말고사 중1 영어 YBM 박준언 (2026년용) - 2022 개정 교육과정
9791166836374,wordsmart2최신개정판,IH-ALADIN-9791166836374,Word Smart 2 - 최신 개정판
9791194192275,영어가안느는저주를푸는해법,IH-ALADIN-9791194192275,영어가 안 느는 저주를 푸는 해법
9791193992487,낭독하는입트영2테크줍줍편,IH-ALADIN-9791193992487,낭독하는 입트영 2 : 테크줍줍 편
9788917239652,문제로풀자중학영문법level1,IH-ALADIN-9788917239652,문제로 풀자 중학영문법 LEVEL 1
9788927780595,highscoreibttoeflreadingforjuniorintermediate2ndedition,IH-ALADIN-9788927780595,High Score iBT TOEFL Reading For Junior Intermediate - 2nd Edition
9788968983627,리얼오리지널하루20분30일완성미니모의고사고2영어수능기출전국연합학력평가,IH-ALADIN-9788968983627,리얼 오리지널 하루 20분 30일 완성 미니 모의고사 고2 영어 (2026년용) - 수능기출 전국연합 학력평가
9788965426646,hackersreadingpathlevel3withworkbookapathtoadvancedreadingskills,IH-ALADIN-9788965426646,Hackers Reading Path Level3 [with workbook] - A path to advanced reading skills
9788964358467,englishbusstarter2wb,IH-ALADIN-9788964358467,English Bus Starter 2 WB
9788962819052,파고다토익기본완성rc4thedition,IH-ALADIN-9788962819052,파고다 토익 기본 완성 RC 4th Edition
9788966532544,문법탄탄writing2문장의기본편,IH-ALADIN-9788966532544,문법 탄탄 Writing 2 - 문장의 기본편
9788917239676,문제로풀자중학영문법level3,IH-ALADIN-9788917239676,문제로 풀자 중학영문법 LEVEL 3
9791191648126,단계영어어린왕자낮은단계부터원문까지한권에담은,IH-ALADIN-9791191648126,단계 영어 : 어린 왕자 - 낮은 단계부터 원문까지 한 권에 담은
9788980997220,thebest리딩스펙트럼컴팩트,IH-ALADIN-9788980997220,The Best 리딩 스펙트럼 컴팩트
9788968060403,thereadingplayer리딩플레이어적용편,IH-ALADIN-9788968060403,The Reading Player 리딩 플레이어 적용편
9788955185843,작심3일10번으로영어끝내기기초,IH-ALADIN-9788955185843,작심3일 10번으로 영어 끝내기 : 기초
9791125966265,똑똑한하루grammar1a3학년영어매일매일쌓이는영어기초력,IH-ALADIN-9791125966265,똑똑한 하루 Grammar 1A : 3학년 영어 - 매일매일 쌓이는 영어 기초력
9791159293979,초등학교영어41자습서평가문제집2022개정교육과정,IH-ALADIN-9791159293979,초등학교 영어 4-1 자습서+평가문제집 (2026년) - 2022 개정 교육과정
9788972552420,베니스의상인영어독해력증강프로그램grade3,IH-ALADIN-9788972552420,"베니스의 상인 (책 + CD 1장) - 영어 독해력 증강 프로그램, Grade 3"
9791166836350,wordsmartbasicwordsmartjounioriii통합본,IH-ALADIN-9791166836350,Word Smart Basic - Word Smart Jounior I+II 통합본
9791190032346,영어리스닝100일의기적영어왕초보를위한발음청취교정프로젝트,IH-ALADIN-9791190032346,영어 리스닝 100일의 기적 - 영어 왕초보를 위한 발음/청취 교정 프로젝트
9788936314705,이기동의영어형용사연구basic의미구조용례로해석한,IH-ALADIN-9788936314705,"이기동의 영어 형용사 연구 Basic - 의미, 구조, 용례로 해석한"
9788968983849,리얼오리지널69수능평가원7개년기출문제집21회고3영어독해2027수능대비,IH-ALADIN-9788968983849,리얼 오리지널 6·9·수능 평가원 7개년 기출문제집 21회 고3 영어 독해 (2026년용) - 2027 수능대비
9788964357286,bricks중학영문법중22,IH-ALADIN-9788964357286,Bricks 중학 영문법 중2-2
9788974576622,미국교과서읽는리스닝스피킹prek준비편4초등생용,IH-ALADIN-9788974576622,미국교과서 읽는 리스닝 & 스피킹 PreK 준비편 4 (Student Book + Workbook) - 초등생용
9788927780571,highscoreibttoeflreadingforjuniorbeginner2ndedition,IH-ALADIN-9788927780571,High Score iBT TOEFL Reading For Junior Beginner - 2nd Edition
9791194643678,영어관사바로알기,IH-ALADIN-9791194643678,영어 관사 바로 알기
9788962812435,icanspeak1red,IH-ALADIN-9788962812435,I Can Speak 1 : Red (교재 + MP3 무료 다운로드 + 핸드북 PDF)
9791193992005,robinhillschool로빈힐스쿨1onehundreddays백번째날,IH-ALADIN-9791193992005,Robin Hill School 로빈 힐 스쿨 1 : One Hundred Days (Plus One) 백 번째 날 (그리고 또 하루) (원서 + 워크북 + 번역 + 오디오북)
9791156809319,어휘충전소vocabcharger초급1개정판,IH-ALADIN-9791156809319,어휘 충전소 Vocab Charger 초급 1 - 개정판
9791186031223,stepvoca2중2중3,IH-ALADIN-9791186031223,STEP VOCA 2 - 중2 ~ 중3
9788954767408,ebselteasylearningmyfirstabcs,IH-ALADIN-9788954767408,EBS ELT Easy Learning (Book 1) My First ABCs
9788973164523,smallgroupdiscussiontopicsforkoreanstudents7판,IH-ALADIN-9788973164523,Small Group Discussion Topics for Korean Students - 7판
9788927701583,청춘영어발음기호왕초보를위한쉽고정확하게영어읽는법,IH-ALADIN-9788927701583,청춘 영어 : 발음기호 - 왕초보를 위한 쉽고 정확하게 영어 읽는 법
9788926148464,나는초등고학년영문법드릴이다12232제,IH-ALADIN-9788926148464,나는 초등고학년 영문법 드릴이다 1 - 2232제
9791157687794,교정이필요없는영어글쓰기미국최대출판사랜덤하우스교열국장의,IH-ALADIN-9791157687794,교정이 필요 없는 영어 글쓰기 - 미국 최대 출판사 랜덤하우스 교열국장의
9791192314259,tosel심화문제집junior개정판,IH-ALADIN-9791192314259,TOSEL 심화문제집 Junior - 개정판
9788971723760,thegreatgatsby영문판,IH-ALADIN-9788971723760,The Great Gatsby - 영문판
9791165758776,100발100중기출문제집최종점검2학기전과정중3영어비상김진완,IH-ALADIN-9791165758776,100발 100중 기출문제집 최종점검 2학기 전과정 중3 영어 비상 김진완 (2026년용)
9791175900912,grammarinlevel2a2022개정교육과정,IH-ALADIN-9791175900912,Grammar in Level 2A - 2022 개정 교육과정
9791173324208,찐영국인피터빈트의진짜영국식영어하루5분으로완성하는영국식말하기레슨,IH-ALADIN-9791173324208,찐 영국인 피터 빈트의 진짜 영국식 영어 - 하루 5분으로 완성하는 영국식 말하기 레슨
9791125958932,똑똑한하루voca1b3학년영어,IH-ALADIN-9791125958932,똑똑한 하루 VOCA 1B - 3학년 영어
9788959904983,숨마주니어중학영어문법연습3쓰면서마스터하는중학영문법,IH-ALADIN-9788959904983,숨마 주니어 중학 영어 문법 연습 3 - 쓰면서 마스터하는 중학 영문법
9788994283258,쭉쭉읽어라수능초급직독직해의기적,IH-ALADIN-9788994283258,쭉쭉 읽어라 수능 초급 - 직독직해의 기적!
9788927704478,writingavenue1paragraphwriting,IH-ALADIN-9788927704478,Writing Avenue 1 - Paragraph Writing
9791138926447,core구문800기본고등필수구문,IH-ALADIN-9791138926447,CORE 구문 800 기본 - 고등 필수 구문
9791156775713,워드타파wordtapalevel1중학영단어40일완성,IH-ALADIN-9791156775713,워드타파 Word TAPA Level 1 - 중학 영단어 40일 완성
9788960498051,거의모든영어의구두법,IH-ALADIN-9788960498051,거의 모든 영어의 구두법
9791165759308,100발100중기출문제집2학기기말고사중3영어능률김성곤,IH-ALADIN-9791165759308,100발 100중 기출문제집 2학기 기말고사 중3 영어 능률 김성곤 (2026년용)
9788967905484,okgrammar2영작을통해배우는기초영문법2ndedition,IH-ALADIN-9788967905484,"OK Grammar 2 - 영작을 통해 배우는 기초 영문법, 2nd Edition"
9791164067145,기적의영어일기주제일기,IH-ALADIN-9791164067145,기적의 영어일기 : 주제일기
9788996827177,동시토익기초편reading,IH-ALADIN-9788996827177,동시토익 기초편 Reading
9791164066988,미국교과서readinglevel51문제의차이가영어실력의차이통합사고논픽션리딩프로그램,IH-ALADIN-9791164066988,"미국교과서 READING Level 5-1 - 문제의 차이가 영어 실력의 차이, 통합사고 논픽션 리딩 프로그램"
9791162379776,수능트레이닝유형모의고사실력편수능영어독해번호별유형완벽대비,IH-ALADIN-9791162379776,수능 트레이닝 유형모의고사 실력편 - 수능 영어 독해 번호별 유형 완벽 대비
9788917239706,readingprime3개정판,IH-ALADIN-9788917239706,Reading Prime 3 - 개정판
9791125351955,달곰한sentencewritinglevel2,IH-ALADIN-9791125351955,달곰한 Sentence Writing LEVEL 2
9788994265353,powerreadingskills7판,IH-ALADIN-9788994265353,Power Reading Skills - 7판
9791165971342,understandingandusingenglishgrammar한국어판2피어슨영문법한국어판,IH-ALADIN-9791165971342,Understanding and Using English Grammar 한국어판 2 - 피어슨 영문법 한국어판
9791191343663,낭독하는명연설문book2현석샘과새벽달이함께하는,IH-ALADIN-9791191343663,낭독하는 명연설문 Book 2 - 현석샘과 새벽달이 함께하는
9788994283760,우선순위영숙어중학교숙어실력쑥쑥,IH-ALADIN-9788994283760,우선순위 영숙어 (중학) - 중학교 숙어실력 쑥쑥
9791165971304,basicenglishgrammar한국어판2피어슨영문법한국어판,IH-ALADIN-9791165971304,Basic English Grammar 한국어판 2 - 피어슨 영문법 한국어판
9788927707059,developinglisteningskillsbook2,IH-ALADIN-9788927707059,Developing Listening Skills Book 2
9791164065455,미국교과서readinglevel32문제의차이가영어실력의차이통합사고논픽션리딩프로그램,IH-ALADIN-9791164065455,"미국교과서 READING Level 3-2 - 문제의 차이가 영어실력의 차이, 통합사고 논픽션 리딩 프로그램"
9788971727430,리더들의명연설문베스트30영어발음청취력강화toeic리스닝스피킹완벽대비,IH-ALADIN-9788971727430,"리더들의 명연설문 베스트 30 - 영어발음, 청취력 강화 + TOEIC 리스닝 & 스피킹 완벽대비"
9791175900899,grammarinlevel1a2022개정교육과정,IH-ALADIN-9791175900899,Grammar in Level 1A - 2022 개정 교육과정
9791191378917,나를사랑하는마음제인오스틴영어필사제인오스틴탄생250주년기념스페셜에디션,IH-ALADIN-9791191378917,"나를 사랑하는 마음, 제인 오스틴 영어 필사 - 제인 오스틴 탄생 250주년 기념 스페셜 에디션"
9788927708612,fundamentalreadingplus3,IH-ALADIN-9788927708612,Fundamental Reading PLUS 3
9791125970224,바로읽는배경지식독해level4중학부터시작하는수능독해첫걸음,IH-ALADIN-9791125970224,바로 읽는 배경지식 독해 Level 4 - 중학부터 시작하는 수능 독해 첫걸음
9791195692422,안현필의new영어기초확립,IH-ALADIN-9791195692422,안현필의 New 영어기초확립
9788991312616,내영어수첩을공개합니다,IH-ALADIN-9788991312616,내 영어수첩을 공개합니다
9788962819090,파고다토익고득점완성rc4thedition최상위권토익만점전략서,IH-ALADIN-9788962819090,파고다 토익 고득점 완성 RC 4th Edition - 최상위권 토익 만점 전략서
9788927707226,masteringlisteningskillsbook1,IH-ALADIN-9788927707226,Mastering Listening Skills Book 1 (본책 + 워크북)
9791187158547,용영어문법용어사전300영어문법궁금할때쉬운말로알려줘용,IH-ALADIN-9791187158547,용 영어문법 용어사전 300 - 영어문법 궁금할 때 쉬운 말로 알려줘용
9791164065844,미국교과서readinglevel42문제의차이가영어실력의차이통합사고논픽션리딩프로그램,IH-ALADIN-9791164065844,"미국교과서 READING Level 4-2 - 문제의 차이가 영어 실력의 차이, 통합사고 논픽션 리딩 프로그램"
9791138932905,minute15미니모의고사글의중심내용파악집중훈련을위한미니모의고사,IH-ALADIN-9791138932905,Minute 15 미니 모의고사 - 글의 중심 내용 파악 집중 훈련을 위한 미니 모의고사
9788954789851,ebsstepbystep초등영구문독해의힘level2기초문장학습으로구문과독해를한번에,IH-ALADIN-9788954789851,"EBS Step by Step 초등 영구문, 독해의 힘! LEVEL 2 - 기초 문장 학습으로 구문과 독해를 한 번에!"
9791125966272,똑똑한하루grammar1b3학년영어매일매일쌓이는영어기초력,IH-ALADIN-9791125966272,똑똑한 하루 Grammar 1B : 3학년 영어 - 매일매일 쌓이는 영어 기초력
9791165758448,100발100중기출문제집2학기중간고사중3영어천재정사열,IH-ALADIN-9791165758448,100발 100중 기출문제집 2학기 중간고사 중3 영어 천재 정사열 (2026년용)
9791125966173,똑똑한하루reading2b4학년영어매일매일쌓이는영어기초력,IH-ALADIN-9791125966173,똑똑한 하루 Reading 2B : 4학년 영어 - 매일매일 쌓이는 영어 기초력
9791188228263,longmanvocabularymentorjoystart2,IH-ALADIN-9791188228263,Longman Vocabulary Mentor Joy Start 2 (책 + QR코드)
9788971728529,초급juniorvoca3000toefltoeicteps보카바이블중고등학생에게꼭필요한핵심영단어30일완성,IH-ALADIN-9788971728529,"초급 Junior Voca 3000 - TOEFL, TOEIC, TEPS 보카바이블 - 중.고등학생에게 꼭 필요한 핵심영단어 30일 완성"
9788968060960,리딩플랫폼2패턴편중학내신및수험영어독해의기초실력다지기,IH-ALADIN-9788968060960,리딩 플랫폼 2 : 패턴편 - 중학 내신 및 수험영어독해의 기초실력 다지기
9788981275044,헨젤과그레텔grade3,IH-ALADIN-9788981275044,헨젤과 그레텔 - Grade 3
9788954767415,ebselteasylearningmyfirstwriting,IH-ALADIN-9788954767415,EBS ELT Easy Learning (Book 2) My First Writing
9791188392100,스타일레슨명확하고아름다운영어글쓰기,IH-ALADIN-9791188392100,스타일 레슨 - 명확하고 아름다운 영어 글쓰기
9791188730032,전치사쇼크개정판,IH-ALADIN-9791188730032,전치사 쇼크 - 개정판
9788954767422,ebselteasylearningmyfirstphonics,IH-ALADIN-9788954767422,EBS ELT Easy Learning (Book 3) My First Phonics
9791166835551,영어로논문쓰기최신개정판,IH-ALADIN-9791166835551,영어로 논문쓰기 - 최신 개정판
9791156809340,어휘충전소vocabcharger중급2중등기본개정판,IH-ALADIN-9791156809340,"어휘 충전소 Vocab Charger 중급 2 - 중등 기본, 개정판"
9788934942962,grammarstar그래머스타기본편level3초등영문법교재문법의시작,IH-ALADIN-9788934942962,Grammar Star 그래머 스타 기본편 Level 3 - 초등 영문법 교재 / 문법의 시작
9791166833335,영어말하기공식50영어회화에꼭필요한것만담았다,IH-ALADIN-9791166833335,영어 말하기 공식 50 - 영어회화에 꼭 필요한 것만 담았다
9788961982825,readingforvocabularypluslevelc,IH-ALADIN-9788961982825,Reading for Vocabulary Plus Level C
9788954767439,ebselteasylearninghandwritingphonics,IH-ALADIN-9788954767439,EBS ELT Easy Learning (Book 4) Handwriting & Phonics
9791165756727,100발100중voca중등완성,IH-ALADIN-9791165756727,100발 100중 VOCA 중등 완성
9791186031353,쓰마영문법1쓰기로마스터하는영문법,IH-ALADIN-9791186031353,쓰마 영문법 1 - 쓰기로 마스터하는 영문법
9791143402035,2027시대에듀사관학교10개년기출문제다잡기영어영역육사해사공사국간사필기시험영어영역대비,IH-ALADIN-9791143402035,2027 시대에듀 사관학교 10개년 기출문제 다잡기 [영어영역] - 육사·해사·공사·국간사 필기시험 영어영역 대비
9788927704737,solid어법기본내신수능대비,IH-ALADIN-9788927704737,SOLID 어법 기본 - 내신.수능 대비
9791171011834,짧아서더많이쓰는요즘영어x회화표현들,IH-ALADIN-9791171011834,짧아서 더 많이 쓰는 요즘 영어 X 회화표현들
9788983968326,영어동사의인지문법,IH-ALADIN-9788983968326,영어동사의 인지문법
9791175900929,grammarinlevel2b2022개정교육과정,IH-ALADIN-9791175900929,Grammar in Level 2B - 2022 개정 교육과정
9791125948117,바로voca중학실력1200교과서에서뽑은중학필수어휘1200,IH-ALADIN-9791125948117,바로 VOCA 중학 실력 1200 - 교과서에서 뽑은 중학 필수 어휘 1200
9791138932899,minute70모의고사고1실제수능시험지그대로재현한실전감100모의고사,IH-ALADIN-9791138932899,Minute 70 모의고사 고1 - 실제 수능 시험지 그대로 재현한 실전감 100% 모의고사
9791186031230,stepvoca3중3예비고,IH-ALADIN-9791186031230,STEP VOCA 3 - 중3 ~ 예비고
9788927780991,vocaplanner확장판중등필수나만의주제별영단어학습플래너,IH-ALADIN-9788927780991,VOCA Planner 확장판 중등 필수 - 나만의 주제별 영단어 학습 플래너
9788972552499,안네의일기영어독해력증가프로그램grade4,IH-ALADIN-9788972552499,"안네의 일기 (책 + CD 1장) - 영어 독해력 증가 프로그램, Grade 4"
9791138926454,core구문800완성고등필수구문,IH-ALADIN-9791138926454,CORE 구문 800 완성 - 고등 필수 구문
9788960492073,영어낭독훈련taletell,IH-ALADIN-9788960492073,영어 낭독 훈련 Tale Tell
9791195458608,원리로푸는영어상,IH-ALADIN-9791195458608,원리로 푸는 영어 - 상
9788927781110,allroundgrammarlevel1,IH-ALADIN-9788927781110,All-Round GRAMMAR LEVEL 1
9791192199573,사이먼미국교과서100세계최고의주니어영어교재,IH-ALADIN-9791192199573,사이먼 미국교과서 100 - 세계 최고의 주니어 영어교재
9791174100245,내신콘서트중학영어기출문제집2학기중간고사중3동아윤정미,IH-ALADIN-9791174100245,내신콘서트 중학영어 기출문제집 2학기 중간고사 중3 동아 윤정미 (2026년용)
9788994265377,powervoca중등교원임용고사전공영어4판,IH-ALADIN-9788994265377,"Power Voca - 중등교원임용고사 전공영어, 4판"
9791125966296,똑똑한하루grammar2b4학년영어매일매일쌓이는영어기초력,IH-ALADIN-9791125966296,똑똑한 하루 Grammar 2B : 4학년 영어 - 매일매일 쌓이는 영어 기초력
9788959904273,숨마주니어중학영문법manual1193119개대표문장으로끝내는,IH-ALADIN-9788959904273,숨마 주니어 중학 영문법 Manual 119 3 - 119개 대표 문장으로 끝내는
9791136019172,에듀윌토익readingrc4주끝장빈출유형학습으로토익단기정복,IH-ALADIN-9791136019172,에듀윌 토익 Reading RC 4주끝장 (리딩 종합서) - 빈출 유형 학습으로 토익 단기 정복
9791197005626,딥러닝어린왕자단어장icanreadthelittleprince,IH-ALADIN-9791197005626,딥러닝 어린 왕자 단어장 - I CAN READ The Little Prince
9788972559498,오즈의마법사영어독해력증강프로그램grade3,IH-ALADIN-9788972559498,"오즈의 마법사 (책 + CD 1장) - 영어 독해력 증강 프로그램, Grade 3"
9788967151379,스파르타토익powerstartlcrc한권으로끝내는개정판,IH-ALADIN-9788967151379,"스파르타 토익 Power Start LC & RC - 한 권으로 끝내는, 개정판"
9788927780618,highscoreibttoeflreadingforjuniorhighintermediate2ndedition,IH-ALADIN-9788927780618,High Score iBT TOEFL Reading For Junior High Intermediate - 2nd Edition
9788917951578,ybmreadinglibrarygrade1패키지전8권문고18번,IH-ALADIN-9788917951578,YBM Reading Library Grade 1 패키지 (교재 + MP3 파일 다운로드) - 전8권 - 문고 1~8번
9791194462248,thisisgrammar중급1newedition워크북수록,IH-ALADIN-9791194462248,"This is Grammar 중급 1 - New Edition, 워크북 수록"
9791165758790,100발100중기출문제집최종점검2학기전과정중3영어ybm박준언,IH-ALADIN-9791165758790,100발 100중 기출문제집 최종점검 2학기 전과정 중3 영어 YBM 박준언 (2026년용)
9788917238754,grammarnow1,IH-ALADIN-9788917238754,Grammar Now 1
9788965427544,hackersdiveintoreadinglevel2withworkbookdeepdiveintoreadingadventures,IH-ALADIN-9788965427544,Hackers Dive into Reading (해커스 다이브 인투 리딩) Level 2 : with workbook - Deep Dive into Reading Adventures
9788927700364,기초영어레슨다시처음부터차근차근,IH-ALADIN-9788927700364,기초 영어 레슨 (본책 + MP3 CD 1장) - 다시 처음부터 차근차근
9791194347194,영일만vocasummit2000개정판,IH-ALADIN-9791194347194,영일만 VOCA summit 2000 - 개정판
9788917237719,thearabiannights아라비안나이트grade3900words,IH-ALADIN-9788917237719,The Arabian Nights 아라비안 나이트 (교재 + MP3 파일 다운로드) - Grade 3 900 words
9788962807721,메가스터디초등영문법쓰기level1,IH-ALADIN-9788962807721,메가스터디 초등 영문법 쓰기 Level 1
9791191343021,waysideschoolisfallingdown웨이사이드스쿨2개정판,IH-ALADIN-9791191343021,Wayside School Is Falling Down 웨이사이드 스쿨 2 (영어원서 + 워크북 + MP3 CD 1장) - 개정판
9788917239690,readingprime2개정판,IH-ALADIN-9788917239690,Reading Prime 2 - 개정판
9788954757744,365하루10분영어일기누구나언제든시작할수있는틈새영어공부,IH-ALADIN-9788954757744,365 하루 10분 영어 일기 - 누구나 언제든 시작할 수 있는 틈새 영어 공부
9791191343892,asummertodie그여름의끝개정판,IH-ALADIN-9791191343892,A Summer to Die 그 여름의 끝 (영어원서 + 워크북 + 오디오북) - 개정판
9791164065110,기적의영어문장만들기세트전5권단어블록연결로초등문법과작문을동시에해결,IH-ALADIN-9791164065110,기적의 영어문장 만들기 세트 - 전5권 - 단어 블록 연결로 초등 문법과 작문을 동시에 해결!
9791198920119,thisisvocabulary중등편기본,IH-ALADIN-9791198920119,This is Vocabulary 중등편 기본
9791194462163,thisisreading1newedition워크북수록원어민mp3포함,IH-ALADIN-9791194462163,"This is Reading 1 - New Edition, 워크북 수록, 원어민 MP3 포함"
9791155811665,bigfatcatgoestotown빅팻캣도시로가다,IH-ALADIN-9791155811665,"Big Fat Cat Goes to Town 빅팻캣, 도시로 가다"
9791193035641,어린왕자영어필사마음에위로를안겨주는,IH-ALADIN-9791193035641,어린 왕자 영어 필사 - 마음에 위로를 안겨주는
9791165971311,fundamentalsofenglishgrammar한국어판1피어슨영문법한국어판,IH-ALADIN-9791165971311,Fundamentals of English Grammar 한국어판 1 - 피어슨 영문법 한국어판
9788954789868,ebsstepbystep초등영구문독해의힘level3기초문장학습으로구문과독해를한번에,IH-ALADIN-9788954789868,"EBS Step by Step 초등 영구문, 독해의 힘! LEVEL 3 - 기초 문장 학습으로 구문과 독해를 한 번에!"
9791172101459,가장쉬운new영어일기따라쓰기30일완성,IH-ALADIN-9791172101459,가장 쉬운 NEW 영어일기 따라쓰기 30일 완성
9788993394566,맛있는추억의팝송144팝송으로배우는영어원문해설,IH-ALADIN-9788993394566,맛있는 추억의 팝송 144 - 팝송으로 배우는 영어 & 원문 해설
9791169513579,alistgrammar중학필수,IH-ALADIN-9791169513579,A*list Grammar 중학 필수
9788968060977,리딩플랫폼3테마편중학내신및수험영어독해의기초실력다지기,IH-ALADIN-9788968060977,리딩 플랫폼 3 : 테마편 - 중학 내신 및 수험영어독해의 기초실력 다지기
9788966530953,powervoca중급3,IH-ALADIN-9788966530953,Power Voca 중급 3
9788917239683,readingprime1개정판,IH-ALADIN-9788917239683,Reading Prime 1 - 개정판
9788965617112,베이직워드샵basicwordsharph2,IH-ALADIN-9788965617112,베이직 워드샵 Basic Word Sharp H 2
9791163035060,바빠초등하루5문장영어글쓰기세트전2권따라쓰면저절로완성되는핵심패턴기초영작문,IH-ALADIN-9791163035060,바빠 초등 하루 5문장 영어 글쓰기 세트 - 전2권 - 따라 쓰면 저절로 완성되는 핵심 패턴 기초 영작문
9791171584635,중학영어3학년2학기내신대비영문법동아,IH-ALADIN-9791171584635,중학영어 3학년 2학기 (중간 기말) 내신 대비 영문법 동아(윤정미)
9791166082979,씨뮬14th최신1년간이투스종로학평수능기출모의고사고3영어,IH-ALADIN-9791166082979,씨뮬 14th 최신 1년간 이투스·종로·학평·수능 기출 모의고사 고3 영어 (2026년)
9791160572278,vocanote1sbwithapp실전테스트,IH-ALADIN-9791160572278,Voca Note 1 SB with App + 실전테스트
9791138932936,minute70모의고사고2실제수능시험지그대로재현한실전감100모의고사,IH-ALADIN-9791138932936,Minute 70 모의고사 고2 - 실제 수능 시험지 그대로 재현한 실전감 100% 모의고사
9791161509259,일주일에끝내는시원스쿨토익파트34토익lc초단기고득점전략서,IH-ALADIN-9791161509259,일주일에 끝내는 시원스쿨 토익 파트 3 & 4 - 토익 LC 초단기 고득점 전략서
9788966530922,powervoca초급2,IH-ALADIN-9788966530922,Power Voca 초급 2
9788927703006,잭과콩나무골딜락스와곰세마리붉은암탉영어독해력증강프로그램basic2,IH-ALADIN-9788927703006,"잭과 콩나무 / 골딜락스와 곰 세 마리 / 붉은 암탉 (책 + CD 1장) - 영어 독해력 증강 프로그램, Basic 2"
9791188507603,모의고사유형별모음집220제고1영어12부,IH-ALADIN-9791188507603,"모의고사 유형별 모음집 220제 고1 영어 : 1,2부 (2026년용) (스프링)"
9791166833618,구문독해204book1개정판,IH-ALADIN-9791166833618,구문독해 204 Book 1 - 개정판
9791194600770,하루한지문writeyourenglish,IH-ALADIN-9791194600770,하루 한 지문 Write Your English
9791196547059,어법서술형제패기본1권,IH-ALADIN-9791196547059,어법·서술형 제패 기본 1권
9791165971328,fundamentalsofenglishgrammar한국어판2피어슨영문법한국어판,IH-ALADIN-9791165971328,Fundamentals of English Grammar 한국어판 2 - 피어슨 영문법 한국어판
9788956553054,annefrank,IH-ALADIN-9788956553054,Anne Frank (책 + CD 1장)
9788927704522,writingavenue6essaywriting,IH-ALADIN-9788927704522,Writing Avenue 6 - Essay Writing
9788954799232,ebsreadingpower중학level2영독해20일단기완성,IH-ALADIN-9788954799232,EBS Reading POWER 중학 LEVEL 2 (2026년) - 영독해 20일 단기 완성
9791164066995,미국교과서readinglevel52문제의차이가영어실력의차이통합사고논픽션리딩프로그램,IH-ALADIN-9791164066995,"미국교과서 READING Level 5-2 - 문제의 차이가 영어 실력의 차이, 통합사고 논픽션 리딩 프로그램"
9791168182295,2026백세레나영어문법편,IH-ALADIN-9791168182295,2026 백세레나 영어 : 문법편
9788998894085,생각문법4연결어편,IH-ALADIN-9788998894085,생각문법 4 - 연결어편
9791161504162,시원스쿨처음토익part72021최신판,IH-ALADIN-9791161504162,시원스쿨 처음토익 PART 7 - 2021 최신판
9788927703099,장화신은고양이빨간모자소녀영어독해력증강프로그램basic5,IH-ALADIN-9788927703099,"장화 신은 고양이 / 빨간 모자 소녀 (책 + CD 1장) - 영어 독해력 증강 프로그램, Basic 5"
9791169518406,교실영어표현사전학생편초등부터중등까지학교에서필요한거의모든영어표현,IH-ALADIN-9791169518406,교실영어 표현사전 : 학생편 - 초등부터 중등까지 학교에서 필요한 거의 모든 영어 표현
9791176090285,100발100중기출문제집고등공통영어22학기통합본ybm김은형,IH-ALADIN-9791176090285,100발 100중 기출문제집 고등 공통영어 2 2학기 통합본 YBM 김은형 (2026년)
9788927703211,거인의정원영어독해력증강프로그램,IH-ALADIN-9788927703211,거인의 정원 (책 + CD 1장) - 영어 독해력 증강 프로그램
9791166372438,readingnote2workbookappqr정답및해설단어장,IH-ALADIN-9791166372438,Reading Note 2 (Student Book) - Workbook + App QR + 정답 및 해설 + 단어장
9791197139611,빨간머리앤anneofgreengables,IH-ALADIN-9791197139611,빨간 머리 앤 Anne of Green Gables
9791172101701,단어의길을바꾸는워드시프트,IH-ALADIN-9791172101701,단어의 길을 바꾸는 워드 시프트
9791189782627,배우다영어5학년영어교과서15일따라잡기,IH-ALADIN-9791189782627,배우다 영어 5학년 - 영어 교과서 15일 따라잡기
9788927703037,엄지공주미운오리새끼영어독해력증강프로그램basic3,IH-ALADIN-9788927703037,"엄지공주 / 미운 오리 새끼 (책 + CD 1장) - 영어 독해력 증강 프로그램, Basic 3"
9791188007486,영어는잘하고싶은데열심히하고싶진않아일등도꼴찌도학생도선생님도온국민이함께보는영어책,IH-ALADIN-9791188007486,"영어는 잘하고 싶은데 열심히 하고 싶진 않아 - 일등도 꼴찌도, 학생도 선생님도 온 국민이 함께 보는 영어책"
9791175900905,grammarinlevel1b2022개정교육과정,IH-ALADIN-9791175900905,Grammar in Level 1B - 2022 개정 교육과정
9791194347163,2026피델리티영어영역실전모의고사시즌1,IH-ALADIN-9791194347163,2026 피델리티 영어영역 실전 모의고사 시즌 1
9791176040235,중학영어2학년2학기내신대비grammar천재개정판,IH-ALADIN-9791176040235,중학영어 2학년 2학기 내신 대비 Grammar (중간/기말) 천재(이상기) - 개정판
9791198920133,thisisvocabulary중등편실력,IH-ALADIN-9791198920133,This is Vocabulary 중등편 실력
9791176040280,중학영어2학년2학기내신대비grammar동아,IH-ALADIN-9791176040280,중학영어 2학년 2학기 내신 대비 Grammar (중간/기말) 동아(윤정미)
9788959959211,listentothemax1,IH-ALADIN-9788959959211,Listen to the MAX 1
9791186031339,쓰마영문법2쓰기로마스터하는영문법,IH-ALADIN-9791186031339,쓰마 영문법 2 - 쓰기로 마스터하는 영문법
9791166476051,최신시사뉴스영어표현집,IH-ALADIN-9791166476051,최신 시사 뉴스 영어 표현집
9788917237801,lesmiserables레미제라블grade41200words,IH-ALADIN-9788917237801,"Les Miserables 레 미제라블 (교재 + MP3 파일 다운로드) - Grade 4 1,200 words"
9791198920195,thisisvocabulary수능편,IH-ALADIN-9791198920195,This is Vocabulary 수능편
9791138306997,미국100대기업비즈니스영어문서작성법영어이메일이력서계약서보고서등현장비즈니스영어문서47종83개샘플수록,IH-ALADIN-9791138306997,"미국 100대 기업 비즈니스 영어문서 작성법 - 영어 이메일, 이력서, 계약서, 보고서 등 현장 비즈니스 영어문서 47종 & 83개 샘플 수록"
9788927780212,coollistening2,IH-ALADIN-9788927780212,Cool Listening 2 (New Edition)
9791155811672,bigfatcatandtheghostavenue빅팻캣과고스트애비뉴,IH-ALADIN-9791155811672,Big Fat Cat and the Ghost Avenue 빅팻캣과 고스트 애비뉴
9791168803589,쉽게외워빠르게푸는해커스공무원영어필수이디엄9급전직렬읽기만하면외워지는자동암기법모르는표현에대처하는7skills무료이디엄시험지자동제작프로그램무료공무원보카어플,IH-ALADIN-9791168803589,쉽게 외워 빠르게 푸는 해커스공무원 영어 필수 이디엄 (9급 공무원) - 9급 전 직렬|읽기만 하면 외워지는 자동 암기법!|모르는 표현에 대처하는 7 Skills|무료 이디엄시험지 자동제작 프로그램|무료 공무원 보카 어플
9791176090476,100발100중기출문제집최종점검2학기전과정중2영어천재소영순2022개정교육과정,IH-ALADIN-9791176090476,100발 100중 기출문제집 최종점검 2학기 전과정 중2 영어 천재 소영순 (2026년) - 2022 개정 교육과정
9791192431949,답이바로풀리는퀵토익실전모의고사봉투형3회분,IH-ALADIN-9791192431949,답이 바로 풀리는 퀵 토익 실전 모의고사 - 봉투형 3회분
9791130605685,큰소리영어학습법plus세상에서가장간단한영어학습의비밀,IH-ALADIN-9791130605685,큰소리 영어 학습법 Plus - 세상에서 가장 간단한 영어 학습의 비밀
9788917237658,anneofgreengables빨강머리앤grade2600words,IH-ALADIN-9788917237658,Anne of Green Gables 빨강머리 앤 (교재 + MP3 파일 다운로드) - Grade 2 600 words
9791195114528,개념원리voca중학필수편과학적체계적인신개념의영단어학습법,IH-ALADIN-9791195114528,개념원리 VOCA 중학필수편 - 과학적.체계적인 신개념의 영단어 학습법
9791193992456,쓰다보니달다명언편삶이달콤해지는하루10분영어필사,IH-ALADIN-9791193992456,"쓰다 보니, 달다 : 명언편 - 삶이 달콤해지는 하루 10분 영어 필사"
9788927703129,백설공주난쟁이와구두직공영어독해력증강프로그램basic6,IH-ALADIN-9788927703129,"백설공주 / 난쟁이와 구두 직공 (본책 + MP3 무료 다운로드) - 영어 독해력 증강 프로그램, Basic 6"
9788971728178,영어명언베스트365리더들의결정적한마디,IH-ALADIN-9788971728178,영어명언 베스트 365 - 리더들의 결정적 한마디
9791198920157,thisisvocabulary중등편완성,IH-ALADIN-9791198920157,This is Vocabulary 중등편 완성
9788927703150,호두까기인형백조의호수영어독해력증강프로그램,IH-ALADIN-9788927703150,호두까기 인형 / 백조의 호수 (책 + CD 1장) - 영어 독해력 증강 프로그램
9791175505544,하루10분영어필사의기적영어와삶을동시에변화시키는100일의여정,IH-ALADIN-9791175505544,하루 10분 영어 필사의 기적 - 영어와 삶을 동시에 변화시키는 100일의 여정
9791186031506,readinglive1201,IH-ALADIN-9791186031506,Reading Live 120 : 1
9791125343318,nelt문법실전모의고사level2,IH-ALADIN-9791125343318,NELT 문법 실전 모의고사 LEVEL 2
9788959391394,vocatouchlevel1,IH-ALADIN-9788959391394,VOCA Touch Level 1
9788966530915,powervoca초급1,IH-ALADIN-9788966530915,Power Voca 초급 1
9791193035917,어린왕자영어필기체필사영어필기체로만나는,IH-ALADIN-9791193035917,어린왕자 영어 필기체 필사 - 영어 필기체로 만나는
9791186031650,readinglive802,IH-ALADIN-9791186031650,Reading Live 80 : 2
9791171712182,김영철타일러의진짜미국식영어5하루5분국민영어과외,IH-ALADIN-9791171712182,김영철·타일러의 진짜 미국식 영어 5 - 하루 5분 국민 영어과외
9788917237757,thephantomoftheopera오페라의유령grade41200words,IH-ALADIN-9788917237757,The Phantom of the Opera 오페라의 유령 (교재 + MP3 파일 다운로드) - Grade 4 1200 words
9791194462262,thisisgrammar중급3newedition워크북수록,IH-ALADIN-9791194462262,"This is Grammar 중급 3 - New Edition, 워크북 수록"
9788968930461,같은생각다른표현영어토론편,IH-ALADIN-9788968930461,같은 생각 다른 표현 : 영어토론 편
9788966535538,기초탄탄grammar2,IH-ALADIN-9788966535538,기초탄탄 Grammar 2
9791174573339,주머니얇은직장인의다국어학습법영어일본어스페인어를익힌알뜰한방법,IH-ALADIN-9791174573339,"주머니 얇은 직장인의 다국어 학습법 - 영어, 일본어, 스페인어를 익힌 알뜰한 방법"
9791189782405,영어자신감2상하세트전2권,IH-ALADIN-9791189782405,영어 자신감 2 상·하 세트 - 전2권
9791192156415,단단한나를만드는100일영어필사,IH-ALADIN-9791192156415,단단한 나를 만드는 100일 영어 필사
9788962807745,메가스터디초등영문법쓰기level3,IH-ALADIN-9788962807745,메가스터디 초등 영문법 쓰기 Level 3
9788967051686,워드브릿지3600step2기본편특목고대비어휘정복3600프로젝트,IH-ALADIN-9788967051686,워드 브릿지 3600 Step 2 기본편 - 특목고 대비 어휘정복 3600 프로젝트
9791176210553,영어책thebookofenglish개정3판,IH-ALADIN-9791176210553,"영어책 - The Book of English, 개정3판"
9791171012374,영어발음은이런것이다2ndedition,IH-ALADIN-9791171012374,영어발음은 이런 것이다 - 2nd Edition
9791197371448,리드보카leadvocabulary,IH-ALADIN-9791197371448,리드 보카 LEAD VOCABULARY
9791176090216,100발100중기출문제집1학기기말고사중2영어지학송미정2022개정교육과정,IH-ALADIN-9791176090216,100발 100중 기출문제집 1학기 기말고사 중2 영어 지학 송미정 (2026년) - 2022 개정 교육과정
9791193614273,셜록홈즈주홍색연구영어필사,IH-ALADIN-9791193614273,셜록 홈즈 : 주홍색 연구 영어 필사
9788971728536,중급collegevoca5000toefltoeicteps편입공무원보카바이블대학생에게꼭필요한핵심영단어60일완성,IH-ALADIN-9788971728536,"중급 College Voca 5000 - TOEFL, TOEIC, TEPS, 편입, 공무원 보카바이블 - 대학생에게 꼭 필요한 핵심영단어 60일 완성"
9791162379806,수능트레이닝유형완성편수능영어독해번호별유형완벽대비,IH-ALADIN-9791162379806,수능 트레이닝 유형 완성편 - 수능 영어 독해 번호별 유형 완벽 대비
9788965427865,hackersreadingpathmasterlevel4apathtoreadingskillmastery,IH-ALADIN-9788965427865,Hackers Reading Path Master Level 4 - A Path to Reading Skill Mastery
9788931558616,토익마법2주의기적reading초보자를가장빠르게700점이상으로인도하는책,IH-ALADIN-9788931558616,토익 마법 2주의 기적 Reading - 초보자를 가장 빠르게 700점 이상으로 인도하는 책
9791185317106,어셔인그래머영어문법니가안되고배겨usherintoefltoeicielts수능내신듀오링고테스트2024년개정증보판,IH-ALADIN-9791185317106,"어셔인 그래머 영어문법 니가 안되고 배겨? - Usher in TOEFL·TOEIC·IELTS·수능/내신·듀오링고 테스트, 2024년 개정증보판"
9788963705811,영한대역삼국지romanceofthethreekingdoms세트전20권,IH-ALADIN-9788963705811,영한대역 삼국지 Romance of the Three Kingdoms 세트 - 전20권
9788927780236,맨처음토익lc실력편,IH-ALADIN-9788927780236,맨처음 토익 LC 실력편 (본책 + 해설집)
9788927781172,readingvista3,IH-ALADIN-9788927781172,Reading VISTA 3
9788965617129,베이직워드샵basicwordsharph3,IH-ALADIN-9788965617129,베이직 워드샵 Basic Word Sharp H 3
9791185317076,usheribttoeflintermediatetestreading중급난이도의토플독해교재,IH-ALADIN-9791185317076,Usher iBT TOEFL Intermediate Test Reading - 중급 난이도의 토플 독해 교재
9791199380912,대충영어완벽한문법보다중요한건통하는영어다,IH-ALADIN-9791199380912,"대충영어 - 완벽한 문법보다 중요한 건, 통하는 영어다"
9791193732267,마법의영어필사100일,IH-ALADIN-9791193732267,마법의 영어 필사 100일
9791164065851,미국교과서readinglevel43문제의차이가영어실력의차이통합사고논픽션리딩프로그램,IH-ALADIN-9791164065851,"미국교과서 READING Level 4-3 - 문제의 차이가 영어실력의 차이, 통합사고 논픽션 리딩 프로그램"
9788997179367,effectivebizwriting,IH-ALADIN-9788997179367,Effective Biz Writing
9788968174582,현대영문법,IH-ALADIN-9788968174582,현대영문법
9791125312567,showtimelevel2jackandthebeanstalk,IH-ALADIN-9791125312567,Show Time Level 2 : Jack and the Beanstalk (스토리북 + 워크북)
9788931558623,토익마법2주의기적listening초보자를가장빠르게700점이상으로인도하는책,IH-ALADIN-9788931558623,토익 마법 2주의 기적 Listening - 초보자를 가장 빠르게 700점 이상으로 인도하는 책
9791189782702,영어자신감3상하세트전2권,IH-ALADIN-9791189782702,영어 자신감 3 상·하 세트 - 전2권
9788917237665,thewizardofoz오즈의마법사grade2600words,IH-ALADIN-9788917237665,The Wizard of Oz 오즈의 마법사 (교재 + MP3 파일 다운로드) - Grade 2 600 words
9788917237603,aesopsfables이솝우화,IH-ALADIN-9788917237603,Aesop's Fables 이솝우화 (교재 + MP3 파일 다운로드)
9791196547066,어법서술형제패기본2권,IH-ALADIN-9791196547066,어법·서술형 제패 기본 2권
9791164067008,미국교과서readinglevel53문제의차이가영어실력의차이통합사고논픽션리딩프로그램,IH-ALADIN-9791164067008,"미국교과서 READING Level 5-3 - 문제의 차이가 영어 실력의 차이, 통합사고 논픽션 리딩 프로그램"
9791192156392,thelittleprince어린왕자영어필사책개정판,IH-ALADIN-9791192156392,The Little Prince 어린 왕자 영어필사책 - 개정판
9791156012474,퍼펙트영어표현사전일상의모든행동과감정을영어로쓰고말해보자개정판,IH-ALADIN-9791156012474,"퍼펙트 영어 표현사전 - 일상의 모든 행동과 감정을 영어로 쓰고 말해보자!, 개정판"
9788901162157,betterwriting더나은글쓰기를위한확실한방법,IH-ALADIN-9788901162157,Better Writing - 더 나은 글쓰기를 위한 확실한 방법
9791166189661,박초롱choiceenglishvoca법원직시험및각종국가고시대비제4판,IH-ALADIN-9791166189661,"박초롱 Choice English Voca - 법원직 시험 및 각종 국가고시 대비, 제4판"
9788980104758,토마스와앤더스의착한123쉬운생활영어pureandsimpleeasyeverydayenglish,IH-ALADIN-9788980104758,"토마스와 앤더스의 착한 1-2-3 쉬운 생활영어 - Pure and Simple Easy, Everyday English"
9791188260324,real영어하나하나알기쉽게시제가정법,IH-ALADIN-9791188260324,Real 영어 하나하나 알기 쉽게 : 시제.가정법
9791125312581,showtimelevel3thekinghasdonkeyears,IH-ALADIN-9791125312581,Show Time Level 3 : The King Has Donkey Ears! (스토리북 + 워크북)
9791175241541,주토피아2디즈니애니메이션미니미니키링북,IH-ALADIN-9791175241541,주토피아 2 디즈니 애니메이션 미니미니 키링북 (영문판)
9791176090247,100발100중기출문제집고등공통영어22학기통합본ybm박준언,IH-ALADIN-9791176090247,100발 100중 기출문제집 고등 공통영어 2 2학기 통합본 YBM 박준언 (2026년)
9791188879045,쓰방중등기초편쓰다보면한방에암기,IH-ALADIN-9791188879045,쓰방 중등 기초편 - 쓰다보면 한방에 암기
9791196012786,이보영의말문영어영어말문을여는가장확실한방법,IH-ALADIN-9791196012786,이보영의 말문영어 - 영어 말문을 여는 가장 확실한 방법
9788917238938,benchmarkreading62,IH-ALADIN-9788917238938,Benchmark Reading 6.2
9791129713537,초끝이서윤쌤과함께하는영어일기쓰기초등공부시작부터끝까지,IH-ALADIN-9791129713537,초끝 이서윤쌤과 함께하는 영어 일기 쓰기 - 초등 공부 시작부터 끝까지!
9788934119470,선교영어englishformission,IH-ALADIN-9788934119470,선교 영어 English for Mission
9791155027905,외워보까외워voca공무원빅데이터빈출단어,IH-ALADIN-9791155027905,외워보까? 외워VOCA! - 공무원 빅데이터 빈출단어
9791125343332,nelt문법실전모의고사level7,IH-ALADIN-9791125343332,NELT 문법 실전 모의고사 LEVEL 7
9788993432435,mdgrammar최신개정판,IH-ALADIN-9788993432435,MD Grammar - 최신 개정판
9788927704249,셜록홈즈이야기level49lexile580l,IH-ALADIN-9788927704249,"셜록 홈즈 이야기 (Stories of Sherlock Holmes) - Level 4-9, Lexile® 580L"
9788973584574,위대한개츠비,IH-ALADIN-9788973584574,위대한 개츠비 (책 + CD 1장)
9788964150269,말리와나사전없이원서읽기,IH-ALADIN-9788964150269,말리와 나 - 사전없이 원서읽기
9791175191679,2026박문각공무원김세현영어전혀다른개념문법박문각9급공무원시험대비,IH-ALADIN-9791175191679,2026 박문각 공무원 김세현 영어 전혀 다른 개념 문법 - 박문각 9급 공무원 시험대비
9791190859127,듀오랩이중언어포켓북세트전5권,IH-ALADIN-9791190859127,듀오랩 이중언어 포켓북 세트 - 전5권
9791156350569,셜록홈즈걸작선다섯개의오렌지씨앗푸른카벙클thefiveorangepipstheadventureofthebluecarbuncle,IH-ALADIN-9791156350569,셜록 홈즈 걸작선: 다섯 개의 오렌지 씨앗 / 푸른 카벙클 The Five Orange Pips /The Adventure of the Blue Carbuncle (교재 1권 + 무료 MP3 다운로드)
9788973233755,americanenglishexpressionbasicedition,IH-ALADIN-9788973233755,American English Expression Basic Edition
9788927704287,오헨리단편소설level310lexile430l,IH-ALADIN-9788927704287,"오 헨리 단편 소설 (O. Henry's Short Stories) - Level 3-10, Lexile® 430L"
9788927780175,coollisteningbasic1영어듣기모의고사,IH-ALADIN-9788927780175,Cool Listening Basic 1 (New Edition) - 영어듣기 모의고사
9791125312598,showtimelevel3rumpelstiltskin,IH-ALADIN-9791125312598,Show Time Level 3 : Rumpelstiltskin (스토리북 + 워크북)
9788966531486,writingsprout2,IH-ALADIN-9788966531486,Writing Sprout 2
9788992215121,heykidsworkbook3,IH-ALADIN-9788992215121,Hey Kids! Workbook 3
9788960493384,writingtkidsjournalwriting,IH-ALADIN-9788960493384,Writing T kids Journal Writing (본책 + 엄마책 + MP3 CD 1장)
9791161509280,핵심영어문법바로찾아쓰는,IH-ALADIN-9791161509280,핵심 영어 문법 (스프링) - 바로 찾아 쓰는
9791156351443,크리스마스캐럴achristmascarol개정판,IH-ALADIN-9791156351443,크리스마스 캐럴 A Christmas Carol (교재 1권 + MP3 다운로드) - 개정판
9791196629502,5분구이영어기초의비법step1문법용어편,IH-ALADIN-9791196629502,5분구이영어 기초의비법 Step1 - 문법용어편
9791138325929,하루1문1답영어말하기의기적확장편1분영어말하기스피킹트레이닝,IH-ALADIN-9791138325929,하루 1문 1답 영어 말하기의 기적 확장편 - 1분 영어 말하기 스피킹 트레이닝
9791176090278,100발100중기출문제집고등공통영어22학기통합본비상홍민표,IH-ALADIN-9791176090278,100발 100중 기출문제집 고등 공통영어 2 2학기 통합본 비상 홍민표 (2026년)
9791174681706,영어의bornagain기출변형n제,IH-ALADIN-9791174681706,영어의 Born Again : 기출 변형 N제
9788961849531,누구나영어로가르칠수있다개정증보판,IH-ALADIN-9788961849531,누구나 영어로 가르칠 수 있다 - 개정증보판
9791156351139,안네의일기thediaryofayounggirl,IH-ALADIN-9791156351139,안네의 일기 The Diary of a Young Girl (교재 1권 + MP3 다운로드)
9788968170362,중세영어역사문법문헌,IH-ALADIN-9788968170362,중세영어 : 역사.문법.문헌
9791191293081,팬덤스킬모의고사수능모평전국연합4개년고3영어,IH-ALADIN-9791191293081,팬덤 스킬 모의고사 수능 + 모평 전국연합 4개년 고3 영어 (2021년)
9788954765503,ebseltbigcatdinosaurrock,IH-ALADIN-9788954765503,EBS ELT Big Cat (Band 1) DINOSAUR ROCK
9791175241374,초판본노인과바다미니미니키링북,IH-ALADIN-9791175241374,초판본 노인과 바다 미니미니 키링북 (영문판)
9791156922766,toeicrcgrammar유형별정리,IH-ALADIN-9791156922766,TOEIC RC Grammar 유형별 정리 (Part 5.6)
9791155863848,yk공무원영어01grammar,IH-ALADIN-9791155863848,YK 공무원 영어 01 : GRAMMAR
9791155865712,yk공무원영어02readingexpressionvocabulary,IH-ALADIN-9791155865712,YK 공무원 영어 02 : Reading / Expression / Vocabulary
9788954765510,ebseltbigcatnipnip,IH-ALADIN-9788954765510,EBS ELT Big Cat (Band 1) NIP! NIP!
9791176090308,100발100중기출문제집고등공통영어22학기통합본천재강상구,IH-ALADIN-9791176090308,100발 100중 기출문제집 고등 공통영어 2 2학기 통합본 천재 강상구 (2026년)
9788961844000,삼위일체기본영문법,IH-ALADIN-9788961844000,삼위일체 기본 영문법
9788954765527,ebseltbigcatoopsowl,IH-ALADIN-9788954765527,"EBS ELT Big Cat (Band 1) OOPS, OWL!"
9788961980425,rescuedogs,IH-ALADIN-9788961980425,Rescue Dogs (책 + CD 1장)
9788971729762,지성인을위한리딩컬처북3자연과학영문독해,IH-ALADIN-9788971729762,지성인을 위한 리딩 컬처북 3 : 자연과학 영문독해
9791186335086,매일잠깐영어esn세트전4권,IH-ALADIN-9791186335086,매일 잠깐영어 ESN 세트 - 전4권
9791191648515,단계영어잭과콩나무5단계로술술읽히는영어원서,IH-ALADIN-9791191648515,단계 영어 : 잭과 콩나무 - 5단계로 술술 읽히는 영어원서
9791167640017,손태진공무원영어뽀개기구문개념부터실전까지한권으로마스터한다,IH-ALADIN-9791167640017,손태진 공무원 영어 뽀개기 : 구문 - 개념부터 실전까지 한 권으로 마스터한다!
9788964358535,englishbusstarter1tg,IH-ALADIN-9788964358535,English Bus Starter 1 TG
9788971728888,최신토익급상승2part5610회분최근토익출제경향을그대로반영한출제예상문제수록,IH-ALADIN-9788971728888,최신 토익 급상승 2 Part 5&6 10회분 - 최근 토익 출제경향을 그대로 반영한 출제 예상 문제 수록
9791196629519,5분구이영어기초의비법step2문법개념편,IH-ALADIN-9791196629519,5분구이영어 기초의비법 Step2 - 문법개념편
9791188974016,thankyougrammarwriting세트전8권,IH-ALADIN-9791188974016,Thank You Grammar Writing 세트 - 전8권
9791175241435,초판본피터래빗이야기1미니미니키링북,IH-ALADIN-9791175241435,초판본 피터래빗 이야기 1 미니미니 키링북 (영문판)
9791124084557,동물농장조지오웰animalfarm,IH-ALADIN-9791124084557,"동물농장, 조지 오웰 : Animal Farm"
9791191643015,에스페란토직독직해어린왕자,IH-ALADIN-9791191643015,에스페란토 직독직해 어린 왕자
9788958243335,영어는놀이다인생의차이를만드는영어놀이법,IH-ALADIN-9788958243335,영어는 놀이다 - 인생의 차이를 만드는 영어 놀이법
9791127259082,pod영어소설로배우는영어의맛1문장마법사전치사자유자재로쓰기,IH-ALADIN-9791127259082,[POD] 영어소설로 배우는 영어의 맛 1 : 문장마법사 전치사 자유자재로 쓰기
9791175242432,피터래빗이야기1미니미니키링북,IH-ALADIN-9791175242432,피터 래빗 이야기 1 미니미니 키링북 (영문판)
9791191648485,단계영어백설공주5단계로술술읽히는영어원서,IH-ALADIN-9791191648485,단계 영어 : 백설공주 - 5단계로 술술 읽히는 영어원서
9788961980272,prudencefromperu,IH-ALADIN-9788961980272,Prudence From Peru (책 + CD 1장)
9791175242555,노인과바다미니미니키링북,IH-ALADIN-9791175242555,노인과 바다 미니미니 키링북 (영문판)
9788900491364,특급내신템교과서완성편중학영어22이병민교과서집필진이개발한특별한내신아이템,IH-ALADIN-9788900491364,특급내신템 교과서 완성편 중학 영어 2-2 이병민 (2026년) - 교과서 집필진이 개발한 특별한 내신 아이템
9791176023283,9월대비전국연합학력평가기출모의고사3개년고1영어2022개정교육과정반영9월기출전문항수록기말고사및전국연합학력평가대비,IH-ALADIN-9791176023283,"9월 대비 전국연합 학력평가 기출 모의고사 3개년 고1 영어 (2026년) - 2022 개정 교육과정 반영, 9월 기출 전 문항 수록, 기말고사 및 전국연합학력평가 대비"
9791176023450,9월대비전국연합학력평가기출모의고사4개년12회고1국수영2022개정교육과정반영,IH-ALADIN-9791176023450,9월 대비 전국연합 학력평가 기출 모의고사 4개년 12회 고1 국수영 (국어+수학+영어) (2026년) - 2022 개정 교육과정 반영
9791176090254,100발100중기출문제집고등공통영어22학기통합본능률오선영,IH-ALADIN-9791176090254,100발 100중 기출문제집 고등 공통영어 2 2학기 통합본 능률 오선영 (2026년)
9791176090292,100발100중기출문제집고등공통영어22학기통합본천재조수경,IH-ALADIN-9791176090292,100발 100중 기출문제집 고등 공통영어 2 2학기 통합본 천재 조수경 (2026년)
9791175856202,9월대비7개년모의고사고2영어2022개정교육과정반영9월학력평가및기말고사내신대비,IH-ALADIN-9791175856202,"9월 대비 7개년 모의고사 고2 영어 (2026년) - 2022 개정 교육과정 반영, 9월 학력평가 및 기말고사 내신 대비"
9791175856165,9월대비3개년모의고사고2영어2022개정교육과정,IH-ALADIN-9791175856165,9월 대비 3개년 모의고사 고2 영어 (2026년) - 2022 개정 교육과정
9791175856172,9월대비4개년모의고사고2영어2022개정교육과정,IH-ALADIN-9791175856172,9월 대비 4개년 모의고사 고2 영어 (2026년) - 2022 개정 교육과정
9791175856189,9월대비5개년모의고사고2영어2022개정교육과정,IH-ALADIN-9791175856189,9월 대비 5개년 모의고사 고2 영어 (2026년) - 2022 개정 교육과정
9791175856196,9월대비6개년모의고사고2영어2022개정교육과정전국연합학력평가중간기말대비필수교재,IH-ALADIN-9791175856196,"9월 대비 6개년 모의고사 고2 영어 (2026년) - 2022 개정 교육과정, 전국연합 학력평가·중간/기말 대비 필수교재"
9791176023290,9월대비전국연합학력평가기출모의고사4개년고1영어2022개정교육과정반영9월기출전문항수록기말고사및전국연합학력평가대비,IH-ALADIN-9791176023290,"9월 대비 전국연합 학력평가 기출 모의고사 4개년 고1 영어 (2026년) - 2022 개정 교육과정 반영, 9월 기출 전 문항 수록, 기말고사 및 전국연합학력평가 대비"
9791176023764,9월대비전국연합학력평가기출모의고사3개년고2영어2022개정교육과정,IH-ALADIN-9791176023764,9월 대비 전국연합 학력평가 기출 모의고사 3개년 고2 영어 (2026년) - 2022 개정 교육과정
9791176023443,9월대비전국연합학력평가기출모의고사3개년9회고1국수영2022개정교육과정반영,IH-ALADIN-9791176023443,9월 대비 전국연합 학력평가 기출 모의고사 3개년 9회 고1 국수영 (국어+수학+영어) (2026년) - 2022 개정 교육과정 반영
9791176023771,9월대비전국연합학력평가기출모의고사4개년고2영어2022개정교육과정반영,IH-ALADIN-9791176023771,9월 대비 전국연합 학력평가 기출 모의고사 4개년 고2 영어 (2026년) - 2022 개정 교육과정 반영
9791176023023,9월대비전국연합학력평가기출모의고사1개년3회고2국수영2022개정교육과정반영,IH-ALADIN-9791176023023,9월 대비 전국연합 학력평가 기출 모의고사 1개년 3회 고2 국수영 (국어+수학+영어) (2026년) - 2022 개정 교육과정 반영
9791124281956,교사용중등교과서별영문법워크북22비상,IH-ALADIN-9791124281956,[교사용] 중등 교과서별 영문법 워크북 2-2 비상(황종배) (스프링)
9791176040303,중학영어2학년2학기내신대비grammarybm개정판,IH-ALADIN-9791176040303,중학영어 2학년 2학기 내신 대비 Grammar (중간/기말) YBM(김은형) - 개정판
9791176040259,중학영어2학년2학기내신대비grammar비상개정판,IH-ALADIN-9791176040259,중학영어 2학년 2학기 내신 대비 Grammar (중간/기말) 비상(황종배) - 개정판
9791176040242,중학영어2학년2학기내신대비grammar지학사개정판,IH-ALADIN-9791176040242,중학영어 2학년 2학기 내신 대비 Grammar (중간/기말) 지학사(송미정) - 개정판
9791176040310,중학영어2학년2학기내신대비grammarne능률개정판,IH-ALADIN-9791176040310,중학영어 2학년 2학기 내신 대비 Grammar (중간/기말) NE능률(김기택) - 개정판
9791176040273,중학영어2학년2학기내신대비grammar동아개정판,IH-ALADIN-9791176040273,중학영어 2학년 2학기 내신 대비 Grammar (중간/기말) 동아(이병민) - 개정판
9791129718273,풀어서외우는영단어예비고,IH-ENG-11587,풀어서 외우는 영단어 예비고
9791169665308,2026심우철실전동형모의고사season1,IH-ALADIN-9791169665308,2026 심우철 실전 동형 모의고사 Season 1
9788974578299,미국교과서읽는리딩easy1초중학생용,IH-ALADIN-9788974578299,미국교과서 읽는 리딩 Easy 1 (교재 + 워크북) - 초.중학생용(초급과정)
9788974890421,mantoman기본영어2개정판,IH-ALADIN-9788974890421,Man to Man 기본영어 2 - 개정판
9791169665032,2026심우철하프모의고사season280공무원영어,IH-ALADIN-9791169665032,2026 심우철 하프 모의고사 Season 2 : 80+ - 공무원 영어
9788968060489,문법의골든룰101고등영어문법만점에꼭필요한101가지적용법,IH-ALADIN-9788968060489,문법의 골든룰 101 - 고등 영어 문법 만점에 꼭 필요한 101가지 적용법
9791129713773,메가스터디n제고1영어229제2022개정교육과정내신학평완벽대비1등급필수문제집,IH-ALADIN-9791129713773,"메가스터디 N제 고1 영어 229제 (2026년용) - 2022 개정 교육과정, 내신·학평 완벽 대비 1등급 필수 문제집"
9788968060458,오답백서ebs비연계만점공략,IH-ALADIN-9788968060458,오답백서 - EBS 비연계 만점공략
9791169665421,2026심슨구문,IH-ALADIN-9791169665421,2026 심슨 구문
9791165759858,100발100중기출문제집1학기중간고사중2영어천재이상기2022개정교육과정,IH-ALADIN-9791165759858,100발 100중 기출문제집 1학기 중간고사 중2 영어 천재 이상기 (2026년) - 2022 개정 교육과정
9791169400022,그래머타파grammartapalevel3핵심문법으로격파하는중학영문법특강,IH-ALADIN-9791169400022,"그래머 타파 Grammar TAPA Level 3 - 핵심 문법으로 격파하는, 중학 영문법 특강"
9788968983900,리얼오리지널수능필수영단어voca5000하루60개씩84일완성한손에쏙들어오는미니단어장,IH-ALADIN-9788968983900,리얼 오리지널 수능 필수 영단어 VOCA 5000 (2026년용) - 하루 60개씩 84일 완성 한손에 쏙 들어오는 미니 단어장
9788961984874,wordmax53003,IH-ALADIN-9788961984874,Word Max 5300 3
9788965425847,hackersapexvocaforthetoeflibtnewtoefleditionvocabulary들으면서외우는mp3무료다운로드,IH-ALADIN-9788965425847,HACKERS APEX VOCA for the TOEFL iBT - New TOEFL Edition | Vocabulary | 들으면서 외우는 MP3 무료 다운로드(QR코드 포함)
9791165758158,100발100중기출문제집1학기기말고사중1영어동아이병민2022개정교육과정,IH-ALADIN-9791165758158,100발 100중 기출문제집 1학기 기말고사 중1 영어 동아 이병민 (2026년용) - 2022 개정 교육과정
9791163037675,바빠영어신문newstimes환경과학편하루30분영어문해력이자라는신문읽기의힘,IH-ALADIN-9791163037675,"바빠 영어 신문 NEWS TIMES : 환경, 과학편 - 하루 30분, 영어 문해력이 자라는 신문 읽기의 힘"
9788986451191,성문종합영어단어숙어집,IH-ALADIN-9788986451191,성문 종합영어 단어.숙어집 (2023년 개정판)
9788966530984,coolgrammar중학영문법3,IH-ALADIN-9788966530984,COOL Grammar 중학 영문법 3
9791166091827,마법같은블록구문고등영어실전편,IH-ALADIN-9791166091827,마법같은 블록구문 고등영어 실전편 (2026년용)
9791164068487,기적의직독직해80wordsa끊어읽기로빠르고정확한독해완성하기,IH-ALADIN-9791164068487,기적의 직독직해 : 80 words A - 끊어 읽기로 빠르고 정확한 독해 완성하기
9791155818633,horriblesciencechemicalchaos처음만나는과학영어수업스콜라스틱윌북영어원서리딩프로젝트,IH-ALADIN-9791155818633,Horrible Science - Chemical Chaos: 처음 만나는 과학 영어 수업 (화학) - 스콜라스틱×윌북 영어 원서 리딩 프로젝트
9791165759513,100발100중기출문제집2학기기말고사중1영어동아이병민2022개정교육과정,IH-ALADIN-9791165759513,100발 100중 기출문제집 2학기 기말고사 중1 영어 동아 이병민 (2026년용) - 2022 개정 교육과정
9788994283371,쭉쭉읽어라중학초급2023개정직독직해의기적,IH-ALADIN-9788994283371,"쭉쭉 읽어라 중학 초급 - 2023 개정, 직독직해의 기적!"
9788968061240,reading16level1,IH-ALADIN-9788968061240,Reading 16 Level 1
9788926164570,구조독해4,IH-ALADIN-9788926164570,구조독해 4
9788965425441,hackersapexlisteningforthetoeflibtadvancednewtoefledition해설집mp3무료다운로드,IH-ALADIN-9788965425441,HACKERS APEX LISTENING for the TOEFL iBT Advanced - NEW TOEFL Edition | 해설집·MP3 무료 다운로드(QR코드 포함)
9791125970187,바로읽는구문독해level3중학부터시작하는수능구문첫걸음,IH-ALADIN-9791125970187,바로 읽는 구문 독해 Level 3 - 중학부터 시작하는 수능 구문 첫걸음
9791165971298,basicenglishgrammar한국어판1피어슨영문법한국어판,IH-ALADIN-9791165971298,Basic English Grammar 한국어판 1 - 피어슨 영문법 한국어판
9791165758691,100발100중기출문제집2학기중간고사중1영어ybm박준언,IH-ALADIN-9791165758691,100발 100중 기출문제집 2학기 중간고사 중1 영어 YBM 박준언 (2026년용)
9788968983610,리얼오리지널하루20분30일완성미니모의고사고1영어수능기출전국연합학력평가,IH-ALADIN-9788968983610,리얼 오리지널 하루 20분 30일 완성 미니 모의고사 고1 영어 (2026년용) - 수능기출 전국연합 학력평가
9788917237924,booster어법어휘수능영어1등급프로젝트,IH-ALADIN-9788917237924,Booster 어법어휘 - 수능영어 1등급 프로젝트
9791165759018,100발100중기출문제집최종점검2학기전과정중1영어미래엔문영인,IH-ALADIN-9791165759018,100발 100중 기출문제집 최종점검 2학기 전과정 중1 영어 미래엔 문영인 (2026년용)
9788954796781,ebsi2028학년도수능대비강의노트수능개념영어박재창의bettery독해력한권으로풀충전,IH-ALADIN-9788954796781,"EBSi 2028학년도 수능 대비 강의노트 수능개념 영어 박재창의 BETTERY 독해력, 한 권으로 풀충전 (2026년)"
9788917238136,benchmarkreading51lexile공식인증초등리딩시리즈교재워크북qrmp3음원,IH-ALADIN-9788917238136,Benchmark Reading 5.1 - Lexile 공식 인증 초등 리딩 시리즈 / 교재 + 워크북 + QR MP3 음원
9791159704017,리스닝타파listeningtapalevel3유형으로격파하는중학듣기특강서,IH-ALADIN-9791159704017,리스닝 타파 Listening TAPA Level 3 - 유형으로 격파하는 중학 듣기 특강서
9791125966203,똑똑한하루reading4a6학년영어매일쌓이는영어기초력,IH-ALADIN-9791125966203,똑똑한 하루 Reading 4A : 6학년 영어 - 매일 쌓이는 영어 기초력
9791156775706,워드타파wordtapalevel2중학영단어40일완성,IH-ALADIN-9791156775706,워드타파 Word TAPA Level 2 - 중학 영단어 40일 완성
9791165758431,100발100중기출문제집2학기중간고사중3영어비상김진완,IH-ALADIN-9791165758431,100발 100중 기출문제집 2학기 중간고사 중3 영어 비상 김진완 (2026년용)
9791166082955,씨뮬14th69수능평가원4년간수능기출모의고사고3영어,IH-ALADIN-9791166082955,씨뮬 14th 6·9·수능 평가원 4년간 수능 기출 모의고사 고3 영어 (2026년)
9788961982818,readingforvocabularypluslevelb,IH-ALADIN-9788961982818,Reading for Vocabulary Plus Level B
9791162730317,pointgrammar3,IH-ALADIN-9791162730317,Point Grammar 3 (SB + WB + AK)
9788968060953,리딩플랫폼1intro중학내신및수험영어독해의기초실력다지기,IH-ALADIN-9788968060953,리딩 플랫폼 1 : Intro - 중학 내신 및 수험영어독해의 기초실력 다지기
9788927781028,vocaplanner고등필수나만의주제별영단어학습플래너,IH-ALADIN-9788927781028,VOCA Planner 고등 필수 (확장판) - 나만의 주제별 영단어 학습 플래너
9791125350972,수능1up간접연계소재편고23수능영어1등급올려주는상위권수능독해서,IH-ALADIN-9791125350972,"수능 1 Up 간접연계 소재편 - 고2~3, 수능 영어 1등급 올려주는 상위권 수능 독해서"
9788960370678,newplusphonicsworkbookc,IH-ALADIN-9788960370678,New Plus Phonics : Workbook C
9788917238785,grammarnowplus1,IH-ALADIN-9788917238785,Grammar Now Plus 1
9788917239713,readingprime4개정판,IH-ALADIN-9788917239713,Reading Prime 4 - 개정판
9791165759049,100발100중기출문제집최종점검2학기전과정중1영어ybm김은형,IH-ALADIN-9791165759049,100발 100중 기출문제집 최종점검 2학기 전과정 중1 영어 YBM 김은형 (2026년용)
9788981275105,미녀와야수grade3,IH-ALADIN-9788981275105,미녀와 야수 - Grade 3
9788968983634,리얼오리지널하루20분30일완성미니모의고사고3영어수능기출전국연합학력평가,IH-ALADIN-9788968983634,리얼 오리지널 하루 20분 30일 완성 미니 모의고사 고3 영어 (2026년용) - 수능기출 전국연합 학력평가
9791169512978,alistvoca1초등기본본책어휘쓰기장어휘암기장freeapp,IH-ALADIN-9791169512978,A*List VOCA 1 초등 기본 - 본책 + 어휘 쓰기장 + 어휘 암기장 + Free App
9788968840197,newplusphonicsstudentbookc,IH-ALADIN-9788968840197,NEW Plus Phonics Student Book C (책 + MP3 CD 1장)
9788994946016,ilovephonics2shortvowelslongvowels,IH-ALADIN-9788994946016,"I Love Phonics 2 (책 + CD 1장) - Short Vowels, Long Vowels"
9791196172718,팬덤영문법실력편유형으로마스터하는고등어법,IH-ALADIN-9791196172718,팬덤 영문법 : 실력편 - 유형으로 마스터하는 고등 어법
9788920024511,영국문학의이해,IH-ALADIN-9788920024511,영국문학의 이해 (워크북 포함)
9788954767446,ebselteasylearningspellinggrammarpunctuation1,IH-ALADIN-9788954767446,"EBS ELT Easy Learning (Book 5) Spelling, Grammar & Punctuation 1"
9791196302481,팬덤영문법워밍업편유형으로마스터하는고등어법,IH-ALADIN-9791196302481,팬덤 영문법 : 워밍업편 - 유형으로 마스터하는 고등 어법
9791155819203,horriblesciencenastynature처음만나는과학영어수업스콜라스틱윌북영어원서리딩프로젝트,IH-ALADIN-9791155819203,Horrible Science - Nasty Nature : 처음 만나는 과학 영어 수업 (생명과학) - 스콜라스틱×윌북 영어 원서 리딩 프로젝트
9788927790860,talktome12ndedition,IH-ALADIN-9788927790860,Talk to Me 1 - 2nd Edition
9791125351979,달곰한sentencewritinglevel4,IH-ALADIN-9791125351979,달곰한 Sentence Writing LEVEL 4
9791198920171,thisisvocabulary고등편,IH-ALADIN-9791198920171,This is Vocabulary 고등편
9791164065820,미국교과서readinglevel4세트전3권문제의차이가영어실력의차이통합사고논픽션리딩프로그램,IH-ALADIN-9791164065820,"미국교과서 READING Level 4 세트 - 전3권 - 문제의 차이가 영어실력의 차이, 통합사고 논픽션 리딩 프로그램"
9788927704331,1주체험미국초등학교수업듣기,IH-ALADIN-9788927704331,1주 체험 미국 초등학교 수업 듣기
9791155819197,horriblescienceevolveordie처음만나는과학영어수업스콜라스틱윌북영어원서리딩프로젝트,IH-ALADIN-9791155819197,Horrible Science - Evolve or Die: 처음 만나는 과학 영어 수업 (생명과학) - 스콜라스틱×윌북 영어 원서 리딩 프로젝트
9788971074688,탑,IH-ALADIN-9788971074688,탑
9791169416993,2026나두공9급공무원영어개념서,IH-ALADIN-9791169416993,2026 나두공 9급 공무원 영어 개념서
9791169417099,2026나두공9급공무원영어써머리노트,IH-ALADIN-9791169417099,2026 나두공 9급 공무원 영어 써머리노트
9788927790877,talktome22ndedition,IH-ALADIN-9788927790877,Talk to Me 2 - 2nd Edition
9791169665476,2026심우철실전동형모의고사season2,IH-ALADIN-9791169665476,2026 심우철 실전 동형 모의고사 Season 2
9791161652054,thisisvocabulary중급어휘의실력을쌓는최신개정판,IH-ALADIN-9791161652054,"This is Vocabulary 중급 - 어휘의 실력을 쌓는, 최신개정판"
9788965424673,해커스수능독해불변의패턴실전편모의고사15회수능1등급을완성하는영어독해실전서l해커스불패,IH-ALADIN-9788965424673,해커스 수능 독해 불변의 패턴 실전편 모의고사 15회 - 수능 1등급을 완성하는 영어독해 실전서 l 해커스 불패
9791125335078,천문장기본구문이독해로연결되는해석공식,IH-ALADIN-9791125335078,천문장 기본 - 구문이 독해로 연결되는 해석 공식
9788974576462,미국교과서읽는리스닝스피킹preschool예비과정편1유초등생용,IH-ALADIN-9788974576462,미국교과서 읽는 리스닝 & 스피킹 Preschool 예비과정편 1 (Student Book + Workbook + Audio QR code) - 유.초등생용
9788900487404,특급기출중학영어311학기통합동아윤정미2015개정교육과정중학영어교과서채택율1위,IH-ALADIN-9788900487404,"특급기출 중학 영어 3-1 1학기 통합 동아 윤정미 (2026년) - 2015 개정 교육과정, 중학 영어 교과서 채택율 1위"
9791138914109,리딩마스터readingmaster중등level1수능내신,IH-ALADIN-9791138914109,리딩 마스터 Reading master 중등 Level 1 (2026년용) - 수능+내신
9791125342960,the상승직독직해편독해기본기에서수능실전대비까지,IH-ALADIN-9791125342960,The 상승 직독직해편 - 독해 기본기에서 수능 실전 대비까지
9788954761567,ebs마이그래머코치mygrammarcoach내신기출n제중1중학내신영문법의결정판,IH-ALADIN-9788954761567,EBS 마이 그래머 코치 My Grammar Coach 내신기출 N제 중1 (2025년용) - 중학 내신 영문법의 결정판
9791194320234,2026성정혜영어우선순위문법피드백300제,IH-ALADIN-9791194320234,2026 성정혜 영어 우선순위 문법 피드백 300제
9791164065677,초등필수영어표현무작정따라하기듣고말하고쓰면서익히는교과서회화표현,IH-ALADIN-9791164065677,초등 필수 영어표현 무작정 따라하기 - 듣고 말하고 쓰면서 익히는 교과서 회화표현
9791125970194,바로읽는배경지식독해level1중학부터시작하는수능독해첫걸음,IH-ALADIN-9791125970194,바로 읽는 배경지식 독해 Level 1 - 중학부터 시작하는 수능 독해 첫걸음
9788998454388,thevoca플러스5완전개정판고1고2대상,IH-ALADIN-9788998454388,"The Voca+ 플러스 5 - 완전개정판, 고1~고2 대상"
9788968984198,리얼오리지널전국연합학력평가3개년기출모의고사12회고1영어,IH-ALADIN-9788968984198,리얼 오리지널 전국연합 학력평가 3개년 기출 모의고사 12회 고1 영어 (2026년)
9791125947776,letsgototheenglishworld1c2ndedition,IH-ALADIN-9791125947776,Let's Go to the English World 1C - 2nd Edition
9791165759001,100발100중기출문제집최종점검2학기전과정중1영어능률김기택,IH-ALADIN-9791165759001,100발 100중 기출문제집 최종점검 2학기 전과정 중1 영어 능률 김기택 (2026년용)
9791164068463,기적의직독직해120a끊어읽기로빠르고정확한독해완성하기,IH-ALADIN-9791164068463,기적의 직독직해 120A - 끊어 읽기로 빠르고 정확한 독해 완성하기
9788992334464,iamgrammarplus3,IH-ALADIN-9788992334464,I am Grammar Plus 3
9791197681004,혼공기초구문l1,IH-ALADIN-9791197681004,혼공 기초 구문 L1
9788967908461,grammar공감withworkbooklevel3새교과서학습내용을반영한중등내신완벽대비서,IH-ALADIN-9788967908461,Grammar 공감 with Workbook Level 3 - 새 교과서 학습 내용을 반영한 중등 내신 완벽 대비서
9788998454395,thevoca플러스6완전개정판고2수험대비대상,IH-ALADIN-9788998454395,"The Voca+ 플러스 6 - 완전개정판, 고2~수험 대비 대상"
9788927751984,readingvoyagebasic1,IH-ALADIN-9788927751984,Reading Voyage Basic 1
9791129702852,메가스터디초등영문법level32015개정교육과정,IH-ALADIN-9791129702852,메가스터디 초등 영문법 Level 3 - 2015 개정 교육과정
9788965425922,hackersreadingpathmasterlevel1apathtoreadingskillmastery,IH-ALADIN-9788965425922,Hackers Reading Path Master Level 1 - A Path to Reading Skill Mastery
9791197993015,thisisgrammarstarter4판완전개정판,IH-ALADIN-9791197993015,This Is Grammar Starter - 4판 완전 개정판
9791186031193,stepvocastarter1초등예비중,IH-ALADIN-9791186031193,STEP VOCA Starter 1 - 초등 ~ 예비중
9791125966289,똑똑한하루grammar2a4학년영어매일매일쌓이는영어기초력,IH-ALADIN-9791125966289,똑똑한 하루 Grammar 2A : 4학년 영어 - 매일매일 쌓이는 영어 기초력
9788965426622,hackersreadingpathlevel1withworkbookapathtoadvancedreadingskills,IH-ALADIN-9788965426622,Hackers Reading Path Level1 [with workbook] - A Path to Advanced Reading Skills
9791188228362,longmanreadingmentorjoy2,IH-ALADIN-9791188228362,Longman Reading Mentor Joy 2 (최신개정판)
9788968984211,리얼오리지널전국연합학력평가3개년기출모의고사12회고2영어,IH-ALADIN-9788968984211,리얼 오리지널 전국연합 학력평가 3개년 기출 모의고사 12회 고2 영어 (2026년)
9791186031209,stepvocastarter2예비중중1,IH-ALADIN-9791186031209,STEP VOCA Starter 2 - 예비중 ~ 중1
9788926164587,구조독해5,IH-ALADIN-9788926164587,구조독해 5
9791164065431,미국교과서readinglevel23문제의차이가영어실력의차이통합사고논픽션리딩프로그램,IH-ALADIN-9791164065431,"미국교과서 READING Level 2-3 - 문제의 차이가 영어실력의 차이, 통합사고 논픽션 리딩 프로그램"
9791161652610,thisisvocabulary어원편mp3무료다운로드모바일보카테스트제공최신개정판,IH-ALADIN-9791161652610,"This is Vocabulary 어원편 - MP3 무료 다운로드, 모바일 보카 테스트 제공, 최신개정판"
9791169513555,alistgrammar중학기초2,IH-ALADIN-9791169513555,A*list Grammar 중학 기초 2
9788968984082,리얼오리지널전국연합학력평가기출변형고1영어2026년변형문제pdf제공,IH-ALADIN-9788968984082,리얼 오리지널 전국연합 학력평가 기출 변형 고1 영어 (2026년) - 2026년 변형문제 PDF 제공
9788954799249,ebsreadingpower중학level3영독해20일단기완성,IH-ALADIN-9788954799249,EBS Reading POWER 중학 LEVEL 3 (2026년) - 영독해 20일 단기 완성
9791165971113,독해를싹levelstarterwith단어문법,IH-ALADIN-9791165971113,독해를 싹(리딩싹) LEVEL Starter with 단어+문법
9788926990247,myvoca1800level2,IH-ALADIN-9788926990247,MY VOCA 1800 Level 2
9791186924518,grammarjoy초등보카1,IH-ALADIN-9791186924518,Grammar joy 초등 보카 1
9791188879069,쓰방중등실력편쓰다보면한방에암기,IH-ALADIN-9791188879069,쓰방 중등 실력편 - 쓰다보면 한방에 암기
9791169662628,2025주간김수환season1공무원영어,IH-ALADIN-9791169662628,2025 주간 김수환 SEASON 1 - 공무원 영어
9791194320364,성정혜영어문법sab전략시간을벌어주는출제빈도별풀이전략,IH-ALADIN-9791194320364,성정혜 영어 문법 SAB 전략 - 시간을 벌어 주는 출제 빈도별 풀이 전략
9791174100290,내신콘서트중학영어기출문제집2학기중간고사중3능률김성곤,IH-ALADIN-9791174100290,내신콘서트 중학영어 기출문제집 2학기 중간고사 중3 능률 김성곤 (2026년용)
9791137287440,등급별수능논문3300단어,IH-ALADIN-9791137287440,등급별 수능 + 논문 3300 단어
9791124294031,1일1강서술형완성level1,IH-ALADIN-9791124294031,1일 1강 서술형 완성 Level 1
9791124294048,1일1강서술형완성level2,IH-ALADIN-9791124294048,1일 1강 서술형 완성 Level 2
9791124294055,1일1강서술형완성level3,IH-ALADIN-9791124294055,1일 1강 서술형 완성 Level 3
9791171731299,교사용교과서기출어법비상중22,IH-ALADIN-9791171731299,[교사용] 교과서 기출어법 비상(황종배) 중2-2 (스프링)
9791171731282,교과서기출어법비상중22,IH-ALADIN-9791171731282,교과서 기출어법 비상(황종배) 중2-2 (스프링)
9791171731343,교과서기출어법지학중22,IH-ALADIN-9791171731343,교과서 기출어법 지학(송미정) 중2-2 (스프링)
9791171731350,교사용교과서기출어법지학중22개정판,IH-ALADIN-9791171731350,[교사용] 교과서 기출어법 지학(송미정) 중2-2 (스프링) - 개정판
9791171731213,교사용교과서기출어법미래중22개정판,IH-ALADIN-9791171731213,[교사용] 교과서 기출어법 미래(문영인) 중2-2 (스프링) - 개정판
9791171731206,교과서기출어법미래중22개정판,IH-ALADIN-9791171731206,교과서 기출어법 미래(문영인) 중2-2 (스프링) - 개정판
9791176492409,2027박문각공무원진가영영어988데일리모의고사시즌1기본완성공무원9급영어시험대비데일리모의고사,IH-ALADIN-9791176492409,2027 박문각 공무원 진가영 영어 9·8·8 데일리 모의고사 시즌1 [기본 완성] - 공무원 9급 영어 시험 대비 데일리 모의고사
9791168182660,짱플러스잉글리쉬전2권개정4판,IH-ALADIN-9791168182660,짱플러스 잉글리쉬 - 전2권 - 개정 4판
9791194588405,김재운캐칭영어기본서전2권개정2판,IH-ALADIN-9791194588405,김재운 캐칭 영어 기본서 - 전2권 - 개정 2판
9791143601742,ebse보카중학기본,IH-ENG-12155,EBS E보카 중학 기본
9791143601759,ebse보카중학실력,IH-ENG-12156,EBS E보카 중학 실력
9791143601766,ebse보카중학고난도,IH-ENG-12157,EBS E보카 중학 고난도
9788954795388,ebs올림포스전국연합학력평가기출문제집영어독해기출로개념잡고내신잡자,IH-ALADIN-9788954795388,EBS 올림포스 전국연합학력평가 기출문제집 영어독해(고2) (2026년) - 기출로 개념 잡고 내신 잡자!
9791165757496,100발100중기출문제집1학기중간고사중1영어동아윤정미,IH-ALADIN-9791165757496,100발 100중 기출문제집 1학기 중간고사 중1 영어 동아 윤정미 (2026년용)
9788994521657,preparationbookforthetoefljuniortestrcadvancedfocusonquestiontypes,IH-ALADIN-9788994521657,Preparation Book for the TOEFL Junior Test RC Advanced - Focus on Question Types
9788961984867,wordmax53002,IH-ALADIN-9788961984867,Word Max 5300 2
9791165982935,리스닝마스터listeningmaster영어듣기모의고사40회수능영어고득점을위한듣기훈련서,IH-ALADIN-9791165982935,리스닝 마스터 Listening Master 영어듣기 모의고사 40회 (2026년용) - 수능 영어 고득점을 위한 듣기 훈련서
9788900433159,중학리딩클리어readingclearlevel2,IH-ALADIN-9788900433159,중학 리딩 클리어 Reading Clear Level 2
9791125307990,readingforwardintermediate2,IH-ALADIN-9791125307990,Reading Forward Intermediate 2
9791125324881,grammarbean4withworkbook,IH-ALADIN-9791125324881,Grammar Bean 4 - With Workbook
9791125329374,grammarten기초1,IH-ALADIN-9791125329374,Grammar Ten 기초 1
9791157684540,가장쉬운알파벳쓰기하루한장의기적영어알파벳을가장쉽고빠르게완성,IH-ALADIN-9791157684540,가장 쉬운 알파벳 쓰기 하루 한 장의 기적 - 영어 알파벳을 가장 쉽고 빠르게 완성
9788900433166,중학리딩클리어readingclearlevel3,IH-ALADIN-9788900433166,중학 리딩 클리어 Reading Clear Level 3
9791125307976,readingforwardbasic2,IH-ALADIN-9791125307976,Reading Forward Basic 2
9791125329381,grammarten기초2,IH-ALADIN-9791125329381,Grammar Ten 기초 2
9791125309734,리스닝버디2초등학생의영어친구,IH-ALADIN-9791125309734,리스닝 버디 2 - 초등학생의 영어 친구
9788992334440,iamgrammarplus1,IH-ALADIN-9788992334440,I am Grammar Plus 1
9791164065158,기적의영어문장만들기44형식문장단어블록연결로초등문법과작문을동시에해결,IH-ALADIN-9791164065158,기적의 영어문장 만들기 4 : 4형식 문장 - 단어 블록 연결로 초등 문법과 작문을 동시에 해결!
9791133722006,적중100plusred영어기출문제집레드중32동아윤정미2학기전과정,IH-ALADIN-9791133722006,적중 100 PLUS RED 영어 기출문제집 레드 중3-2 동아 윤정미 (2026년용) - 2학기 전과정
9788996692034,wordbugs워드벅스step3초등5학년,IH-ALADIN-9788996692034,Word Bugs 워드벅스 Step 3 - 초등 5학년
9788917305159,초등학교영어자습서평가문제집51최희경외2022개정교육과정,IH-ALADIN-9788917305159,초등학교 영어 자습서 & 평가문제집 5-1 : 최희경 외 - 2022 개정 교육과정
9791194158028,헤더진영어미라클voca9급국가직지방직서울시,IH-ALADIN-9791194158028,헤더진 영어 미라클 VOCA - 9급 국가직 / 지방직 / 서울시
9791165756666,100발100중고등구문독해해독제book1,IH-ALADIN-9791165756666,100발 100중 고등 구문 독해 해독제 BOOK 1
9791162370001,비법담은중학영문법특강편1,IH-ALADIN-9791162370001,비법 담은 중학 영문법 특강편 1
9791163032144,바쁜초등학생을위한빠른사이트워드1실생활회화문장으로익히는사이트워드학습법,IH-ALADIN-9791163032144,바쁜 초등학생을 위한 빠른 사이트 워드 1 - 실생활 회화 문장으로 익히는 사이트 워드 학습법
9788965426653,hackersreadingpathlevel4withworkbookapathtoadvancedreadingskills,IH-ALADIN-9788965426653,Hackers Reading Path Level4 [with workbook] - A path to advanced reading skills
9788994283296,우선순위영단어워크북중학교단어실력쑥쑥,IH-ALADIN-9788994283296,우선순위 영단어 워크북 (중학) (2022년) - 중학교 단어실력 쑥쑥
9788917305173,초등학교영어자습서평가문제집61최희경외2022개정교육과정,IH-ALADIN-9788917305173,초등학교 영어 자습서 & 평가문제집 6-1 : 최희경 외 - 2022 개정 교육과정
9791164065424,미국교과서readinglevel22문제의차이가영어실력의차이통합사고논픽션리딩프로그램,IH-ALADIN-9791164065424,"미국교과서 READING Level 2-2 - 문제의 차이가 영어실력의 차이, 통합사고 논픽션 리딩 프로그램"
9791194158301,헤더진영어미라클문법9급국가직지방직서울시,IH-ALADIN-9791194158301,헤더진 영어 미라클 문법 - 9급 국가직 / 지방직 / 서울시
9788986451252,성문영어기초완성,IH-ALADIN-9788986451252,성문 영어 기초 완성
9788917238662,boostervoca부스터보카교교내신편,IH-ALADIN-9788917238662,Booster VOCA 부스터 보카 교교내신 편
9791165758783,100발100중기출문제집최종점검2학기전과정중3영어천재정사열,IH-ALADIN-9791165758783,100발 100중 기출문제집 최종점검 2학기 전과정 중3 영어 천재 정사열 (2026년용)
9791164068746,기적의직독직해80words세트전2권끊어읽기로빠르고정확한독해완성하기,IH-ALADIN-9791164068746,기적의 직독직해 : 80 words 세트 - 전2권 - 끊어 읽기로 빠르고 정확한 독해 완성하기
9788967051709,워드브릿지3600step4심화편특목고대비어휘정복3600프로젝트,IH-ALADIN-9788967051709,워드 브릿지 3600 Step 4 심화편 - 특목고 대비 어휘정복 3600 프로젝트
9791171586691,중학영어1학년2학기내신대비grammar동아2022개정교육과정,IH-ALADIN-9791171586691,중학영어 1학년 2학기 내신 대비 Grammar (중간/기말) 동아(이병민) - 2022 개정 교육과정
9791168411180,올리드중등영어32미래엔교과서2015개정교육과정필수개념서,IH-ALADIN-9791168411180,"올리드 중등 영어 3-2 : 미래엔 교과서 (2026년용) - 2015 개정 교육과정, 필수 개념서"
9791125966326,똑똑한하루grammar4a6학년영어매일매일쌓이는영어기초력,IH-ALADIN-9791125966326,똑똑한 하루 Grammar 4A : 6학년 영어 - 매일매일 쌓이는 영어 기초력
9791164065462,미국교과서readinglevel33문제의차이가영어실력의차이통합사고논픽션리딩프로그램,IH-ALADIN-9791164065462,"미국교과서 READING Level 3-3 - 문제의 차이가 영어실력의 차이, 통합사고 논픽션 리딩 프로그램"
9791175505629,영어그림책한장면바꿔쓰기50아이의생각이영어문장이되는,IH-ALADIN-9791175505629,영어 그림책 한 장면 바꿔 쓰기 50 - 아이의 생각이 영어 문장이 되는
9791195114504,vocasystem고등필수편,IH-ALADIN-9791195114504,VOCA SYSTEM 고등필수편
9788962102512,levelupesptjuniorlevel2개정판,IH-ALADIN-9788962102512,Level Up ESPT Junior Level 2 - 개정판
9788917243925,boostervoca부스터보카중등기본,IH-ALADIN-9788917243925,Booster VOCA 부스터 보카 중등 기본
9788926167113,중학생을위한문제로문법완성2문제를풀다보면저절로완성되는영문법,IH-ALADIN-9788926167113,중학생을 위한 문제로 문법완성 2 (2026년) - 문제를 풀다 보면 저절로 완성되는 영문법
9788983967374,ofmiceandmenotherstories,IH-ALADIN-9788983967374,Of Mice and Men & Other Stories
9791170183723,aliceinwonderland이상한나라의앨리스개정증보판,IH-ALADIN-9791170183723,Alice in Wonderland 이상한 나라의 앨리스 (책 + CD 1장) - 개정증보판
9788965617198,워드샵wordsharph4중2실력,IH-ALADIN-9788965617198,워드샵 Word Sharp H4 중2 실력
9788960492660,아임in청크리스닝level1,IH-ALADIN-9788960492660,아임 in 청크 리스닝 Level 1
9788926167120,중학생을위한문제로문법완성3문제를풀다보면저절로완성되는영문법,IH-ALADIN-9788926167120,중학생을 위한 문제로 문법완성 3 (2026년) - 문제를 풀다 보면 저절로 완성되는 영문법
9791190020268,김기훈공무원영어기본서이기다문법,IH-ALADIN-9791190020268,김기훈 공무원 영어 기본서 이기다 문법
9791195324934,smartstepreading3,IH-ALADIN-9791195324934,Smart Step Reading 3
9788954765619,ebseltbigcatshapesontheseashore,IH-ALADIN-9788954765619,EBS ELT Big Cat (Band 2) SHAPES ON THE SEASHORE
9788954765633,ebseltbigcathowtomakeasockpuppet,IH-ALADIN-9788954765633,EBS ELT Big Cat (Band 2) HOW TO MAKE A SOCK PUPPET
9788954765626,ebseltbigcatthemagicegg,IH-ALADIN-9788954765626,EBS ELT Big Cat (Band 2) THE MAGIC EGG
9788927791041,imeetlistening32ndedition,IH-ALADIN-9788927791041,I Meet Listening 3 (Student Book + Workbook + eBook + 온라인 자료) - 2nd Edition
9791138938891,2027수능thefittest영어3회분수능에최적화된진화thefittest,IH-ALADIN-9791138938891,2027 수능 the Fittest 영어 3회분 (2026년) - 수능에 최적화된 진화 the Fittest
9791199446427,수능영어79점그다음평가원의출제dna를분석역설계한최단기간등급up전략문제집,IH-ALADIN-9791199446427,"수능영어, 79점 그 다음 - 평가원의 출제 DNA를 분석, 역설계한 최단기간 등급UP 전략문제집"
9791176090537,100발100중기출문제집최종점검2학기전과정중2영어ybm김은형2022개정교육과정,IH-ALADIN-9791176090537,100발 100중 기출문제집 최종점검 2학기 전과정 중2 영어 YBM 김은형 (2026년) - 2022 개정 교육과정
9791176090520,100발100중기출문제집최종점검2학기전과정중2영어ybm박준언2022개정교육과정,IH-ALADIN-9791176090520,100발 100중 기출문제집 최종점검 2학기 전과정 중2 영어 YBM 박준언 (2026년) - 2022 개정 교육과정
9791176090506,100발100중기출문제집최종점검2학기전과정중2영어미래엔문영인2022개정교육과정,IH-ALADIN-9791176090506,100발 100중 기출문제집 최종점검 2학기 전과정 중2 영어 미래엔 문영인 (2026년) - 2022 개정 교육과정
9791176090544,100발100중기출문제집최종점검2학기전과정중2영어지학사송미정,IH-ALADIN-9791176090544,100발 100중 기출문제집 최종점검 2학기 전과정 중2 영어 지학사 송미정 (2026년용)
9791167932549,2027조태정영어기심론독해,IH-ALADIN-9791167932549,2027 조태정 영어 기심론 독해
9791112224484,영문법정교master분사와분사구문완전정복,IH-ALADIN-9791112224484,영문법 정교 MASTER 분사와 분사구문 완전정복
9788961985079,buildupforthetoefljuniortestmiddle,IH-ALADIN-9788961985079,Build Up for the TOEFL Junior test Middle
9788974578305,미국교과서읽는리딩easy2초중학생용,IH-ALADIN-9788974578305,미국교과서 읽는 리딩 Easy 2 (교재 + 워크북) - 초.중학생용(초급과정)
9788964358252,bricks중학grammar3,IH-ALADIN-9788964358252,Bricks 중학 Grammar 3
9788900433142,중학리딩클리어readingclearlevel1,IH-ALADIN-9788900433142,중학 리딩 클리어 Reading Clear Level 1
9788926115367,중학생을위한문법으로writing3,IH-ALADIN-9788926115367,중학생을 위한 문법으로 Writing 3
9788926964712,grammarzap기본4문제로개념잡는초등영문법,IH-ALADIN-9788926964712,"Grammar, Zap! 기본 4 - 문제로 개념 잡는 초등 영문법"
9788934932369,영어로읽는먼나라이웃나라9우리나라korea,IH-ALADIN-9788934932369,영어로 읽는 먼나라 이웃나라 9 - 우리나라 Korea
9788926114216,나는초등고학년영어듣기이다1,IH-ALADIN-9788926114216,나는 초등고학년 영어듣기이다 1
9791129707208,메가스터디중학영단어기본40일완성중12필수어휘1080개,IH-ALADIN-9791129707208,"메가스터디 중학 영단어 기본 - 40일 완성, 중1~2 필수 어휘 1080개"
9788968061653,readingqadvanced2,IH-ALADIN-9788968061653,Reading Q : Advanced 2
9791159295300,초등학교영어61자습서평가문제집2022개정교육과정,IH-ALADIN-9791159295300,초등학교 영어 6-1 자습서+평가문제집 (2026년) - 2022 개정 교육과정
9791161650999,thisisgrammar고급2,IH-ALADIN-9791161650999,This Is Grammar 고급 2
9791165756703,100발100중voca중등기본,IH-ALADIN-9791165756703,100발 100중 VOCA 중등 기본
9788974574703,미국교과서읽는리딩phonicskey6,IH-ALADIN-9788974574703,미국교과서 읽는 리딩 Phonics Key 6 (Student Book + QR 코드 제공 + Stickers + Flashcards)
9791164068470,기적의직독직해120b끊어읽기로빠르고정확한독해완성하기,IH-ALADIN-9791164068470,기적의 직독직해 120B - 끊어 읽기로 빠르고 정확한 독해 완성하기
9791133722013,적중100plusred영어기출문제집레드중32동아이병민2학기전과정,IH-ALADIN-9791133722013,적중 100 PLUS RED 영어 기출문제집 레드 중3-2 동아 이병민 (2026년용) - 2학기 전과정
9791188974061,thankyougrammarwriting1workbook,IH-ALADIN-9791188974061,Thank You Grammar Writing 1 : Work Book
9791165758813,100발100중기출문제집최종점검2학기전과정중3영어지학사민찬규,IH-ALADIN-9791165758813,100발 100중 기출문제집 최종점검 2학기 전과정 중3 영어 지학사 민찬규 (2026년용)
9791175500426,시원스쿨초등기초영어법1교과부지정회화문장으로학교공부대비,IH-ALADIN-9791175500426,시원스쿨 초등 기초영어법 1 - 교과부 지정 회화문장으로 학교 공부 대비
9791167434951,이얼공무원영어soar오름5이실직고9급공무원영어시험완벽대비,IH-ALADIN-9791167434951,이얼 공무원영어 [Soar오름] 5 : 이실직고 - 9급 공무원 영어시험 완벽대비
9791164460434,초등어린이그림영한사전,IH-ALADIN-9791164460434,초등 어린이 그림 영한 사전
9788962815931,wordsciencestep4중2기본편내신필수어휘정복7단계프로젝트,IH-ALADIN-9788962815931,Word Science Step 4 중2 기본편 - 내신 필수 어휘 정복 7단계 프로젝트
9791191006612,vocabularyliveintermediate2,IH-ALADIN-9791191006612,Vocabulary LIVE Intermediate 2
9791167754127,final수능최종점검봉투모의고사영어영역3회분ebs완벽분석,IH-ALADIN-9791167754127,FINAL 수능최종점검 봉투모의고사 영어영역 3회분 (2026년) - EBS 완벽분석
9791141170806,포켓몬스터어린이영어기초영어워크북,IH-ALADIN-9791141170806,포켓몬스터 어린이 영어 - 기초 영어 워크북
9788967909000,listening공감level3새교과서반영중등듣기시리즈공부감각,IH-ALADIN-9788967909000,Listening 공감 Level 3 - 새 교과서 반영 중등 듣기 시리즈 공부감각
9791188974085,thankyougrammarwriting3workbook,IH-ALADIN-9791188974085,Thank You Grammar Writing 3 : Work Book
9791192480589,phonicsworks3이중자음이중모음,IH-ALADIN-9791192480589,Phonics Works 3 - 이중 자음 & 이중 모음
9788927790570,icanlistentoenglish12ndedition,IH-ALADIN-9788927790570,I Can Listen to English 1 - 2nd Edition
9788966535699,writingongrammar1,IH-ALADIN-9788966535699,Writing on Grammar 1
9788917226812,ybm실전토익rc1000토익주관사가제시하는실전문제10회분문제집해설집무료동영상,IH-ALADIN-9788917226812,YBM 실전토익 RC 1000 - 토익 주관사가 제시하는 실전문제 10회분 / 문제집 + 해설집 + 무료 동영상
9788917229141,ybm실전토익rc10002토익주관사가만든고난도적중실전10회분교재해설집무료동영상강의,IH-ALADIN-9788917229141,"YBM 실전토익 RC 1000 2 (고득점 대비 최신판) - 토익 주관사가 만든 고난도 적중실전 10회분, 교재 + 해설집 + 무료 동영상강의"
9788917226805,ybm실전토익lc1000토익주관사가제시하는실전문제10회분문제집해설집mp3파일무료동영상,IH-ALADIN-9788917226805,YBM 실전토익 LC 1000 - 토익 주관사가 제시하는 실전문제 10회분 / 문제집 + 해설집 + MP3 파일 + 무료 동영상
9788917229134,ybm실전토익lc10002토익주관사가만든고난도적중실전10회분교재해설집무료mp3동영상강의,IH-ALADIN-9788917229134,"YBM 실전토익 LC 1000 2 (고득점 대비 최신판) - 토익 주관사가 만든 고난도 적중실전 10회분, 교재 + 해설집 + 무료 MP3 & 동영상강의"
9788917228557,ybm스타트토익rc토익주관사가제시하는쉬운토익,IH-ALADIN-9788917228557,YBM 스타트 토익 RC (교재 + 해설집) - 토익주관사가 제시하는 쉬운 토익
9788917232134,ybm실전토익rc10001문제집해설집무료동영상토익주관사가만든고난도적중실전,IH-ALADIN-9788917232134,YBM 실전토익 RC 1000 1 (최신개정판) - 문제집 + 해설집 + 무료 동영상 / 토익주관사가 만든 고난도 적중실전
9788917232127,ybm실전토익lc10001문제집해설집무료mp3무료동영상토익주관사가만든고난도적중실전,IH-ALADIN-9788917232127,YBM 실전토익 LC 1000 1 (최신개정판) - 문제집 + 해설집 + 무료 MP3 + 무료 동영상 / 토익주관사가 만든 고난도 적중실전
9788917237948,booster유형독해수능영어1등급프로젝트,IH-ALADIN-9788917237948,Booster 유형독해 - 수능영어 1등급 프로젝트
9788917228755,ybm전략토익lc토익주관사가제시하는토익비법시험에나오는것만골라서공부한다,IH-ALADIN-9788917228755,"YBM 전략토익 LC (본책 + 해설집 + 무료 MP3) - 토익 주관사가 제시하는 토익비법, 시험에 나오는 것만 골라서 공부한다"
9788917198911,thelittleprince어린왕자grade9900words,IH-ALADIN-9788917198911,The Little Prince 어린왕자 (교재 + CD 1장) - Grade 9 900 words
9788917230314,activatorreadingforthetoeflibtadvanced개정판,IH-ALADIN-9788917230314,Activator Reading for the TOEFL iBT Advanced - 개정판
9788917193619,중학영어독해readingmatejr01,IH-ALADIN-9788917193619,중학영어독해 Reading Mate Jr. 01
9788917230291,activatorreadingforthetoeflibtbeginning개정판,IH-ALADIN-9788917230291,Activator Reading for the TOEFL iBT Beginning - 개정판
9788917197006,영시강토익basicreading영어시험에강해지는토익,IH-ALADIN-9788917197006,영시강 토익 Basic Reading - 영어 시험에 강해지는 토익
9788917232141,ybm단기토익700lcrc본책해설집무료mp3무료동영상ybmtestfinaltestpdf무료해설5급7급공무원대비토익주관사의4주완성전략,IH-ALADIN-9788917232141,"YBM 단기토익 700+ LC + RC - 본책 + 해설집 + 무료 MP3 + 무료 동영상 + YBM TEST/FINAL TEST PDF 무료 해설 / 5급, 7급 공무원 대비 토익주관사의 4주 완성 전략"
9788917935301,김대균의토익공식2000실전문제집rc,IH-ALADIN-9788917935301,김대균의 토익 공식 2000 실전문제집 RC (문제집 + 해설집)
9788917193626,중학영어독해readingmatejr02,IH-ALADIN-9788917193626,중학영어독해 Reading Mate Jr. 02
9788917193633,중학영어독해readingmatejr03,IH-ALADIN-9788917193633,중학영어독해 Reading Mate Jr. 03
9788917192100,stepuptoeicbridgelisteningreadingadvanced초중급자를위한주니어토익,IH-ALADIN-9788917192100,Step Up TOEIC Bridge Listening + Reading Advanced (교재 1권 + CD 2장) - 초.중급자를 위한 주니어 토익
9788917193688,고등영어독해readingmate1,IH-ALADIN-9788917193688,고등영어독해 Reading Mate 1
9788917197013,영시강토익basiclistening영어시험에강해지는토익,IH-ALADIN-9788917197013,영시강 토익 Basic Listening (문제집 + 해설집) - 영어 시험에 강해지는 토익
9788917198836,aesopsfables이솝우화grade2600words,IH-ALADIN-9788917198836,Aesop's Fables 이솝우화 (교재 + CD 1장) - Grade 2 600 words
9788917198751,beautyandthebeast미녀와야수grade1350words,IH-ALADIN-9788917198751,Beauty and the Beast 미녀와 야수 (교재 + CD 1장) - Grade 1 350 words
9788917208092,cnn리스닝스피킹입이트이고귀가열리는,IH-ALADIN-9788917208092,CNN 리스닝 + 스피킹 (교재 + MP3 CD 1장) - 입이 트이고 귀가 열리는
9788917188844,stepuptoeicbridgelisteningreadingintermediate초중급자를위한주니어토익,IH-ALADIN-9788917188844,Step Up TOEIC Bridge Listening + Reading Intermediate (교재 1권 + CD 2장) - 초.중급자를 위한 주니어 토익
9788917209990,유캔토익ucan토익listening,IH-ALADIN-9788917209990,유캔토익 U CAN 토익 Listening (교재 + 해설집)
9788917186185,김대균의토익공식2000listening,IH-ALADIN-9788917186185,김대균의 토익 공식 2000 Listening
9788917930580,toeflibtactivatorlisteningintermediate,IH-ALADIN-9788917930580,TOEFL IBT Activator Listening Intermediate (책 + CD 4장)
9788917188493,stepuptoeicbridgelisteningreadingbasic초중급자를위한주니어토익,IH-ALADIN-9788917188493,Step Up TOEIC Bridge Listening.Reading Basic - 초.중급자를 위한 주니어 토익
9788917931150,toeflibtactivatorlisteningadvanced,IH-ALADIN-9788917931150,TOEFL IBT Activator Listening Advanced (교재 + CD 4장)
9788917195811,timeforlisteningbasic,IH-ALADIN-9788917195811,Time for Listening Basic (테이프 별매)
9788917195828,timeforlisteningintermediate,IH-ALADIN-9788917195828,Time for Listening Intermediate (테이프 별매)
9788917929911,toeflibtactivatorlisteningbeginning,IH-ALADIN-9788917929911,TOEFL iBT Activator Listening Beginning (책 + CD 3장)
9791129707284,초등문해력한문장정리의힘기본편1권초등23학년,IH-ALADIN-9791129707284,초등 문해력 한 문장 정리의 힘 기본편 1권 - 초등 2~3학년
9791129707291,초등문해력한문장정리의힘기본편2권초등34학년,IH-ALADIN-9791129707291,초등 문해력 한 문장 정리의 힘 기본편 2권 - 초등 3~4학년
9791129707314,초등문해력한문장정리의힘기본편4권초등56학년,IH-ALADIN-9791129707314,초등 문해력 한 문장 정리의 힘 기본편 4권 - 초등 5~6학년
9791129707307,초등문해력한문장정리의힘기본편3권초등45학년,IH-ALADIN-9791129707307,초등 문해력 한 문장 정리의 힘 기본편 3권 - 초등 4~5학년
9791129707970,초등문해력한문장정리의힘실전편1권초등23학년,IH-ALADIN-9791129707970,초등 문해력 한 문장 정리의 힘 실전편 1권 - 초등 2~3학년
9791129708007,초등문해력한문장정리의힘실전편4권초등56학년,IH-ALADIN-9791129708007,초등 문해력 한 문장 정리의 힘 실전편 4권 - 초등 5~6학년
9791129707987,초등문해력한문장정리의힘실전편2권초등34학년,IH-ALADIN-9791129707987,초등 문해력 한 문장 정리의 힘 실전편 2권 - 초등 3~4학년
9791129707994,초등문해력한문장정리의힘실전편3권초등45학년,IH-ALADIN-9791129707994,초등 문해력 한 문장 정리의 힘 실전편 3권 - 초등 4~5학년
9791129716187,초등문해력긴글읽기의힘1권초등34학년,IH-ALADIN-9791129716187,초등 문해력 긴 글 읽기의 힘 1권 - 초등 3~4학년
9791129708540,1일1독해예비초등세계나라1호기심을키우는이야기로하루15분독해훈련,IH-ALADIN-9791129708540,1일 1독해 예비초등 세계 나라 1 - 호기심을 키우는 이야기로 하루 15분 독해 훈련
9791129708519,1일1독해과학이야기2동물예비초초등2학년,IH-ALADIN-9791129708519,1일 1독해 과학 이야기 2 : 동물 - 예비초~초등 2학년
9791129718112,1일1독해그리스로마신화1제우스와올림포스신들예비초2학년,IH-ALADIN-9791129718112,1일 1독해 그리스 로마 신화 1 : 제우스와 올림포스 신들 - 예비초~2학년
9791129715418,1일1독해우리나라2속담,IH-ALADIN-9791129715418,1일 1독해 우리나라 2 : 속담
9791129716194,초등문해력긴글읽기의힘2권초등45학년,IH-ALADIN-9791129716194,초등 문해력 긴 글 읽기의 힘 2권 - 초등 4~5학년
9791129708526,1일1독해과학이야기3탐구예비초초등2학년,IH-ALADIN-9791129708526,1일 1독해 과학 이야기 3 : 탐구 - 예비초~초등 2학년
9791129709011,초등문해력어휘활용의힘1권초등23학년,IH-ALADIN-9791129709011,초등 문해력 어휘 활용의 힘 1권 - 초등 2~3학년
9791129716200,초등문해력긴글읽기의힘3권초등56학년,IH-ALADIN-9791129716200,초등 문해력 긴 글 읽기의 힘 3권 - 초등 5~6학년
9791129708557,1일1독해예비초등세계나라2호기심을키우는이야기로하루15분독해훈련,IH-ALADIN-9791129708557,1일 1독해 예비초등 세계 나라 2 - 호기심을 키우는 이야기로 하루 15분 독해 훈련
9791129715401,1일1독해우리나라1전래동화,IH-ALADIN-9791129715401,1일 1독해 우리나라 1 : 전래동화
9791129711014,초끝맞춤법어휘독해1단계초등12학년초등공부시작부터끝까지,IH-ALADIN-9791129711014,초끝 맞춤법+어휘+독해 1단계 : 초등 1~2학년 - 초등 공부 시작부터 끝까지!
9791129716217,초등문해력긴글읽기의힘4권초등6학년이상,IH-ALADIN-9791129716217,초등 문해력 긴 글 읽기의 힘 4권 - 초등 6학년 이상
9791165269500,예비매3문법화법작문매일개념3개씩공부하는문법화법작문2022개정교육과정을적용한새교과서와2028수능체제를반영한예비매3문법화법작문,IH-ALADIN-9791165269500,예비 매3문법(언어)/화법/작문 : 매일 개념 3개씩 공부하는 문법(언어)/화법/작문 - 2022 개정 교육과정을 적용한 새 교과서와 2028 수능 체제를 반영한 예비 매3문법(언어)/화법/작문
9788974576561,절대로틀릴수없는중학필수영문법basic1new내신서술형평가완벽준비서,IH-ALADIN-9788974576561,절대로 틀릴 수 없는 중학 필수 영문법 Basic 1 - New 내신 서술형 평가 완벽 준비서
9788974576578,절대로틀릴수없는중학필수영문법basic2new내신서술형평가에대비할수있는완벽준비서,IH-ALADIN-9788974576578,절대로 틀릴 수 없는 중학 필수 영문법 Basic 2 - New 내신 서술형 평가에 대비할 수 있는 완벽 준비서
9788974573485,오년후특목교갈초등학생1englishvocabularygrammarbook,IH-ALADIN-9788974573485,오년 후 특목교 갈 초등학생 1 (교재 + CD 1장) - English Vocabulary & Grammar Book
6000691012,세트절대로틀릴수없는중학필수영문법basic전2권new내신서술형평가완벽준비서,IH-ALADIN-6000691012,[세트] 절대로 틀릴 수 없는 중학 필수 영문법 Basic - 전2권 - New 내신 서술형 평가 완벽 준비서
9788974573522,오년후특목교갈초등학생5englishvocabularygrammarbook,IH-ALADIN-9788974573522,오년 후 특목교 갈 초등학생 5 (교재 + CD 1장) - English Vocabulary & Grammar Book
9788974573508,오년후특목교갈초등학생3englishvocabularygrammarbook,IH-ALADIN-9788974573508,오년 후 특목교 갈 초등학생 3 (교재 + CD 1장) - English Vocabulary & Grammar Book
9788974573515,오년후특목교갈초등학생4englishvocabularygrammarbook,IH-ALADIN-9788974573515,오년 후 특목교 갈 초등학생 4 (교재 + CD 1장) - English Vocabulary & Grammar Book
9788974573492,오년후특목교갈초등학생2englishvocabularygrammarbook,IH-ALADIN-9788974573492,오년 후 특목교 갈 초등학생 2 (교재 + CD 1장) - English Vocabulary & Grammar Book
9788974573539,오년후특목교갈초등학생6englishvocabularygrammarbook,IH-ALADIN-9788974573539,오년 후 특목교 갈 초등학생 6 (교재 + CD 1장) - English Vocabulary & Grammar Book
9788974573607,pingpinggrammarbasiccourse1,IH-ALADIN-9788974573607,Ping Ping Grammar Basic Course 1
9788974572006,토익토플문법19일완성,IH-ALADIN-9788974572006,토익.토플 문법 19일 완성
9788974571429,김동현toeictoefl문법고득점공식108,IH-ALADIN-9788974571429,김동현 TOEIC TOEFL 문법 고득점공식 108
9788974578701,8주에끝내는중학영문법super8grammar1학년a,IH-ALADIN-9788974578701,8주에 끝내는 중학영문법 Super 8 grammar 1학년 A
9788974577131,오년후특목교갈초등학생세트전6권englishvocabularygrammarbook,IH-ALADIN-9788974577131,오년 후 특목교 갈 초등학생 세트 - 전6권 - English Vocabulary & Grammar Book
9791125304302,능률중학영어입문편중1수준의종합서,IH-ALADIN-9791125304302,능률 중학 영어 입문편 - 중1 수준의 종합서
9791125304319,능률중학영어기본편중2수준의종합서,IH-ALADIN-9791125304319,능률 중학 영어 기본편 - 중2 수준의 종합서
9791125304296,능률중학영어예비편중학영어대비종합서,IH-ALADIN-9791125304296,능률 중학 영어 예비편 - 중학영어 대비 종합서
9791125304326,능률중학영어완성편중3수준의종합서,IH-ALADIN-9791125304326,능률 중학 영어 완성편 - 중3 수준의 종합서
9791165759384,100발100중기출문제집2학기기말고사중2영어동아윤정미,IH-ALADIN-9791165759384,100발 100중 기출문제집 2학기 기말고사 중2 영어 동아 윤정미 (2025년)
9791165758882,100발100중기출문제집최종점검2학기전과정중2영어능률김성곤,IH-ALADIN-9791165758882,100발 100중 기출문제집 최종점검 2학기 전과정 중2 영어 능률 김성곤 (2025년)
9791165759407,100발100중기출문제집2학기기말고사중2영어천재이재영,IH-ALADIN-9791165759407,100발 100중 기출문제집 2학기 기말고사 중2 영어 천재 이재영 (2025년)
9791165757236,100발100중기출문제집1학기중간고사중2영어능률김성곤,IH-ALADIN-9791165757236,100발 100중 기출문제집 1학기 중간고사 중2 영어 능률 김성곤 (2025년)
9791165758547,100발100중기출문제집2학기중간고사중2영어능률김성곤,IH-ALADIN-9791165758547,100발 100중 기출문제집 2학기 중간고사 중2 영어 능률 김성곤 (2025년)
9791165756963,100발100중기출문제집최종점검1학기전과정중2영어능률김성곤,IH-ALADIN-9791165756963,100발 100중 기출문제집 최종점검 1학기 전과정 중2 영어 능률 김성곤 (2025년)
9791165758066,100발100중기출문제집1학기기말고사중2영어능률김성곤,IH-ALADIN-9791165758066,100발 100중 기출문제집 1학기 기말고사 중2 영어 능률 김성곤 (2025년)
9791165759421,100발100중기출문제집2학기기말고사중2영어능률김성곤,IH-ALADIN-9791165759421,100발 100중 기출문제집 2학기 기말고사 중2 영어 능률 김성곤 (2025년)
9791165757533,100발100중기출문제집1학기중간고사중1영어능률김기택,IH-ALADIN-9791165757533,100발 100중 기출문제집 1학기 중간고사 중1 영어 능률 김기택 (2026년용)
9791165759544,100발100중기출문제집2학기기말고사중1영어능률김기택,IH-ALADIN-9791165759544,100발 100중 기출문제집 2학기 기말고사 중1 영어 능률 김기택 (2026년용)
9791165756901,100발100중고등구문독해주술문book1,IH-ALADIN-9791165756901,100발 100중 고등 구문 독해 주술문 BOOK 1
9791165756673,100발100중고등구문독해해독제book2,IH-ALADIN-9791165756673,100발 100중 고등 구문 독해 해독제 BOOK 2
9791165756918,100발100중고등구문독해주술문book2,IH-ALADIN-9791165756918,100발 100중 고등 구문 독해 주술문 BOOK 2
9788992476331,천일문speakingwriting말하기쓰기훈련서,IH-ALADIN-9788992476331,천일문 Speaking & Writing - 말하기.쓰기 훈련서
9788968060250,빈칸백서기본편논리독해의시작빈칸추론유형의기본접근법,IH-ALADIN-9788968060250,"빈칸백서 기본편 - 논리독해의 시작, 빈칸추론 유형의 기본 접근법"
9788992476454,천일문speakingwritingmaster완성말하기쓰기훈련서,IH-ALADIN-9788992476454,천일문 Speaking & Writing Master 완성 - 말하기.쓰기 훈련서
9791174101266,내신콘서트중학영어기출문제집1학기전과정통합본중3능률김성곤,IH-ALADIN-9791174101266,내신콘서트 중학영어 기출문제집 1학기 전과정 통합본 중3 능률 김성곤 (2026년)
9791174101273,내신콘서트중학영어기출문제집1학기전과정통합본중3천재이재영,IH-ALADIN-9791174101273,내신콘서트 중학영어 기출문제집 1학기 전과정 통합본 중3 천재 이재영 (2026년)
9791174101389,내신콘서트중학영어기출문제집1학기전과정통합본중2능률김기택,IH-ALADIN-9791174101389,내신콘서트 중학영어 기출문제집 1학기 전과정 통합본 중2 능률 김기택 (2026년)
9791174101280,내신콘서트중학영어기출문제집1학기전과정통합본중3천재정사열,IH-ALADIN-9791174101280,내신콘서트 중학영어 기출문제집 1학기 전과정 통합본 중3 천재 정사열 (2026년)
9791174100177,내신콘서트중학영어기출문제집2학기전과정통합본중2능률김성곤,IH-ALADIN-9791174100177,내신콘서트 중학영어 기출문제집 2학기 전과정 통합본 중2 능률 김성곤 (2025년)
9791164998906,내신콘서트중학영어기출문제집1학기전과정통합본중2능률김성곤,IH-ALADIN-9791164998906,내신콘서트 중학영어 기출문제집 1학기 전과정 통합본 중2 능률 김성곤 (2025년)
9791164999644,내신콘서트중학영어기출문제집1학기기말고사중3능률김성곤,IH-ALADIN-9791164999644,내신콘서트 중학영어 기출문제집 1학기 기말고사 중3 능률 김성곤 (2026년용)
9791174100184,내신콘서트중학영어기출문제집2학기전과정통합본중2천재이재영,IH-ALADIN-9791174100184,내신콘서트 중학영어 기출문제집 2학기 전과정 통합본 중2 천재 이재영 (2025년)
9791174102249,내신콘서트중학영어기출문제집1학기기말고사중2능률김기택,IH-ALADIN-9791174102249,내신콘서트 중학영어 기출문제집 1학기 기말고사 중2 능률 김기택 (2026년)
9791174101488,내신콘서트중학영어기출문제집1학기전과정통합본중1능률김기택2022개정교육과정,IH-ALADIN-9791174101488,내신콘서트 중학영어 기출문제집 1학기 전과정 통합본 중1 능률 김기택 (2026년) - 2022 개정 교육과정
9788981270001,check알짜영단어,IH-ALADIN-9788981270001,Check 알짜 영단어
9788957189528,2020전공영어핵심체크영어학교원임용고사대비,IH-ALADIN-9788957189528,2020 전공영어 핵심체크 영어학 - 교원임용고사 대비
9788957189535,2020전공영어핵심체크영어교육학교원임용고사대비,IH-ALADIN-9788957189535,2020 전공영어 핵심체크 영어교육학 - 교원임용고사 대비
9788957188484,2018전공영어핵심체크글쓰기연습교원임용고사대비,IH-ALADIN-9788957188484,2018 전공영어 핵심체크 글쓰기 연습 - 교원임용고사 대비
9788957188316,2018전공영어핵심체크영미문학교원임용고사대비,IH-ALADIN-9788957188316,2018 전공영어 핵심체크 영미문학 - 교원임용고사 대비
9788957188309,2018전공영어핵심체크일반영어교원임용고사대비,IH-ALADIN-9788957188309,2018 전공영어 핵심체크 일반영어 - 교원임용고사 대비
9788957189542,2020전공영어핵심체크일반영어교원임용고사대비,IH-ALADIN-9788957189542,2020 전공영어 핵심체크 일반영어 - 교원임용고사 대비
9791186716489,핵심체크고1유형별영어듣기243제상세한해설과오답풀이가수록된,IH-ALADIN-9791186716489,핵심체크 고1 유형별 영어듣기 243제 (2016년) - 상세한 해설과 오답풀이가 수록된
9791186716472,핵심체크고1유형별영문독해290제상세한해설과오답풀이가수록된,IH-ALADIN-9791186716472,핵심체크 고1 유형별 영문독해 290제 (2016년) - 상세한 해설과 오답풀이가 수록된
9791186716496,핵심체크고1유형별어법어휘빈칸추론160제상세한해설과오답풀이가수록된,IH-ALADIN-9791186716496,핵심체크 고1 유형별 어법.어휘.빈칸추론 160제 (2016년) - 상세한 해설과 오답풀이가 수록된
9791157523399,영어회화100일의기적100일후에는나도영어로말한다,IH-ALADIN-9791157523399,영어회화 100일의 기적 - 100일 후에는 나도 영어로 말한다!
9791166836626,성공하는리더들의영어필사100일의기적,IH-ALADIN-9791166836626,성공하는 리더들의 영어 필사 100일의 기적
9791166837661,영어스피킹100일의기적하루10분내생각을영어로자유롭게말한다,IH-ALADIN-9791166837661,"영어 스피킹 100일의 기적 (원어민 MP3 무료 제공) - 하루 10분, 내 생각을 영어로 자유롭게 말한다!"
9791189432911,엄마표영어100일의기적100일후에는엄마도아이도영어로말한다,IH-ALADIN-9791189432911,"엄마표 영어 100일의 기적 - 100일 후에는 엄마도, 아이도 영어로 말한다!"
9791166839504,감정수업영어필사100일의기적하루10분내마음의주인이되는시간,IH-ALADIN-9791166839504,"감정 수업 영어 필사 100일의 기적 - 하루 10분, 내 마음의 주인이 되는 시간"
9788927707004,내신공략중학영문법1문제풀이책개정교과서반영,IH-ALADIN-9788927707004,내신공략 중학영문법 1 : 문제풀이책 - 개정교과서 반영
9788927761464,비즈니스영어특급패턴202이메일부터상황별회화까지한권으로끝낸다,IH-ALADIN-9788927761464,비즈니스 영어 특급패턴 202 (본책 + MP3 CD 1장 + 출퇴근용 미니북 + 스피킹 mp3 무료 다운로드) - 이메일부터 상황별 회화까지 한 권으로 끝낸다!
9788927740148,일대일중학영문법입문,IH-ALADIN-9788927740148,일대일 중학영문법 입문
9788927740155,일대일중학영문법발전,IH-ALADIN-9788927740155,일대일 중학영문법 발전
9788927740162,일대일중학영문법완성2011,IH-ALADIN-9788927740162,일대일 중학영문법 완성 - 2011
9788942757121,초등셀파englishcampgrammar필수문법28개문법캠프,IH-ALADIN-9788942757121,초등 셀파 English Camp Grammar 필수 문법 28개 : 문법캠프
9791125947820,letsgototheenglishworld3b2ndedition,IH-ALADIN-9791125947820,Let's Go to the English World 3B - 2nd Edition
9788926926741,초등영어교과서회화입문131과정,IH-ALADIN-9788926926741,초등영어 교과서 회화 입문 1 (책+오디오 CD 2장+활동북+정답지) - 3-1 과정
9788942757107,초등셀파englishcamp필수어휘800개어휘캠프,IH-ALADIN-9788942757107,초등 셀파 English Camp 필수 어휘 800개 : 어휘캠프
9791190020169,김기훈공무원영어시험빈출문법구문rank150빠르게체크하는공무원영어시험빈출문법구문,IH-ALADIN-9791190020169,김기훈 공무원 영어 시험빈출 문법.구문 RANK 150 - 빠르게 체크하는 공무원 영어 시험빈출 문법.구문
9788917222548,toeflibtcodebreakerlisteningintermediate,IH-ALADIN-9788917222548,TOEFL iBT Codebreaker Listening Intermediate
9788917222531,toeflibtcodebreakerlisteningbasic,IH-ALADIN-9788917222531,TOEFL iBT Codebreaker Listening Basic
9788917222555,toeflibtcodebreakerlisteningadvanced,IH-ALADIN-9788917222555,TOEFL iBT Codebreaker Listening Advanced
9788926983027,grammarzap심화1문제로개념잡는초등영문법,IH-ALADIN-9788926983027,"Grammar, Zap! 심화 1 - 문제로 개념 잡는 초등 영문법"
9788926983041,grammarzap심화3문제로개념잡는초등영문법,IH-ALADIN-9788926983041,"Grammar, Zap! 심화 3 - 문제로 개념 잡는 초등 영문법"
9791157683055,세상에서제일쉬운엄마표생활영어유아에서초등까지내아이를위한하루10분기적의영어,IH-ALADIN-9791157683055,세상에서 제일 쉬운 엄마표 생활영어 - 유아에서 초등까지 내 아이를 위한 하루 10분 기적의 영어!
9791157683840,영어를틀리지않고쓰는법헷갈리는영어팩트체크,IH-ALADIN-9791157683840,영어를 틀리지 않고 쓰는 법 - 헷갈리는 영어 팩트체크
9788983004703,영어문법check영어실력쑥쑥올려주는,IH-ALADIN-9788983004703,영어문법 Check - 영어실력 쑥쑥 올려주는
9791125979975,체크체크중학영어3a2015개정교육과정개념부터문제까지한번에완벽하게,IH-ALADIN-9791125979975,"체크체크 중학 영어 3-A (2026년용) - 2015 개정 교육과정, 개념부터 문제까지 한번에 완벽하게"
9791125932406,체크체크영어중22,IH-ALADIN-9791125932406,체크체크 영어 중2-2 (2018년)
9788926931370,체크고등영어2011,IH-ALADIN-9788926931370,체크 고등 영어 - 2011
9788917199161,꼭짓점토익part1234꼭짓점만콕콕찍어주는실전토익개정판,IH-ALADIN-9788917199161,"꼭짓점 토익 PART 1.2.3.4 (책 + 해설집 1권 + MP3 CD 1장) - 꼭짓점만 콕콕 찍어주는 실전 토익, 개정판"
9791133720590,적중100plusred영어기출문제집레드중31천재이재영1학기전과정,IH-ALADIN-9791133720590,적중 100 PLUS RED 영어 기출문제집 레드 중3-1 천재 이재영 (2026년용) - 1학기 전과정
9791133720576,적중100plusred영어기출문제집레드중31능률김성곤1학기전과정,IH-ALADIN-9791133720576,적중 100 PLUS RED 영어 기출문제집 레드 중3-1 능률 김성곤 (2026년용) - 1학기 전과정
9788907032478,내신체크고등영어highschoolenglish교과서분석문항집,IH-ALADIN-9788907032478,내신체크 고등영어 High School English - 교과서 분석 문항집
9788907033567,내신체크영어1교과서분석문항집,IH-ALADIN-9788907033567,내신체크 영어 1 - 교과서 분석 문항집
9788905034917,finalcheck외국어영역2010,IH-ALADIN-9788905034917,Final Check 외국어(영어)영역 - 2010
9788905024642,파이널체크영어듣기말하기2007,IH-ALADIN-9788905024642,파이널 체크 영어 듣기.말하기 - 2007
9788962229424,기적의파닉스13세트전3권전면개정판,IH-ALADIN-9788962229424,기적의 파닉스 1~3 세트 - 전3권 (본책 3권 + 스토리북 3권 + MP3 CD 3장) - 전면개정판
9788962227734,기적의유아영어알파벳만3세이상37세를위한홈스쿨링영어활동북,IH-ALADIN-9788962227734,"기적의 유아영어 : 알파벳 - 만3세 이상, 3~7세를 위한 홈스쿨링 영어 활동북"
9788959976478,middleschoolenglish내신평정중간기말예상문제집중312013년용,IH-ALADIN-9788959976478,Middle School English 내신평정 중간.기말 예상문제집 중3-1 - 2013년용
9788983946683,독심술구문패턴100독해를위한핵심기술,IH-ALADIN-9788983946683,독심술 구문패턴 100 - 독해를 위한 핵심 기술
9791156830801,2015나는엘리트공무원이다구문독해1004대한민국공무원영어교과서,IH-ALADIN-9791156830801,2015 나는 엘리트 공무원이다 구문독해 1004 - 대한민국 공무원 영어교과서
9788997200924,하승민영어구문독해100,IH-ALADIN-9788997200924,하승민 영어 구문독해 100
9788991525290,독해에꼭필요한구문100제단기필마하나,IH-ALADIN-9788991525290,독해에 꼭 필요한 구문 100제 - 단기필마 하나
9788996029779,나만의생각을영어로말하는연습장듣고체크만해도나를영어로말할수있다,IH-ALADIN-9788996029779,나만의 생각을 영어로 말하는 연습장 - 듣고 체크만 해도 나를 영어로 말할 수 있다!
9791189591311,영어확인학습문법약점체크300제97급공무원시험대비,IH-ALADIN-9791189591311,영어 확인학습 문법약점체크 300제 - 9.7급 공무원 시험대비
9791190546164,하루1분영어게임숨겨둔영어실력체크를위한,IH-ALADIN-9791190546164,하루 1분 영어게임 - 숨겨둔 영어실력 체크를 위한
9788963366395,손재석영어약점체크800제,IH-ALADIN-9788963366395,손재석 영어 약점체크 800제
9791198002907,키위엔영어회화하루5분의기적기초도3개월이면회화가되는특허받은영어학습법,IH-ALADIN-9791198002907,키위엔 영어회화 하루 5분의 기적 - 기초도 3개월이면 회화가 되는 특허 받은 영어 학습법
9791169663595,2025신경향이동기영어기적의특강시험장에가지고갈파이널핵심요약집,IH-ALADIN-9791169663595,2025 신경향 이동기 영어 기적의 특강 - 시험장에 가지고 갈 파이널 핵심요약집
9788956055619,영어그림책의기적알파벳도모르던아이가1년반만에해리포터를읽기까지,IH-ALADIN-9788956055619,영어 그림책의 기적 - 알파벳도 모르던 아이가 1년 반 만에 해리포터를 읽기까지
9791169666039,2026심우철실전동형모의고사season3,IH-ALADIN-9791169666039,2026 심우철 실전 동형 모의고사 Season 3
9788956026220,그램그램영문법원정대1막아라나운의명사공격,IH-ALADIN-9788956026220,그램그램 영문법 원정대 1 - 막아라! 나운의 명사 공격
9788926115343,중학생을위한문법으로writing1,IH-ALADIN-9788926115343,중학생을 위한 문법으로 Writing 1
9788964357040,bricks중학영문법중1,IH-ALADIN-9788964357040,Bricks 중학 영문법 중1
9791196232566,영포자1등급만들기중학영단어중학필수어휘30일완성,IH-ALADIN-9791196232566,영포자 1등급 만들기 중학 영단어 - 중학 필수 어휘 30일 완성
9791198522603,이너프고1영어내신어법시험에강한내신개념서,IH-ALADIN-9791198522603,이너프 고1 영어 내신 어법 - 시험에 강한 내신 개념서
9791125309703,리딩버디2초등학생의영어친구,IH-ALADIN-9791125309703,리딩버디 2 - 초등학생의 영어 친구
9788964357064,bricks중학영문법중3,IH-ALADIN-9788964357064,Bricks 중학 영문법 중3
9788996339380,통문장영어동화50너무나낯익어서한번만보면저절로외워지는,IH-ALADIN-9788996339380,통문장 영어동화 50 (교재 + CD) - 너무나 낯익어서 한 번만 보면 저절로 외워지는
9791125309710,리딩버디3초등학생의영어친구,IH-ALADIN-9791125309710,리딩버디 3 - 초등학생의 영어 친구
9788966530977,coolgrammar중학영문법2,IH-ALADIN-9788966530977,COOL Grammar 중학 영문법 2
9791125970170,바로읽는구문독해level2중학부터시작하는수능구문첫걸음,IH-ALADIN-9791125970170,바로 읽는 구문 독해 Level 2 - 중학부터 시작하는 수능 구문 첫걸음
9791125336235,수능구문빅데이터수능빈출편수능에꼭나오는구문533,IH-ALADIN-9791125336235,수능 구문 빅데이터 수능빈출편 - 수능에 꼭 나오는 구문 533
9791191156201,읽으면영어천재가되는만화책워크북,IH-ALADIN-9791191156201,읽으면 영어천재가 되는 만화책 : 워크북
9791163038115,바빠영어신문newstimes세계문화편하루30분영어문해력이자라는신문읽기의힘,IH-ALADIN-9791163038115,"바빠 영어 신문 NEWS TIMES : 세계, 문화편 - 하루 30분, 영어 문해력이 자라는 신문 읽기의 힘"
9791173602221,2026조태정영어심화구문200제,IH-ALADIN-9791173602221,2026 조태정 영어 심화구문 200제
9791164067060,기적의유아영어alphabet알파벳재미있는액티비티로놀면서떼는알파벳워크북,IH-ALADIN-9791164067060,기적의 유아영어 : Alphabet 알파벳 - 재미있는 액티비티로 놀면서 떼는 알파벳 워크북
9791162052983,2026심슨구문300제복습종이,IH-ALADIN-9791162052983,2026 심슨 구문 300제 복습종이
9791195427253,영어성경제대로읽기프로젝트영어성경제대로읽기,IH-ALADIN-9791195427253,영어성경(NIV) 제대로 읽기 프로젝트 - 영어 성경 제대로 읽기
9791159703997,리스닝타파listeningtapalevel1유형으로격파하는중학듣기특강서,IH-ALADIN-9791159703997,리스닝 타파 Listening TAPA Level 1 - 유형으로 격파하는 중학 듣기 특강서
9791165971045,독해를싹level2with쓰기작문,IH-ALADIN-9791165971045,독해를 싹(리딩싹) LEVEL 2 with 쓰기+작문
9791173169304,full수록전국연합모의고사영어영역고1내신및전국연합학력평가14회14일완성,IH-ALADIN-9791173169304,Full수록(풀수록) 전국연합 모의고사 영어영역 고1 (2026년) - 내신 및 전국연합 학력 평가 14회 14일 완성
9791162379820,수능트레이닝유형기본편수능영어독해번호별유형완벽대비,IH-ALADIN-9791162379820,수능 트레이닝 유형 기본편 - 수능 영어 독해 번호별 유형 완벽 대비
9791196172701,팬덤영문법기본편유형으로마스터하는고등어법,IH-ALADIN-9791196172701,팬덤 영문법 : 기본편 - 유형으로 마스터하는 고등 어법
9788926152027,나는초등고학년영문법이다3그림으로이해하고문장으로완성하는영문법개정판,IH-ALADIN-9788926152027,"나는 초등고학년 영문법이다 3 - 그림으로 이해하고 문장으로 완성하는 영문법, 개정판"
9791125343592,the상승어법어휘유형편독해기본기에서수능실전대비까지,IH-ALADIN-9791125343592,The 상승 어법.어휘 + 유형편 - 독해 기본기에서 수능 실전 대비까지
9791164139620,하루한장englishbite사이트워드2,IH-ALADIN-9791164139620,하루 한장 English BITE 사이트 워드 2
9788917238044,benchmarkreading21lexile공식인증초등리딩시리즈교재워크북qrmp3음원,IH-ALADIN-9788917238044,Benchmark Reading 2.1 - Lexile 공식 인증 초등 리딩 시리즈 / 교재 + 워크북 + QR MP3 음원
9788917239607,고득점중학영어듣기모의고사202level3실전모의고사20회고난도실전모의고사2회,IH-ALADIN-9788917239607,고득점 중학영어듣기 모의고사 20+2 Level 3 - 실전모의고사 20회 + 고난도 실전모의고사 2회
9788966530946,powervoca중급2,IH-ALADIN-9788966530946,Power Voca 중급 2
9791163032137,바쁜초등학생을위한빠른사이트워드세트전2권실생활회화문장으로익히는사이트워드학습법,IH-ALADIN-9791163032137,바쁜 초등학생을 위한 빠른 사이트 워드 세트 - 전2권 - 실생활 회화 문장으로 익히는 사이트 워드 학습법
9788965617105,베이직워드샵basicwordsharph1,IH-ALADIN-9788965617105,베이직 워드샵 Basic Word Sharp H 1
9791163037729,영어동화세계명화100편세계10대화가의명작을영어로읽어요,IH-ALADIN-9791163037729,영어동화 : 세계명화 100편 - 세계 10대 화가의 명작을 영어로 읽어요!
9791125948100,바로voca중학기본800교과서에서뽑은중학필수어휘800,IH-ALADIN-9791125948100,바로 VOCA 중학 기본 800 - 교과서에서 뽑은 중학 필수 어휘 800
9788992334129,똑똑한영어일기book1,IH-ALADIN-9788992334129,똑똑한 영어일기 Book 1
9791125948124,바로voca중학완성900교과서에서뽑은중학고난도어휘900,IH-ALADIN-9791125948124,바로 VOCA 중학 완성 900 - 교과서에서 뽑은 중학 고난도 어휘 900
9791160572292,vocanote3sbwithapp실전테스트,IH-ALADIN-9791160572292,Voca Note 3 SB with App + 실전테스트
9788917239591,고득점중학영어듣기모의고사202level2실전모의고사20회고난도실전모의고사2회,IH-ALADIN-9788917239591,고득점 중학영어듣기 모의고사 20+2 Level 2 - 실전모의고사 20회 + 고난도 실전모의고사 2회
9788965426127,hackersreadingpathmasterlevel2apathtoreadingskillmastery,IH-ALADIN-9788965426127,Hackers Reading Path Master Level 2 - A Path to Reading Skill Mastery
9788952115591,예이츠서정시전집1아일랜드,IH-ALADIN-9788952115591,예이츠 서정시 전집 1 : 아일랜드
9791125343301,nelt문법실전모의고사level5,IH-ALADIN-9791125343301,NELT 문법 실전 모의고사 LEVEL 5
9791165970796,highssac단락독해개념편단락의이해를통한독해력다지기,IH-ALADIN-9791165970796,High Ssac 단락 독해 개념편 (2024년용) - 단락의 이해를 통한 독해력 다지기
9791125331445,초등영어리딩이된다basic14세트전4권,IH-ALADIN-9791125331445,초등영어 리딩이 된다 Basic 1~4 세트 - 전4권
9791174100313,내신콘서트중학영어기출문제집2학기중간고사중3천재정사열,IH-ALADIN-9791174100313,내신콘서트 중학영어 기출문제집 2학기 중간고사 중3 천재 정사열 (2026년용)
9791176492416,2027박문각공무원진가영영어단판승단기합격voca공무원9급영어시험대비어휘집,IH-ALADIN-9791176492416,2027 박문각 공무원 진가영 영어 단판승 단기합격 VOCA - 공무원 9급 영어 시험 대비 어휘집
9791165758806,100발100중기출문제집최종점검2학기전과정중3영어ybm송미정,IH-ALADIN-9791165758806,100발 100중 기출문제집 최종점검 2학기 전과정 중3 영어 YBM 송미정 (2026년용)
9788926139561,listeningcomplete1,IH-ALADIN-9788926139561,Listening Complete 1
9791192439358,교과서뜯어먹기중32동아윤정미2015개정교육과정,IH-ALADIN-9791192439358,교과서 뜯어먹기 중3-2 동아 윤정미 (2026년용) - 2015 개정 교육과정
9791133723249,적중100영어알리오올리오2학기전과정중1천재소영순2022개정교육과정,IH-ALADIN-9791133723249,적중100 영어 알리오올리오 2학기 전과정 중1 천재 소영순 (2026년용) - 2022 개정 교육과정
9788992334136,똑똑한영어일기book2,IH-ALADIN-9788992334136,똑똑한 영어일기 Book 2
9791188507610,모의고사유형별모음집220제고2영어12부,IH-ALADIN-9791188507610,"모의고사 유형별 모음집 220제 고2 영어 : 1,2부 (2026년용) (스프링)"
9791166372414,readingnotestarterworkbookappqr정답및해설단어장,IH-ALADIN-9791166372414,Reading Note Starter (Student Book) - Workbook + App QR + 정답 및 해설 + 단어장
9791188507658,모의고사유형별모음집220제고2영어34부,IH-ALADIN-9791188507658,"모의고사 유형별 모음집 220제 고2 영어 : 3,4부 (2026년용) (스프링)"
9788983967176,theremainsoftheday,IH-ALADIN-9788983967176,"The Remains Of The Day (영어 원문, 한글 각주)"
9791174100276,내신콘서트중학영어기출문제집2학기중간고사중3비상김진완,IH-ALADIN-9791174100276,내신콘서트 중학영어 기출문제집 2학기 중간고사 중3 비상 김진완 (2026년용)
9791167430021,2022공무원덩허접영어완전기초편,IH-ALADIN-9791167430021,2022 공무원 덩허접 영어 완전기초편
9791124281758,최강final실전봉투모의고사영어영역3회분ebs완벽분석,IH-ALADIN-9791124281758,최강 FINAL 실전 봉투모의고사 영어영역 3회분 (2026년) - EBS 완벽분석
9788927790976,speakingpro22ndedition,IH-ALADIN-9788927790976,Speaking Pro 2 - 2nd Edition
9791162733431,brickssuperbuddieslevel2,IH-ALADIN-9791162733431,Bricks Super Buddies Level 2 (Student Book)
9788983966384,nineteeneightyfour,IH-ALADIN-9788983966384,"Nineteen Eighty-Four (영어 원문, 한글 각주)"
9791175854888,9월학력평가모의고사기말고사대비3개년고1영어2022개정교육과정,IH-ALADIN-9791175854888,9월 학력평가 모의고사 & 기말고사 대비 3개년 고1 영어 (2026년) - 2022 개정 교육과정
9791175854895,9월학력평가모의고사기말고사대비4개년고1영어2022개정교육과정,IH-ALADIN-9791175854895,9월 학력평가 모의고사 & 기말고사 대비 4개년 고1 영어 (2026년) - 2022 개정 교육과정
9791175854901,9월학력평가모의고사기말고사대비5개년고1영어2022개정교육과정,IH-ALADIN-9791175854901,9월 학력평가 모의고사 & 기말고사 대비 5개년 고1 영어 (2026년) - 2022 개정 교육과정
9791175854918,9월학력평가모의고사기말고사대비6개년고1영어2022개정교육과정,IH-ALADIN-9791175854918,9월 학력평가 모의고사 & 기말고사 대비 6개년 고1 영어 (2026년) - 2022 개정 교육과정
9791175855366,9월학력평가모의고사기말고사대비6개년고2영어2022개정교육과정,IH-ALADIN-9791175855366,9월 학력평가 모의고사 & 기말고사 대비 6개년 고2 영어 (2026년) - 2022 개정 교육과정
9791175854925,9월학력평가모의고사기말고사대비7개년고1영어2022개정교육과정,IH-ALADIN-9791175854925,9월 학력평가 모의고사 & 기말고사 대비 7개년 고1 영어 (2026년) - 2022 개정 교육과정
9791175855359,9월학력평가모의고사기말고사대비7개년고2영어2022개정교육과정,IH-ALADIN-9791175855359,9월 학력평가 모의고사 & 기말고사 대비 7개년 고2 영어 (2026년) - 2022 개정 교육과정
9791175855397,9월학력평가모의고사기말고사대비3개년고2영어2022개정교육과정반영,IH-ALADIN-9791175855397,9월 학력평가 모의고사 & 기말고사 대비 3개년 고2 영어 (2026년) - 2022 개정 교육과정 반영
9791175855380,9월학력평가모의고사기말고사대비4개년고2영어2022개정교육과정반영,IH-ALADIN-9791175855380,9월 학력평가 모의고사 & 기말고사 대비 4개년 고2 영어 (2026년) - 2022 개정 교육과정 반영
9791175855373,9월학력평가모의고사기말고사대비5개년고2영어2022개정교육과정반영,IH-ALADIN-9791175855373,9월 학력평가 모의고사 & 기말고사 대비 5개년 고2 영어 (2026년) - 2022 개정 교육과정 반영
9791176024907,2026학년도9월대비전국연합모의고사고1영어5개년2022개정교육과정학교시험과전국연합대비를위한,IH-ALADIN-9791176024907,"2026학년도 9월 대비 전국연합 모의고사 고1 영어 5개년 (2026년) - 2022 개정 교육과정, 학교시험과 전국연합 대비를 위한"
9791176025386,2026학년도9월대비전국연합모의고사고2영어5개년2022개정교육과정학교시험과전국연합대비를위한2022개정교육과정학교시험과전국연합대비를위한,IH-ALADIN-9791176025386,"2026학년도 9월 대비 전국연합 모의고사 고2 영어 5개년 (2026년) - 2022 개정 교육과정, 학교시험과 전국연합 대비를 위한2022 개정 교육과정, 학교시험과 전국연합 대비를 위한"
9791176026499,10월대비전국연합학력평가기출모의고사4개년12회고1영어2022개정교육과정반영,IH-ALADIN-9791176026499,10월 대비 전국연합 학력평가 기출 모의고사 4개년 12회 고1 영어 (2026년) - 2022 개정 교육과정 반영
9791175800861,xistory자이스토리영어문법이어법이되다기본,IH-ALADIN-9791175800861,Xistory 자이스토리 영어 문법이 어법이 되다 기본
9791176026963,10월대비전국연합학력평가기출모의고사3개년고2영어2022개정교육과정,IH-ALADIN-9791176026963,10월 대비 전국연합 학력평가 기출 모의고사 3개년 고2 영어 (2026년) - 2022 개정 교육과정
9791176026970,10월대비전국연합학력평가기출모의고사4개년고2영어2022개정교육과정,IH-ALADIN-9791176026970,10월 대비 전국연합 학력평가 기출 모의고사 4개년 고2 영어 (2026년) - 2022 개정 교육과정
9791176026482,10월대비전국연합학력평가기출모의고사3개년고1영어2022개정교육과정반영,IH-ALADIN-9791176026482,10월 대비 전국연합 학력평가 기출 모의고사 3개년 고1 영어 (2026년) - 2022 개정 교육과정 반영
9791112227188,분당판교에센셜로드맵22stage22,IH-ALADIN-9791112227188,분당 판교 에센셜 로드맵 2-2 (컬러) - STAGE 2-2
9791133723775,적중100영어알리오올리오2학기전과정중2능률김기택2022개정교육과정,IH-ALADIN-9791133723775,적중100 영어 알리오올리오 2학기 전과정 중2 능률 김기택 (2026년) - 2022 개정 교육과정
9791129711366,초끝문장학습글쓰기1단계초등12학년초등공부시작부터끝까지,IH-ALADIN-9791129711366,초끝 문장 학습+글쓰기 1단계 : 초등 1~2학년 - 초등 공부 시작부터 끝까지!
9791133722020,적중100plusred영어기출문제집레드중32능률김성곤2학기전과정,IH-ALADIN-9791133722020,적중 100 PLUS RED 영어 기출문제집 레드 중3-2 능률 김성곤 (2026년용) - 2학기 전과정
9791165759964,100발100중기출문제집최종점검1학기전과정중2영어동아윤정미2022개정교육과정,IH-ALADIN-9791165759964,100발 100중 기출문제집 최종점검 1학기 전과정 중2 영어 동아 윤정미 (2026년) - 2022 개정 교육과정
9791198447500,정식보카jungsikvoca2022개정교육과정반영고교필수영단어1500개수록,IH-ALADIN-9791198447500,"정식보카 JUNGSIK VOCA - 2022 개정 교육과정 반영, 고교필수 영단어 1500개 수록"
9791129713797,메가스터디n제고2영어235제2022개정교육과정내신학평완벽대비1등급필수문제집,IH-ALADIN-9791129713797,"메가스터디 N제 고2 영어 235제 (2026년) - 2022 개정 교육과정, 내신·학평 완벽 대비 1등급 필수 문제집"
9791189902162,2025공무원영어10분단축초스피드풀이비법공무원영어시험27분중10분단축,IH-ALADIN-9791189902162,2025 공무원영어 10분단축 초스피드 풀이비법 - 공무원 영어시험 27분 중 10분 단축
9791194613411,성정혜영어문법visualg이미지로완성하는공무원영어핵심이론제3판,IH-ALADIN-9791194613411,"성정혜 영어 문법 Visual G - 이미지로 완성하는 공무원 영어 핵심 이론, 제3판"
9788927708988,readingforsubject32ndedition,IH-ALADIN-9788927708988,Reading for Subject 3 - 2nd Edition
9788927708063,debateprojuniorbook4,IH-ALADIN-9788927708063,Debate Pro Junior Book 4 (본책 + 워크북 + MP3 다운로드)
9791163033653,영어동화100편세트전3권전세계어린이들이가장많이읽는원어민음원큐알코드제공,IH-ALADIN-9791163033653,"영어동화 100편 세트 - 전3권 - 전 세계　어린이들이 가장 많이 읽는, 원어민 음원 큐알코드 제공"
9788960493575,주니어영어낭독훈련picturetalk1사진보며말하기,IH-ALADIN-9788960493575,주니어 영어 낭독 훈련 Picture Talk 1 - 사진 보며 말하기
9791185254081,영어일기note영어일기를위한기초학습일기장,IH-ALADIN-9791185254081,영어일기 Note - 영어 일기를 위한 기초 학습 & 일기장
9788968061929,세이펜적용ohmyspeaking오마이스피킹6핵심문장패턴으로더욱쉬운영어말하기세이펜기능적용세이펜미포함,IH-ALADIN-9788968061929,"[세이펜 적용] Oh! My Speaking 오! 마이 스피킹 6 - 핵심 문장 패턴으로 더욱 쉬운 영어 말하기!, 세이펜 기능 적용, 세이펜 미포함"
9788927701668,신비한사이트워드따라하면영어스토리가술술읽히는,IH-ALADIN-9788927701668,신비한 사이트 워드 - 따라하면 영어 스토리가 술술 읽히는
9788965427872,hackersreadingpathmasterlevel5apathtoreadingskillmastery,IH-ALADIN-9788965427872,Hackers Reading Path Master Level 5 - A Path to Reading Skill Mastery
9788959959907,academiclisteningbuilder1,IH-ALADIN-9788959959907,Academic Listening Builder 1 (교재 + MP3 CD 1개)
9788961980432,therunawayotter,IH-ALADIN-9788961980432,The Runaway Otter (책 + CD 1장)
9788961980234,seeds,IH-ALADIN-9788961980234,Seeds (책 + CD 1장)
9791165264079,중학매3영수능독해연습,IH-ENG-12761,중학 매3영 수능 독해 연습
9788959903092,숨마쿰라우데어법manual,IH-ALADIN-9788959903092,숨마쿰라우데 어법 Manual
9788974575274,미국교과서읽는리딩preschool예비과정편6유초등생용,IH-ALADIN-9788974575274,미국교과서 읽는 리딩 Preschool 예비과정편 6 (Student Book + Workbook) - 유.초등생용(예비과정)
9791175198661,2026박문각공무원진가영영어final봉투모의고사vol2공무원9급지방직시험대비영어실전동형모의고사,IH-ALADIN-9791175198661,2026 박문각 공무원 진가영 영어 FINAL 봉투모의고사 Vol.2 - 공무원 9급 지방직 시험대비 영어 실전동형 모의고사
9791125340362,수능유형픽pick듣기핵심만콕찍어주는수능유형기본서,IH-ALADIN-9791125340362,수능유형 픽 PICK 듣기 - 핵심만 콕 찍어주는 수능유형 기본서
9791125335061,천문장입문구문이독해로연결되는해석공식,IH-ALADIN-9791125335061,천문장 입문 - 구문이 독해로 연결되는 해석 공식
9791125342991,the상승수능유형편독해기본기에서수능실전대비까지,IH-ALADIN-9791125342991,The 상승 수능유형편 - 독해 기본기에서 수능 실전 대비까지
9788996692010,wordbugs워드벅스step1초등3학년,IH-ALADIN-9788996692010,Word Bugs 워드벅스 Step 1 - 초등 3학년
9788974576479,미국교과서읽는리스닝스피킹preschool예비과정편2유초등생용,IH-ALADIN-9788974576479,미국교과서 읽는 리스닝 & 스피킹 Preschool 예비과정편 2 (Student Book + Workbook + Audio QR code) - 유.초등생용
9791172628208,2026박문각공무원진가영영어단기합격voca공무원9급영어시험대비어휘집,IH-ALADIN-9791172628208,2026 박문각 공무원 진가영 영어 단기합격 VOCA(어휘) - 공무원 9급 영어 시험 대비 어휘집
9788926135204,중학생을위한영어듣기유형연습221,IH-ALADIN-9788926135204,중학생을 위한 영어듣기 유형연습 22 1
9788974576486,미국교과서읽는리스닝스피킹preschool예비과정편3유초등생용,IH-ALADIN-9788974576486,미국교과서 읽는 리스닝 & 스피킹 Preschool 예비과정편 3 (Student Book + Workbook) - 유.초등생용
9788996692027,wordbugs워드벅스step2초등4학년,IH-ALADIN-9788996692027,Word Bugs 워드벅스 Step 2 - 초등 4학년
9791159704000,리스닝타파listeningtapalevel2유형으로격파하는중학듣기특강서,IH-ALADIN-9791159704000,리스닝 타파 Listening TAPA Level 2 - 유형으로 격파하는 중학 듣기 특강서
9791163033592,7살첫영어알파벳abc,IH-ALADIN-9791163033592,7살 첫 영어 : 알파벳 ABC
9791169665322,2026정재현공무원영어준킬러유형300제,IH-ALADIN-9791169665322,2026 정재현 공무원 영어 준킬러 유형 300제
9788994283364,쭉쭉읽어라중학입문2024개정직독직해의기적,IH-ALADIN-9788994283364,"쭉쭉 읽어라 중학 입문 - 2024 개정, 직독직해의 기적!"
9788968061882,세이펜적용ohmyspeaking오마이스피킹2핵심문장패턴으로더욱쉬운영어말하기세이펜기능적용세이펜미포함,IH-ALADIN-9788968061882,"[세이펜 적용] Oh! My Speaking 오! 마이 스피킹 2 - 핵심 문장 패턴으로 더욱 쉬운 영어 말하기!, 세이펜 기능 적용, 세이펜 미포함"
9788926148495,나는초등고학년영문법드릴이다41848제,IH-ALADIN-9788926148495,나는 초등고학년 영문법 드릴이다 4 - 1848제
9788954761543,ebs마이라이팅코치mywritingcoach내신서술형중2,IH-ALADIN-9788954761543,EBS 마이 라이팅 코치 My Writing Coach 내신서술형 중2 (2026년용)
9791159293962,초등학교영어31자습서평가문제집2022개정교육과정,IH-ALADIN-9791159293962,초등학교 영어 3-1 자습서+평가문제집 (2026년) - 2022 개정 교육과정
9788968061899,세이펜적용ohmyspeaking오마이스피킹3핵심문장패턴으로더욱쉬운영어말하기세이펜기능적용세이펜미포함,IH-ALADIN-9788968061899,"[세이펜 적용] Oh! My Speaking 오! 마이 스피킹 3 - 핵심 문장 패턴으로 더욱 쉬운 영어 말하기!, 세이펜 기능 적용, 세이펜 미포함"
9788964357347,그램그램영문법원정대22유나의고향에서location을물리쳐라,IH-ALADIN-9788964357347,그램그램 영문법 원정대 22 - 유나의 고향에서 Location을 물리쳐라!
9791165758455,100발100중기출문제집2학기중간고사중3영어ybm박준언,IH-ALADIN-9791165758455,100발 100중 기출문제집 2학기 중간고사 중3 영어 YBM 박준언 (2026년용)
9791165759292,100발100중기출문제집2학기기말고사중3영어천재이재영,IH-ALADIN-9791165759292,100발 100중 기출문제집 2학기 기말고사 중3 영어 천재 이재영 (2026년용)
9788927708056,debateprojuniorbook3,IH-ALADIN-9788927708056,Debate Pro Junior Book 3 (본책 + 워크북 + MP3 파일 다운로드)
9791165758707,100발100중기출문제집2학기중간고사중1영어ybm김은형2022개정교육과정,IH-ALADIN-9791165758707,100발 100중 기출문제집 2학기 중간고사 중1 영어 YBM 김은형 (2026년용) - 2022 개정 교육과정
9788961984898,wordmax53005고등심화필수900,IH-ALADIN-9788961984898,Word Max 5300 5 - 고등 심화 필수 900
9791169513562,alistgrammar중학기본,IH-ALADIN-9791169513562,A*list Grammar 중학 기본
9791193823699,2026기출변형실전모의고사9급공무원영어시험대비,IH-ALADIN-9791193823699,2026 기출 변형 실전모의고사 (기변모) - 9급공무원 영어 시험대비
9788927781134,allroundgrammarlevel3,IH-ALADIN-9788927781134,All-Round GRAMMAR LEVEL 3
9791191006308,listeninglive2501,IH-ALADIN-9791191006308,Listening Live 250 : 1
9791125343325,nelt문법실전모의고사level6,IH-ALADIN-9791125343325,NELT 문법 실전 모의고사 LEVEL 6
9791193823637,신경향공무원영어문제신영문5009급공무원영어,IH-ALADIN-9791193823637,신경향 공무원 영어 문제 신영문 500 - 9급 공무원 영어
9791194462217,thisisgrammar초급1newedition워크북수록,IH-ALADIN-9791194462217,"This is Grammar 초급 1 - New Edition, 워크북 수록"
9791125331452,초등영어리딩이된다jump14세트전4권,IH-ALADIN-9791125331452,초등영어 리딩이 된다 Jump 1~4 세트 - 전4권
9788927780830,절대어휘510053rdedition,IH-ALADIN-9788927780830,절대어휘 5100 5 (본책 + 워크북 + MP3 + 문제출제프로그램) - 3rd Edition
9791164065370,미국교과서readinglevel3세트전3권문제의차이가영어실력의차이통합사고논픽션리딩프로그램,IH-ALADIN-9791164065370,"미국교과서 READING Level 3 세트 - 전3권 - 문제의 차이가 영어실력의 차이, 통합사고 논픽션 리딩 프로그램"
9791164065363,미국교과서readinglevel2세트전3권문제의차이가영어실력의차이통합사고논픽션리딩프로그램,IH-ALADIN-9791164065363,"미국교과서 READING Level 2 세트 - 전3권 - 문제의 차이가 영어실력의 차이, 통합사고 논픽션 리딩 프로그램"
9791199046603,2025국가직지방직9급공무원시험영어모의고사12025년출제기조변경반영,IH-ALADIN-9791199046603,2025 국가직 지방직 9급 공무원 시험 영어 모의고사 1 - 2025년 출제 기조 변경 반영
9791164065356,미국교과서readinglevel1세트전3권문제의차이가영어실력의차이통합사고논픽션리딩프로그램,IH-ALADIN-9791164065356,"미국교과서 READING Level 1 세트 - 전3권 - 문제의 차이가 영어실력의 차이, 통합사고 논픽션 리딩 프로그램"
9791164066971,미국교과서readinglevel5세트전3권문제의차이가영어실력의차이통합사고논픽션리딩프로그램,IH-ALADIN-9791164066971,"미국교과서 READING Level 5 세트 - 전3권 - 문제의 차이가 영어 실력의 차이, 통합사고 논픽션 리딩 프로그램"
9788961981705,startlistening2forkids,IH-ALADIN-9788961981705,Start Listening 2 (Student Book + Workbook + QR코드 다운로드) - For Kids
9791156350286,소문난중학영숙어withcd웃다보면외워지는소문난영숙어장,IH-ALADIN-9791156350286,소문난 중학 영숙어 with CD - 웃다보면 외워지는 소문난 영숙어장
9791199046627,2025국가직지방직9급공무원시험영어모의고사2출제기조변경반영,IH-ALADIN-9791199046627,2025 국가직 지방직 9급 공무원 시험 영어 모의고사 2 - 출제 기조 변경 반영
9791192702674,highschoolenglishmedia고등미디어영어자습서2022개정교육과정,IH-ALADIN-9791192702674,High School English & Media 고등 미디어영어 자습서 - 2022 개정 교육과정
9791160021530,10일만에마스터하는공무원영문법,IH-ALADIN-9791160021530,10일 만에 마스터하는 공무원 영문법
9788954768092,ebseltbigcathowtheelephantgothistrunk,IH-ALADIN-9788954768092,EBS ELT Big Cat (Band 5) How the Elephant got his trunk
9788954768146,ebseltbigcatthestoryofskateboarding,IH-ALADIN-9788954768146,EBS ELT Big Cat (Band 6) The Story of Skateboarding
9788968847219,bumpupstarter3,IH-ALADIN-9788968847219,Bump Up! : Starter 3 (Student Book + Workbook + 오디오 CD 1장)
9791192480572,phonicsworks2알파벳단모음,IH-ALADIN-9791192480572,Phonics Works 2 - 알파벳&단모음
9788954768542,ebseltbigcatheroesshinoyandthechaoscrewband9fullpackage,IH-ALADIN-9788954768542,EBS ELT Big Cat Heroes Shinoy and the Chaos Crew Band 9 Full Package
9791124484081,전국연합모의고사고1유형별모음집순서배열문장삽입요약문완성330제원문제165제변형문제165제,IH-ALADIN-9791124484081,"전국연합 모의고사 고1 유형별 모음집 순서배열, 문장삽입, 요약문완성 330제 (스프링) - 원문제 165제 + 변형문제 165제"
9791124484067,전국연합모의고사고1유형별모음집빈칸추론296제원문제148지문변형변형문제148,IH-ALADIN-9791124484067,전국연합 모의고사 고1 유형별 모음집 빈칸추론 296제 (스프링) - 원문제 148 + 지문변형 변형문제 148
9791124484074,전국연합모의고사고1유형별모음집주장요지주제제목추론296제원문제148지문변형변형문제148,IH-ALADIN-9791124484074,"전국연합 모의고사 고1 유형별 모음집 주장, 요지, 주제, 제목추론 296제 (스프링) - 원문제 148 + 지문변형 변형문제 148"
9791167932563,2027조태정영어regrammar합격문법125,IH-ALADIN-9791167932563,2027 조태정 영어 #Re-Grammar(리그래머) 합격문법 125
9788954794756,ebs수능직전보강클리어봉투모의고사영어영역2026학년도수능대비9월모의평가분석및학습전략제공,IH-ALADIN-9788954794756,"EBS 수능 직전보강 클리어 봉투모의고사 영어영역 (2025년) - 2026학년도 수능 대비, 9월 모의평가 분석 및 학습 전략 제공"
9788964357460,bricks중학내신독해1권초등6중학1,IH-ALADIN-9788964357460,Bricks 중학 내신 독해 1권 - 초등6 ~ 중학1
9791133722914,적중100영어알리오올리오1학기전과정중1동아윤정미2022개정교육과정,IH-ALADIN-9791133722914,적중100 영어 알리오올리오 1학기 전과정 중1 동아 윤정미 (2026년용) - 2022 개정 교육과정
9788996796015,ebs초등영어ebs초목달alphabethuntsun1,IH-ALADIN-9788996796015,[EBS 초등영어] EBS 초목달 Alphabet Hunt : Sun 1
9788964357491,bricks중학내신독해4권중학1중학2,IH-ALADIN-9788964357491,Bricks 중학 내신 독해 4권 - 중학1 ~ 중학2
9791165758684,100발100중기출문제집2학기중간고사중1영어비상황종배,IH-ALADIN-9791165758684,100발 100중 기출문제집 2학기 중간고사 중1 영어 비상 황종배 (2026년용)
9788954761581,ebs마이그래머코치mygrammarcoach내신기출n제중3중학내신영문법의결정판,IH-ALADIN-9788954761581,EBS 마이 그래머 코치 My Grammar Coach 내신기출 N제 중3 (2025년용) - 중학 내신 영문법의 결정판
9788934942764,grammarstar그래머스타기본편level1초등영문법교재문법의시작,IH-ALADIN-9788934942764,Grammar Star 그래머 스타 기본편 Level 1 - 초등 영문법 교재 / 문법의 시작
9791125966180,똑똑한하루reading3a5학년영어매일쌓이는영어기초력,IH-ALADIN-9791125966180,똑똑한 하루 Reading 3A : 5학년 영어 - 매일 쌓이는 영어 기초력
9788920925894,미국문학사,IH-ALADIN-9788920925894,미국문학사 (워크북 포함)
9791125340478,juniorlisteningexpertlevel4앞서가는듣기학습자를위한원서듣기교재,IH-ALADIN-9791125340478,Junior Listening Expert Level 4 - 앞서가는 듣기 학습자를 위한 원서 듣기 교재
9788967051693,워드브릿지3600step3발전편특목고대비어휘정복3600프로젝트,IH-ALADIN-9788967051693,워드 브릿지 3600 Step 3 발전편 - 특목고 대비 어휘정복 3600 프로젝트
9791188228249,longmanvocabularymentorjoystart1,IH-ALADIN-9791188228249,Longman Vocabulary Mentor Joy Start 1 (책 + QR코드)
9788959391417,vocatouchlevel3,IH-ALADIN-9788959391417,VOCA Touch Level 3
9788966530939,powervoca중급1,IH-ALADIN-9788966530939,Power Voca 중급 1
9788959391349,vocatouchlevel4,IH-ALADIN-9788959391349,VOCA Touch Level 4
9791125966319,똑똑한하루grammar3b5학년영어매일매일쌓이는영어기초력,IH-ALADIN-9791125966319,똑똑한 하루 Grammar 3B : 5학년 영어 - 매일매일 쌓이는 영어 기초력
9788965427551,hackersdiveintoreadinglevel3withworkbookdeepdiveintoreadingadventures,IH-ALADIN-9788965427551,Hackers Dive into Reading (해커스 다이브 인투 리딩) Level 3 : with workbook - Deep Dive into Reading Adventures
9788917239362,writenow2,IH-ALADIN-9788917239362,Write Now 2
9791192199580,사이먼미국교과서200세계최고의주니어영어교재,IH-ALADIN-9791192199580,사이먼 미국교과서 200 - 세계 최고의 주니어 영어교재
9788959959235,listentothemax3,IH-ALADIN-9788959959235,Listen to the MAX 3
9791165758486,100발100중기출문제집2학기중간고사중3영어능률양현권,IH-ALADIN-9791165758486,100발 100중 기출문제집 2학기 중간고사 중3 영어 능률 양현권 (2026년용)
9788900490374,ebsfmradiostartenglish20268영어말하기의첫걸음,IH-ALADIN-9788900490374,EBS FM Radio Start English 2026.8 - 영어 말하기의 첫걸음!
9788994283098,londonreading1한국초딩런던가다,IH-ALADIN-9788994283098,London Reading 1 - 한국 초딩 런던 가다
9788959952175,listeningtop3,IH-ALADIN-9788959952175,Listening TOP 3
9791133722075,적중100plusred영어기출문제집레드중32시사박준언2학기전과정,IH-ALADIN-9791133722075,적중 100 PLUS RED 영어 기출문제집 레드 중3-2 시사 박준언 (2026년용) - 2학기 전과정
9791124612248,머리쏙초등첫영단어1,IH-ALADIN-9791124612248,머리쏙! 초등 첫 영단어 1
9791124612255,머리쏙초등첫영단어2,IH-ALADIN-9791124612255,머리쏙! 초등 첫 영단어 2
9791161652061,thisisvocabulary고급영미발음mp3무료다운로드모바일보카테스트제공최신개정판,IH-ALADIN-9791161652061,"This is Vocabulary 고급 - 영/미 발음 MP3 무료 다운로드, 모바일 보카 테스트 제공, 최신개정판"
9791165757748,100발100중기출문제집최종점검1학기전과정중1영어ybm박준언,IH-ALADIN-9791165757748,100발 100중 기출문제집 최종점검 1학기 전과정 중1 영어 YBM 박준언 (2026년용)
9788917239669,문제로풀자중학영문법level2,IH-ALADIN-9788917239669,문제로 풀자 중학영문법 LEVEL 2
9791164065448,미국교과서readinglevel31문제의차이가영어실력의차이통합사고논픽션리딩프로그램,IH-ALADIN-9791164065448,"미국교과서 READING Level 3-1 - 문제의 차이가 영어실력의 차이, 통합사고 논픽션 리딩 프로그램"
9791188228355,longmanreadingmentorjoy1,IH-ALADIN-9791188228355,Longman Reading Mentor Joy 1 (최신개정판)
9788917238150,benchmarkreading53lexile공식인증초등리딩시리즈교재워크북qrmp3음원,IH-ALADIN-9788917238150,Benchmark Reading 5.3 - Lexile 공식 인증 초등 리딩 시리즈 / 교재 + 워크북 + QR MP3 음원
9791165759285,100발100중기출문제집2학기기말고사중3영어동아이병민,IH-ALADIN-9791165759285,100발 100중 기출문제집 2학기 기말고사 중3 영어 동아 이병민 (2026년용)
9791186317006,ebs초등영어ebs초목달phonicshunt2sun3,IH-ALADIN-9791186317006,[EBS 초등영어] EBS 초목달 Phonics Hunt 2 : SUN 3
9788920043222,영미단편소설,IH-ALADIN-9788920043222,영미단편소설
9788962103069,gogophonics4studentbookdoublelettersounds,IH-ALADIN-9788962103069,"Go, Go! Phonics 4 : Student Book - Double Letter Sounds"
9788917238921,benchmarkreading61lexile공식인증초등리딩시리즈교재워크북qrmp3음원,IH-ALADIN-9788917238921,Benchmark Reading 6.1 - Lexile 공식 인증 초등 리딩 시리즈 / 교재 + 워크북 + QR MP3 음원
9791125958956,똑똑한하루voca2b4학년영어,IH-ALADIN-9791125958956,똑똑한 하루 VOCA 2B - 4학년 영어
9791186317013,ebs초등영어ebs초목달phonicshunt3sun4,IH-ALADIN-9791186317013,[EBS 초등영어] EBS 초목달 Phonics Hunt 3 : SUN 4
9788966535521,기초탄탄grammar1,IH-ALADIN-9788966535521,기초탄탄 Grammar 1
9791186317020,ebs초등영어ebs초목달phonicshunt4sun5,IH-ALADIN-9791186317020,[EBS 초등영어] EBS 초목달 Phonics Hunt 4 : SUN 5
9788965617181,워드샵wordsharph3중2기본,IH-ALADIN-9788965617181,워드샵 Word Sharp H3 중2 기본
9788967908997,listening공감level2새교과서반영중등듣기시리즈공부감각,IH-ALADIN-9788967908997,Listening 공감 Level 2 - 새 교과서 반영 중등 듣기 시리즈 공부감각
9788965617211,워드샵wordsharph6중3실력,IH-ALADIN-9788965617211,워드샵 Word Sharp H6 중3 실력
9791165756833,100발100중voca수능실전,IH-ALADIN-9791165756833,100발 100중 VOCA 수능 실전
9791192199665,사이먼미국교과서1000세계최고의주니어영어교재,IH-ALADIN-9791192199665,사이먼 미국교과서 1000 - 세계 최고의 주니어 영어교재
9788961264006,수능만점대비ebs완벽분석최강실전마무리봉투모의고사영어영역3회분ebs수능특강변형문제완전분석및간접연계대비,IH-ALADIN-9788961264006,수능 만점대비 EBS 완벽분석 최강 실전 마무리 봉투 모의고사 영어영역 3회분 (2026년) - EBS 수능특강 변형문제 완전분석 및 간접연계 대비
9788983962744,dracula,IH-ALADIN-9788983962744,"Dracula (영어 원문, 한글 각주)"
9788983969026,apassagetoindiaenglishworldsclassicwithessaysincriticism,IH-ALADIN-9788983969026,"A Passage to India (영어 원문, 한글 각주) - English World's Classic with Essays in Criticism"
9791176492713,박문각공무원김세현영어vocaallinone공무원9급영어시험대비어휘집개정3판,IH-ALADIN-9791176492713,"박문각 공무원 김세현 영어 VOCA All In One - 공무원 9급 영어 시험 대비 어휘집, 개정3판"
9791159295577,초등학교영어62자습서평가문제집2022개정교육과정,IH-ALADIN-9791159295577,초등학교 영어 6-2 자습서+평가문제집 (2026년) - 2022 개정 교육과정
9788917244229,ets토익단기공략550문제집해설집실전모의고사mp3파일동영상강의기출어휘pdfapp모바일학습최신개정판,IH-ALADIN-9788917244229,"ETS 토익 단기 공략 550+ (LC + RC) - 문제집 + 해설집 + 실전 모의고사(별책) + MP3파일 + 동영상 강의 + 기출어휘 PDF + APP 모바일 학습, 최신 개정판"
9791165759520,100발100중기출문제집2학기기말고사중1영어천재소영순2022개정교육과정,IH-ALADIN-9791165759520,100발 100중 기출문제집 2학기 기말고사 중1 영어 천재 소영순 (2026년용) - 2022 개정 교육과정
9791171012633,영어회화패턴훈련2차임계점,IH-ENG-12957,영어 회화 패턴 훈련 2차 임계점
9791171584628,중학영어2학년2학기내신대비영문법동아,IH-ALADIN-9791171584628,중학영어 2학년 2학기 (중간 기말) 내신 대비 영문법 동아(윤정미)
9791186924808,기본을잡아주는중등영문법grammarjoy2a,IH-ALADIN-9791186924808,기본을 잡아주는 중등 영문법 Grammar Joy 2a (개정판)
9791125311225,thebasicway1readingskills2ndedition,IH-ALADIN-9791125311225,"The Basic Way 1 - Reading Skills, 2nd Edition"
9791157520138,thegrammarlevel1withworkbook,IH-ALADIN-9791157520138,The Grammar Level 1 - with Workbook
9788959904259,숨마주니어중학영문법manual1191119개대표문장으로끝내는,IH-ALADIN-9788959904259,숨마 주니어 중학 영문법 Manual 119 1 - 119개 대표 문장으로 끝내는
9791125311249,thebasicway3readingskills2ndedition,IH-ALADIN-9791125311249,"The Basic Way 3 - Reading Skills, 2nd Edition"
9788917238129,benchmarkreading43lexile공식인증초등리딩시리즈교재워크북qrmp3음원,IH-ALADIN-9788917238129,Benchmark Reading 4.3 - Lexile 공식 인증 초등 리딩 시리즈 / 교재 + 워크북 + QR MP3 음원
9788964357309,bricks중학영문법중32,IH-ALADIN-9788964357309,Bricks 중학 영문법 중3-2
9788964359631,bricksspeakingschool1,IH-ALADIN-9788964359631,Bricks Speaking School 1 (SB + AK)
9788956356372,handsonhistory4ageofimperialism,IH-ALADIN-9788956356372,Hands on History 4 : Age of Imperialism
9788965617150,베이직워드샵basicwordsharph6,IH-ALADIN-9788965617150,베이직 워드샵 Basic Word Sharp H 6
9791162733448,brickssuperbuddieslevel3,IH-ALADIN-9791162733448,Bricks Super Buddies Level 3 (Student Book)
9788927781196,readingvista5,IH-ALADIN-9788927781196,Reading VISTA 5
9791193882061,1등급영어독해유형별시리즈순서배열200제,IH-ALADIN-9791193882061,1등급 영어독해 유형별 시리즈 [순서배열 200제] (2026년용)
9791155093214,grammarnote2핵심문법이한눈에보이는진짜쉬운,IH-ALADIN-9791155093214,Grammar NOTE 2 (Student Book) - 핵심 문법이 한눈에 보이는 진짜 쉬운
9788964353783,그램그램영단어원정대1깨트려라프리픽스성을지키는접두사마법,IH-ALADIN-9788964353783,그램그램 영단어 원정대 1 - 깨트려라! 프리픽스 성을 지키는 접두사 마법
9791165989521,531프로젝트project영어수능어법s,IH-ALADIN-9791165989521,531 프로젝트 PROJECT 영어 수능어법 S (2026년용)
9788968984112,리얼오리지널전국연합수능기출3개년모의고사173회고3영어2027수능파이널모의고사pdf3회,IH-ALADIN-9788968984112,리얼 오리지널 전국연합 수능기출 3개년 모의고사 17+3회 고3 영어 (2026년) - 2027 수능 파이널 모의고사 PDF 3회
9791155818619,horriblesciencefatalforces처음만나는과학영어수업스콜라스틱윌북영어원서리딩프로젝트,IH-ALADIN-9791155818619,Horrible Science - Fatal Forces : 처음 만나는 과학 영어 수업 (물리) - 스콜라스틱×윌북 영어 원서 리딩 프로젝트
9791165971038,독해를싹level1with쓰기작문,IH-ALADIN-9791165971038,독해를 싹(리딩싹) LEVEL 1 with 쓰기+작문
9791164065400,미국교과서readinglevel13문제의차이가영어실력의차이통합사고논픽션리딩프로그램,IH-ALADIN-9791164065400,"미국교과서 READING Level 1-3 - 문제의 차이가 영어실력의 차이, 통합사고 논픽션 리딩 프로그램"
9791125966197,똑똑한하루reading3b5학년영어매일쌓이는영어기초력,IH-ALADIN-9791125966197,똑똑한 하루 Reading 3B : 5학년 영어 - 매일 쌓이는 영어 기초력
9791133722037,적중100plusred영어기출문제집레드중32미래최연희2학기전과정,IH-ALADIN-9791133722037,적중 100 PLUS RED 영어 기출문제집 레드 중3-2 미래 최연희 (2026년용) - 2학기 전과정
9788926156254,21일만따라하면voca된다1개정판,IH-ALADIN-9788926156254,21일만 따라하면 VOCA 된다 1 - 개정판
9788992197915,초등필수영단어34학년그림을보고듣고읽고쓰면저절로외워지는교육부권장필수단어,IH-ALADIN-9788992197915,초등 필수 영단어 3.4학년 - 그림을 보고 듣고 읽고 쓰면 저절로 외워지는 교육부 권장 필수 단어
9788962815948,wordsciencestep5중2실력편내신필수어휘정복7단계프로젝트,IH-ALADIN-9788962815948,Word Science Step 5 중2 실력편 - 내신 필수 어휘 정복 7단계 프로젝트
9788926156261,21일만따라하면voca된다2개정판,IH-ALADIN-9788926156261,21일만 따라하면 VOCA 된다 2 - 개정판
9788962800098,브릿지보카basic,IH-ALADIN-9788962800098,브릿지 보카 Basic
9788961985222,buildupforthetoefljuniortestetstoefljunior대비서,IH-ALADIN-9788961985222,Build Up for the TOEFL Junior test - ETS TOEFL Junior 대비서
9788927790914,ahagrammarstudentbook2처음문법일수록제대로2ndedition,IH-ALADIN-9788927790914,"Aha! Grammar Student Book 2 - 처음 문법일수록 제대로!, 2nd Edition"
9791125312642,showtimelevel1littleredridinghood,IH-ALADIN-9791125312642,Show Time Level 1 : Little Red Riding Hood
9788927790945,ahagrammarworkbook2처음문법일수록제대로2ndedition,IH-ALADIN-9788927790945,"Aha! Grammar Workbook 2 - 처음 문법일수록 제대로!, 2nd Edition"
9788955063356,대성당의살인,IH-ALADIN-9788955063356,대성당의 살인
9791127227166,pod한달에끝내는고등영단어,IH-ALADIN-9791127227166,[POD] 한 달에 끝내는 고등영단어